Feature1,Feature2,Class
4.528559987430301,2.272255417961838,0
-7.401661480993027,-4.960828293131487,0
4.877753992576968,1.7185616979268485,0
-7.54131706211759,-8.0206880827645,0
4.081648573830317,2.5859950056100534,0
-2.7581617715318236,9.985857079152677,0
1.7898487269109191,2.51775208473436,0
-3.019004316243633,9.048727139904162,0
-4.593310562551339,10.73898277795943,0
-7.111003148641309,-6.902787118763288,0
-5.756855950917928,-6.218924118459942,0
-6.237152744578651,-8.151653665402714,0
-2.533552215313733,11.156556486810185,0
-7.350166330680687,-8.292800745768577,0
-7.514429874618656,-6.4191509514186444,0
4.9199241789255055,-0.7013974442134088,0
-3.146584750359268,10.203302659305873,0
-6.659303899460352,-7.267193837750885,0
-2.439145459939569,10.176164430806512,0
-4.05200084129565,8.853655008672828,0
5.723461939338097,1.63970899075896,0
-7.006783220608001,-5.903611890503058,0
2.756895389556375,0.4495718732725653,0
6.2340567924321135,2.0767078378899075,0
5.7448760380325155,1.5956385353809068,0
4.1821942745490235,3.0198823977164957,0
5.00010487330553,2.51449097794901,0
-9.161289263571847,-7.991960299939976,0
-6.976376596481625,-7.308531323275982,0
-2.6775825455256026,8.688273632381472,0
4.784132358510141,2.303953490478968,0
5.610367295841481,0.7149050545734441,0
-3.987783868832592,10.15804017140525,0
-2.831877461894886,8.763453111743274,0
-1.1766461553876224,9.943218141730537,0
-6.725772962277771,-7.571322031067064,0
4.241433561238734,1.5265266371261257,0
-3.2783399728400484,8.074383027089457,0
-6.816609532252041,-6.356424851896782,0
4.494034403255911,1.0077734738078097,0
4.825971857104037,3.269426393688734,0
5.7728052235291365,4.0335923823854305,0
-1.5450417388807716,8.70884142575664,0
-9.429653482667616,-6.494084974567387,0
5.050262113014993,3.1878364640736345,0
4.188884819198792,2.267119071883894,0
-8.45297414075701,-6.728093815438167,0
-7.310727180676963,-6.1025598277518185,0
-3.796361191637,7.61716794308533,0
-5.508528377239348,-6.862139678259476,0
-6.797982482133016,-6.485565558959272,0
5.9139424197442505,-0.5793704680800178,0
-7.22093170581133,-7.133819328342345,0
-0.660241528107405,10.140851157746079,0
-7.3269901403124855,-6.028094558367452,0
0.5696831854024875,10.133861039632897,0
3.042259107059645,3.4633072060405734,0
-5.384896183881966,-8.23931086193927,0
-5.887980812890468,-6.279056658201843,0
-6.023891870290429,-7.3550662977973245,0
-2.688448648409662,8.90428062949727,0
4.446269325192593,2.717756082413862,0
-2.7481297222224446,8.647461716383633,0
-7.14049799239716,-5.195939186935314,0
-7.401582756627167,-7.627212346943013,0
-7.463856284343356,-3.839422639116506,0
4.278648643313728,2.095660609315187,0
7.009166137039598,3.368603766139917,0
-7.129399803191653,-6.351570391444545,0
3.1675247747173234,2.7071201623049705,0
2.7270274828802723,3.750464451971186,0
4.566771534219163,1.1823987648553782,0
3.8891585017352885,2.765880701674397,0
-4.212580062407905,8.958738429301702,0
-3.888516851067277,8.283356088256403,0
-2.186029908867969,8.866683541899652,0
-2.3622623246660623,8.49215455817833,0
-2.4744838743001885,7.045781914760267,0
-2.363361152837366,9.59958556471466,0
4.885170578865036,0.7306688470213447,0
-2.1154003248364988,7.0866135488527116,0
-6.583331825647602,-6.78537111744304,0
3.760161474843545,1.7989026494738063,0
-6.795617000226919,-7.669356188162144,0
4.696389484693658,1.8482480886171666,0
4.809571994199385,2.455137510993624,0
-1.6685540740640261,8.361662148895931,0
-1.6956804056830803,7.7834218117643665,0
-1.551892800459219,8.908195492856901,0
-9.340063013247475,-7.020287523101291,0
-7.3745390644511195,-5.916158342221235,0
5.325769292666021,1.710936114557876,0
5.298021872230665,1.5778861359245513,0
-2.5468323254775984,10.117588010214844,0
-2.734050678847602,8.085494046745863,0
-5.797248479827827,-5.264127913358017,0
-8.009743823520218,-7.105457726988955,0
-2.6882909080689066,9.410105909294245,0
-5.7565467918106314,-6.959174612763319,0
4.244811930100892,1.8969820726497144,0
6.135337081471058,1.688544179687053,0
-8.759094155097436,-8.677101240555348,0
-5.973283955754118,-6.669474148060888,0
3.9506022130757135,1.2881735338143394,0
-5.340779900681926,-5.968847310238123,0
-6.993224118786018,-7.891106553351953,0
-6.025309851977487,-5.588361742543316,0
-7.599099575489207,-7.505217013969599,0
-2.120619018521786,11.507285645631113,0
-3.110904235282147,10.86656431270726,0
-1.271759488368611,8.556984473111532,0
-3.0951252963705054,9.34339290690845,0
-6.164018123178179,-7.273346002438792,0
-3.828166121355261,9.03439259506742,0
-2.9577404595806116,9.252841081972061,0
5.5341116107290365,1.2068471591593057,0
-6.775084945602054,-7.0247953540182895,0
-8.197719226946775,-6.270297073401194,0
-3.123520767149045,8.304497135964786,0
-6.77202375492832,-7.488701398845225,0
3.4705635711416325,1.823021851923293,0
4.746384237647288,1.4304728100381183,0
-5.801200996678324,-7.877867375935302,0
-2.036159340892535,8.368714056162926,0
-6.458654408619803,-6.896059320252717,0
3.163616292226322,3.7787441166275473,0
4.45729395781566,1.4185764435081802,0
-7.6075770586255835,-7.23503094697518,0
-3.0788965859784816,8.656458194757054,0
5.243592076772297,3.37467003049289,0
-1.5339999932703203,9.515380298138167,0
-2.5147936418817967,9.683027783790834,0
-6.733616581375543,-7.308254924268751,0
-3.6366937220057887,10.142195121451891,0
-6.33676347079305,-6.90751188414245,0
5.265810932201004,3.3430379073026426,0
-2.5004139681546023,8.776602811237337,0
-7.448455778707861,-7.8045181615059445,0
-7.050798386392805,-6.70940411052144,0
-2.8728098352666063,8.957340504477255,0
-6.87135269680895,-7.652344614617489,0
4.67035525014873,1.075916677779475,0
-6.095457017426794,-6.851237113101479,0
4.62365571863216,3.1300034649777206,0
-1.842927951009227,9.592264651837878,0
5.667029872121253,2.7815292336064403,0
-2.571837200379985,9.257409586711214,0
4.023103474708393,0.6251738995735632,0
-2.138985733111009,9.59860029463363,0
-2.602833811791921,10.340082775740512,0
-6.433918051015903,-8.680880295198582,0
4.985996165025824,2.4651839645076308,0
-0.8092402484763697,10.085829280433208,0
-5.3156658542915665,-7.710344226943231,0
-2.0123240325451532,10.084057583182172,0
-6.313569732319203,-7.3635935016797625,0
-7.7636170900732715,-7.100319122910024,0
-7.38789233723459,-7.627894697641929,0
3.1582980646767336,0.6336999089829758,0
-2.0510295082640515,8.034564903481515,0
4.215402918636322,1.470583170035047,0
-2.9736018853621378,9.476347021450218,0
-2.8222556535759047,9.013577533621676,0
5.218940408922772,2.4402606279343066,0
-1.556060989139505,9.301410293400146,0
-3.037814304802507,9.600650146953415,0
-1.1327011730332124,9.327418268211478,0
-1.2879026773676021,9.148244508778557,0
-4.235004351843347,8.336721475862667,0
5.393296309649195,2.0729959990405,0
-6.40112745935538,-6.341146520620224,0
-7.453561824225471,-6.870819524969252,0
-1.281528630579458,7.804645109507116,0
5.012527022708157,2.1396628110558567,0
-1.4878143276233518,11.102728901068247,0
2.272401182854823,2.3269403148321217,0
3.3627942738969825,0.889981237274682,0
-2.230113764707565,9.305849804880294,0
4.738893285715359,1.4507549555632226,0
3.4540639252131564,1.6484277488587582,0
-2.93849984757001,8.321865148324466,0
-2.5493555736970936,7.583511026080274,0
3.5246322998512873,1.6948594280641558,0
-7.3556371911721214,-6.97790459036015,0
-6.667834770965486,-6.846171708140983,0
-6.943937641270516,-8.092850208150752,0
-7.339102623103914,-5.997184787689195,0
-2.938442043351412,9.602839397969042,0
4.263950590756745,2.2343542252203608,0
6.488541905194651,0.6655271028472916,0
5.650258149511365,1.527412224143883,0
0.1351457239642846,7.511315799803168,0
-8.056325376922176,-6.251024184261946,0
-7.9104523178707185,-7.444981087482859,0
-1.4797845220974242,9.810988055269064,0
6.1354505727105275,3.251604641906447,0
5.709162542623284,1.764964425950766,0
-3.309236187450397,8.950761553582966,0
-3.326880019657884,7.880455771391968,0
5.072231550428441,1.2559877832182607,0
-1.0435488541311961,8.788509827711787,0
-7.26661203002943,-5.989701588089106,0
-5.759497784820226,-6.6874296634264745,0
4.349437354216952,2.4173148550279895,0
3.8866750546371307,1.8595775222387674,0
-2.6693304186193907,9.685626204648788,0
4.68018653555835,2.8680997455062927,0
-3.521301998312918,7.359429456332553,0
-1.4440256573383636,10.4669028736845,0
-3.038957826819789,9.527553561311677,0
4.583982369614506,1.8945788879719125,0
-7.555678279439857,-6.16744756114894,0
-3.5304304401834634,9.722642575497675,0
6.0230144830062535,1.293017318188912,0
-7.6457076472982,-7.48924568213351,0
-6.396697245973684,-6.2480863696589255,0
-6.841663462940635,-6.73605736174945,0
-7.533969062206373,-6.293594435657947,0
-1.5856890070053815,7.96366280637052,0
-3.5902609506526475,9.630221735142586,0
4.072070994043996,2.485713312340134,0
-2.026948670372093,7.776623705871024,0
5.6406993339965155,1.1914976115938445,0
-4.376389386081781,-6.855629923424035,0
-4.395483110405934,-5.687632190768375,0
-5.88167286900872,-7.283424360597654,0
-6.53518224680069,-5.698887959055345,0
-7.399301669354905,-9.458402443416476,0
3.9533400830743326,3.136545739104282,0
4.093330539991626,1.8755489881666558,0
-5.336739085612152,-8.111088090081207,0
-6.690956743641271,-5.941080435776801,0
-5.3919387447477565,-6.318398565357503,0
2.9297037348363073,3.0103411564727365,0
-5.96655638522241,-6.85309903897404,0
-7.607092897384942,-8.10052380408703,0
3.7175275071661833,1.1537828534419412,0
-6.622045441940833,-8.180844663663283,0
-6.029622923181677,-6.2781733561727044,0
5.31917265621045,1.26303307710335,0
-6.773082514716896,-6.2451467196633965,0
-3.495001431720577,8.730131030269524,0
-2.951046550293574,9.12517251102674,0
6.41536968546815,0.4939736655829654,0
6.125356205500651,-0.07426750183001829,0
-6.182444570358417,-7.987292863157707,0
3.6696075103198624,0.6203037949766932,0
5.992679371124827,1.5065956127379554,0
4.716957447609595,3.0288639328238816,0
5.201452306799206,1.774500550117829,0
-6.2097591532464484,-7.8240946086238345,0
2.248800270944142,0.9533683502461383,0
4.003033621957712,2.7141866352771813,0
-2.851885217133099,8.64284526220253,0
-2.424679147237423,8.300701458291146,0
-8.207978982664137,-6.7144944681792245,0
-6.683354852710407,-5.56756039893572,0
4.107042567448177,1.15390321975136,0
-6.347511056964889,-5.664236031076966,0
-5.719544678752657,-5.518348679935723,0
4.010679229257778,0.5334643873226965,0
-5.293948018050511,-5.924171533097636,0
-5.340270668550577,-6.443091971202528,0
-2.7316725198310157,11.06114832391788,0
4.6356769208369455,3.678532040453816,0
-5.520677239884154,-7.4084404823863705,0
-5.404173060108976,-8.326866699604413,0
3.8189999138184145,1.5463654890054743,0
4.901895410586577,2.9065926384165963,0
-2.055688910498283,8.031992093943643,0
-7.202371743874613,-6.173213302357435,0
2.243796547897685,1.2941893374776,0
5.204377040275599,0.8114183837643207,0
-6.017569600604725,-6.991628489781739,0
4.617442784247528,1.9152191421780145,0
-3.451257806626995,8.466290309457184,0
4.975954248733448,2.473282513561599,0
-3.092796949398755,10.052664979217639,0
4.315969983012179,2.185048862769616,0
-2.7525816024277683,8.714447931923441,0
-0.017013624452063336,8.739164699943275,0
-2.837092339565668,9.169476812057301,0
-7.2318076392708575,-6.950629146003366,0
-6.721077537991627,-5.704655580936812,0
-2.2451775417190802,10.286639628305089,0
-3.8014603181583686,9.703993933443517,0
3.926686531861969,2.1994738916858663,0
-2.253027017358472,10.207597134125447,0
-6.749084898722912,-6.665244883812082,0
4.717242566512198,2.8624331086997077,0
-7.920632409435057,-6.296676024119981,0
-0.8046055297553731,7.906173669939452,0
-2.6254266661747083,9.228999311368847,0
-7.420921680289699,-7.1082142777274635,0
4.2094511374273855,3.9816426949224315,0
-2.5732753872014666,9.550577037715511,0
-6.431046311899423,-5.322430321453704,0
5.2589620056161115,1.5976607033012324,0
4.9742058907816045,1.6831883295040921,0
-8.548256617652056,-7.325250105907289,0
4.203363972962558,3.044850057831322,0
4.351816037876823,2.4041926419516253,0
-5.88024624475848,-7.00423796809365,0
-2.996831044007713,7.578032263270204,0
-2.070721884243023,9.03390278589231,0
-7.90972226764076,-6.733477005629772,0
-1.7868162652249788,8.641452976106555,0
-3.9796871742840008,7.751516352499758,0
-8.260198208598267,-7.112708831711433,0
-7.2178139081337385,-7.4561347637526145,0
-2.684576078951441,9.505791775445106,0
-8.09333939012452,-6.016504086389659,0
-7.6045413449167665,-6.173154583355404,0
6.076308355786968,1.2692533585251875,0
-2.6924983325789476,8.994491783677613,0
5.643244728957247,2.5216329574813026,0
-6.55279498166775,-6.014750884225877,0
-7.75055046102128,-7.624865750060335,0
-7.461894253660047,-7.3420851912472305,0
-6.199340025433513,-8.038043293007252,0
-2.324487148271667,9.952201665708976,0
-2.2985967837551082,8.525810048087962,0
-1.9714294326842663,9.320675610271735,0
6.535027448337071,1.7100084118809054,0
-6.757072034200498,-7.395743627356274,0
-6.967435542786124,-4.800952894809143,0
-7.0795571142696865,-6.137206287842348,0
-1.3297575023314632,8.545110476093617,0
-1.5587737848667,8.43738247253592,0
5.709326224352291,1.9690270989965775,0
-7.611260456338512,-6.686187646794411,0
-6.007536995617486,-7.046351665596777,0
6.592986034500676,2.6601263160394093,0
-2.9900314125647296,9.71045412535761,0
4.31115402326181,0.5663591393358602,0
3.385856183799585,0.9742333076951407,0
-3.489123197834995,7.056947539064332,0
5.002874539660789,0.7995392913939341,0
-5.581686997616138,-6.234026352064093,0
-7.39759449036778,-8.66585087522221,0
4.159716553035057,2.0033103452559096,0
-2.5586613327051833,9.689105620364925,0
3.521355352016469,2.61602517790368,0
4.741667169935429,2.2795172178727547,0
-9.833450676551895,-7.403213900160443,0
-6.180177100544729,-5.7213547587660765,0
-2.0618036859837745,8.513052020408109,0
4.189138558925349,-0.02853631778480148,0
-0.6358998468352046,10.094334193912971,0
-4.125910998000764,8.784903796342855,0
3.9997243793934896,3.4569135941444387,0
4.213279199942065,1.8484515257042462,0
-4.125084410463223,9.31393381603567,0
-6.799838759718947,-6.553257187015013,0
-8.146166020096242,-5.712818875892166,0
-2.6248459054409907,8.713182432609033,0
4.530014713126166,1.7890828169248125,0
-2.255457961558177,9.481979299963754,0
4.7087849693490735,1.8405656057002353,0
-7.028940613022945,-9.44622897920836,0
3.8673367243858654,1.9152056842724294,0
-6.239571110118352,-5.191952540373156,0
3.673907911616565,1.161000212214402,0
3.938629291824025,2.949308374007653,0
4.009420382042624,3.610252091933474,0
-7.743799270325235,-6.8674551291272925,0
-5.716637595473932,-7.033190097757349,0
-6.780803146134838,-7.667867850896386,0
-6.675626810073578,-6.2029596191426535,0
-3.0201867932484774,6.460736532142423,0
5.279905454612431,2.329582267475108,0
5.359047502583539,3.7929414712533296,0
-2.1772172924837356,9.204785807977387,0
-1.9184532875424245,8.794172396943493,0
3.8792781718029623,2.54411067788293,0
-1.7638368989748745,9.107809624636932,0
6.187887057046794,1.3447269947853857,0
-8.882575605016463,-7.296901244414288,0
3.839585554620725,1.9552417156909332,0
-1.754464324984941,9.213710114185089,0
-5.293513059729959,-6.842025087556454,0
-5.928349802274739,-7.207924903515305,0
4.318126132237893,1.9406886480986374,0
-4.717478399281003,8.783699729674709,0
-6.740174725122073,-6.097643571401273,0
-6.5927633483319195,-5.554845990148558,0
-2.475478568151697,9.28287970924262,0
-5.966346573110986,-6.311757444733304,0
-3.268168321956095,8.035545291888555,0
-5.5577461989914685,-6.9271681340503335,0
-5.477417601648,-6.451855195759084,0
4.62783528326817,0.8524020332444824,0
-9.257197021078373,-6.179887681993657,0
-2.220028979144932,11.469586268109216,0
-6.744109188359475,-7.102857806427968,0
4.557365317316707,0.26796207616471523,0
3.660578605945466,2.1365300388565327,0
-3.107635203633797,8.047698237213007,0
3.7766891240612734,4.013303569937651,0
-0.44769404641635235,10.222652358791464,0
-4.086194105243747,8.21146168424748,0
6.0243837988791356,2.225203663875609,0
-6.345564234834319,-6.962699918692459,0
-2.370552439342666,7.928159829016912,0
3.649255612850844,1.62997811525402,0
5.938213326003519,0.885691515828364,0
4.048002769885009,3.247441942675102,0
-7.595171610909798,-6.342647506550745,0
-6.993209059382059,-8.327490926739037,0
-6.707207339059871,-6.633557497778629,0
-1.8744761544909803,10.123985970154544,0
-1.7496827355666422,8.722527495939785,0
-6.267000813814158,-6.962996577150812,0
-7.739065377946581,-5.463275511137144,0
-3.216823517874776,8.302112264022277,0
-6.737915400833761,-5.945391847447454,0
-5.595887757449862,-6.833231049972635,0
6.093719073349986,1.493205041228523,0
-6.700197669856337,-5.594350556765381,0
-6.868294812783536,-6.2040079796260335,0
-6.019476395278724,-7.538741674230977,0
-6.860423770185723,-8.397363453848051,0
-7.0231518605742265,-8.29534352414242,0
5.0750903645177035,1.231671434028007,0
-4.1926358152737,8.208416061702133,0
-5.748328140901524,-8.272622160414425,0
3.7631817506088083,2.6336296362922824,0
4.964637075761643,2.553737370976347,0
-1.96828910449176,9.890455295389554,0
-6.831954296528974,-8.526620979877888,0
-3.9530524391862922,6.718105175061083,0
-6.816443522343514,-6.638194608954448,0
-6.358623294546367,-6.476060426742977,0
-5.7173660805801125,-2.937778582469261,0
-7.613052357968509,-6.891115914904354,0
2.884373247523474,2.427074913382079,0
5.025589676759553,1.163279584851324,0
3.4837514690770695,0.8644047885357369,0
-0.35601516554119383,8.246938565310272,0
5.108410093133226,2.125439059748232,0
-2.5286172289404827,8.711106345364046,0
2.618876515351858,2.1431143949922147,0
-2.263114007736341,8.212006101058778,0
-3.6791144587630384,6.142023914916672,0
-4.002707401305893,6.890338545497657,0
-1.0818922587635338,8.59485137553977,0
-6.334368708125151,-5.993156985802775,0
3.256538059256491,2.874898381081006,0
-1.950870710531028,9.090291519610734,0
-3.1329665837485554,10.928317482065108,0
-3.0747739909267406,8.542970407047203,0
-1.4804286316292696,9.51597117336711,0
4.204021481246695,2.437490244767397,0
-6.787908241402905,-7.067952413339738,0
-1.0603775147150347,8.699204200289397,0
5.037275859687336,1.2257140299825198,0
-7.366449063669568,-7.5490060850051615,0
-7.309460014299123,-7.3666952629766,0
-6.7307405871975,-8.395224529525427,0
-3.152715853432893,9.94212625627956,0
-6.337122961486754,-5.621348353515878,0
-2.2751731686996024,8.765757510123873,0
-2.3133523679550687,8.03591335058329,0
4.173651444510989,0.9317167321659134,0
-6.92431359259146,-7.268854886947448,0
4.511001457539348,1.4640758786291626,0
2.978674431044179,3.5229882902690717,0
-2.6486438987337495,8.56409686334691,0
5.5651607289449325,2.1418210515509273,0
-3.3477834214999813,8.127605205914865,0
-6.961763854705317,-5.893347975793124,0
5.923959112770389,1.8029971525399482,0
-5.753109297465567,-7.853975746969203,0
-2.494924555216316,8.060346708801676,0
-7.597764849914,-7.495501919030824,0
-6.957736201264059,-7.407472930996056,0
-2.647653607036524,7.789987891908956,0
-6.535493486323205,-6.2565100662239335,0
3.2642447474417393,1.499524226289541,0
4.012786011455805,1.932252148745663,0
-5.193882999177308,-5.647381251207662,0
-6.055474827695631,-7.123590662908847,0
-7.00093586254085,-5.9520375866152575,0
-3.2940959361349904,9.66256656204218,0
-6.104691084042796,-4.860910340564683,0
5.955700676244325,2.6199136193593766,0
-0.536655446262942,7.6282981857993235,0
-1.9144432813874643,9.867701686978629,0
-3.7416288622167504,9.966748098734492,0
-6.744687660988021,-9.497222710707158,0
-2.496974074637581,7.8176205359139255,0
-6.142099127684732,-6.604860905707582,0
-3.6882374142125527,10.201965516659886,0
-1.471657678794851,8.504269729343575,0
-2.3896172546385968,8.041217187316766,0
-2.9637453417961943,8.795632850763285,0
-3.0653163698135306,8.8842258346447,0
-7.537802465288374,-4.781268362923507,0
4.519235802098266,1.6232843348177288,0
4.061765377512458,1.715161147743123,0
4.336993592429108,3.3192694784549897,0
-5.519887936114252,-6.455560993556277,0
-1.5472104339809092,8.777274158185694,0
-1.9715677201028705,9.442472376008897,0
4.467837476962629,3.411338885086434,0
-2.08370768981252,10.21153305184355,0
-7.018194814548681,-9.447545503014947,0
-9.215580809952705,-7.695420708064054,0
-6.84867910288344,-8.38518146752975,0
-6.548404431291393,-6.373306998723472,0
-7.869542504174819,-7.09059762381298,0
-2.0095125127498163,9.486288399117596,0
-6.864811181220765,-5.944615197397502,0
4.747892957207602,1.066521138786439,0
-5.046513042752821,-8.35919888137347,0
-2.8031645707169326,8.942686876340254,0
4.2406221902821395,2.880040218551017,0
-4.60553362200803,-5.939739904652649,0
3.3145974642756606,3.3192731078032125,0
-3.8107856058560814,7.161267645300752,0
-2.963992340430443,7.974479597171437,0
6.107254824555779,1.1765571143127533,0
-2.6818267573435848,9.652963268078622,0
1.398365010898981,2.2703297077489535,0
-7.00228229145889,-7.6986343989260115,0
-6.521072731261449,-7.288609111432153,0
-2.0218923860077553,10.086215993410118,0
-2.3305029062422746,10.243500912495373,0
4.615480268991945,0.5509400344345248,0
-6.476970209504109,-6.950569933741942,0
-2.426913633777326,10.079766503263674,0
-6.712833526620277,-4.89488305760459,0
-1.2315327272643253,8.422714739362492,0
-2.8715451805988526,9.756108422588449,0
-3.5743112861281228,8.709061423843654,0
-7.486950236622185,-6.452432822266017,0
-1.5218631064636483,8.938335104555799,0
-7.054338229081244,-8.12644988689682,0
-2.484978166379992,10.42650668361375,0
-5.946788298789033,-6.807749203367562,0
-3.111409683414531,9.483060384273346,0
-5.508664431021977,-9.282056537226492,0
-7.040912624812415,-5.507830679829372,0
-2.879780385453533,7.666239016258155,0
4.776625338876564,1.6491888332401548,0
5.8309695193742925,1.8263161626854312,0
-3.1323381494775147,8.458809009038067,0
-3.4495965395371035,8.453525221218461,0
7.2234524963946685,0.642943428299394,0
-7.016918259061637,-7.060212194627304,0
-7.816634172397378,-8.209514696601028,0
-7.820604452433987,-8.2684020247608,0
5.661514050055709,3.409537718184486,0
-6.6788029014767964,-7.838188972917307,0
-3.333711784580424,8.405696404958622,0
6.97289525448079,3.269097545514483,0
3.543003756844115,2.7952357619732595,0
-1.4249993790092075,9.224589168420318,0
4.651741515408886,0.9923816755271728,0
-6.225271500555053,-5.751152858092999,0
-5.935858406351948,-5.955531727413096,0
-1.2569139610961102,9.175585670861016,0
-2.161521139514414,8.52705756408477,0
-3.780149344145033,8.635706384985168,0
-4.3529912065334955,8.123968280178449,0
2.6415338690834753,1.2678529600248838,0
-3.035077298947954,9.192036234466354,0
3.551243993169063,4.774542673575711,0
-3.42551854212617,8.177365424402042,0
-2.659518083324622,8.687589915011957,0
-4.676317375893513,-6.247957963585174,0
-7.468963755736451,-6.645889179676387,0
-7.537585318816781,-8.191021600348106,0
-3.738747217505167,9.510985351434844,0
4.828509917796081,3.5812369311134606,0
4.435749067355385,5.09085081314878,0
-6.362351763789963,-6.250871412980706,0
-8.336900849350723,-5.15411159118161,0
-6.469475623437676,-7.918158174700607,0
-5.3262724920953755,-6.84031013915993,0
-6.343973139798796,-7.982194158052012,0
-1.670257122583138,8.397032941651398,0
-1.8796680388309395,8.209970368538329,0
-1.4388324628228204,10.286178550136977,0
-2.614165330616374,9.627076869781611,0
-6.130072153706141,-7.154221068656668,0
-7.361751475472739,-6.643462680603097,0
6.084222248208047,0.30076515812837945,0
6.123768989995863,1.5040389678132695,0
-3.4027926367718706,7.372906012596225,0
-1.48662719104311,11.454038534537595,0
-8.424536560744386,-9.139495851180133,0
2.845686969678665,3.0563148966014664,0
-4.644871837031445,12.152034661858316,0
-2.9202225595559232,10.03590911227136,0
3.7952015729348516,2.0349043604010286,0
-6.5442058706709005,-7.368886638189354,0
3.5225518272968666,1.9316785793633529,0
-7.458813332298201,-6.057267520059589,0
-8.387126107753021,-5.888255892768089,0
4.380940039649711,1.7853102829320124,0
-8.02783448312298,-5.041355092363833,0
-2.0585942101902113,7.144469788666157,0
-6.394033271107268,-7.751620187609104,0
-8.011132492503432,-6.864324819915296,0
-4.5276854874413885,9.159349874157703,0
4.791286226852879,1.680484224965455,0
-7.12144510368025,-5.956011464435157,0
-7.182401736276808,-6.219620610930249,0
-3.044532710068973,9.372739746407941,0
-5.861002681117459,-6.019011604269274,0
-3.6155325970587784,7.818079504117651,0
-2.099434827093253,8.153198218024752,0
-4.278247926792149,9.38103253609058,0
-5.138243535864564,-4.037515865265487,0
-2.1011447762159943,9.565083700471984,0
-1.5588900310791745,10.724899500780246,0
-7.347550913484517,-8.026659756983404,0
-3.1361646808405177,10.82673468619525,0
3.7397186083544387,1.5597209804689367,0
-4.671278926811399,-8.791075528868152,0
-7.582460004086711,-6.9743534368006985,0
3.880205818475548,2.6368160309735735,0
-1.031303578311234,8.496015909924674,0
-2.8563841181650127,9.785088348186292,0
4.05547785963207,4.425539596809456,0
-2.8879574596558433,11.096946450308119,0
-0.638232447680968,9.403900305569225,0
-6.7040849473161215,-6.004604543431537,0
-1.805757489913856,11.169214805581463,0
-6.035798416665646,-7.231444528731658,0
-3.8563239125824467,8.04267208968767,0
-1.3224630028754192,10.4506215339043,0
-7.931174749491431,-7.857863994317995,0
-2.7935822726592594,10.604868200816172,0
-1.9059501224813564,9.312444594188847,0
5.0803733323914395,1.8981426835439312,0
-2.042526641086669,10.5352923553577,0
-7.601927379104862,-7.458760647396402,0
5.619138580515064,1.7235141457218126,0
-2.488780455839832,7.548612270856227,0
5.253339001899938,1.9406657908830427,0
-8.075202519374715,-7.542626739582687,0
3.524752573564614,2.046389134253197,0
-6.958013890880663,-6.649568006425217,0
-2.56160207363022,10.718391644453813,0
5.449536366376343,2.2038814330156944,0
-5.940424339489223,-7.5513206684098355,0
-6.0872321517355354,-5.88559147724747,0
-8.59337076528051,-7.346965003675866,0
-2.844000610497252,7.220365015006358,0
-6.457658369717812,-7.70484357277831,0
-2.6367467434302845,10.525441058445669,0
5.8772486297917,1.7154451223544367,0
3.362442232382759,3.129751335534972,0
-2.2281883727709437,6.881690502043485,0
5.522275926018081,3.0006490272934236,0
-7.280800362898659,-6.021758360270557,0
3.393485337688939,0.8311836132480506,0
-3.150311883277395,11.838616719201369,0
-1.8568914714425198,7.382951017781249,0
-7.166709394266279,-7.921996525753315,0
-6.529977434003796,-6.679076089559376,0
3.758060337242682,1.3819540646983581,0
-2.1087162365464214,9.145351314414171,0
-6.281452588160703,-5.5809283406467625,0
-3.467976079239525,7.661777438757599,0
-6.9645937880394175,-8.212235358552594,0
-6.254337678609201,-6.849825956722983,0
4.9719602976449115,2.6192993599649035,0
4.902381727079935,1.189005825580899,0
-7.066598703968552,-8.284874814942947,0
5.446555238392464,-0.9699718815310012,0
5.043178440394925,0.14751168827612404,0
6.94551567359529,0.9575883042901869,0
-6.840164991847339,-7.939531000358003,0
-1.8499519546203451,9.95185626582488,0
-4.058158148106225,9.272262109419502,0
5.124613484197026,1.6713711905444792,0
-2.514757916700821,10.192798817996744,0
-9.032636629795391,-6.593008955874687,0
-1.822131827193834,10.480826987476924,0
-7.004083820865692,-6.012952704175761,0
4.757586254689059,0.30140841061256496,0
5.502633428180788,1.1430991888114952,0
-5.060550000955465,-6.412534680793789,0
-8.134028250878771,-7.545643460284626,0
4.009646762581662,0.40269463857276144,0
-6.733391912128909,-6.288820003982474,0
-1.6277900941291792,9.735421490743903,0
-7.429171781961315,-6.961097502678114,0
-2.734053604860829,8.364283547374862,0
-1.9225038215774755,8.539382471575797,0
4.556095736339037,4.227207792861851,0
-7.551846063703675,-5.624432067534846,0
-2.70006984260593,8.816090451818601,0
-3.089721072857473,9.60286453261893,0
-5.976949048452021,-6.556477120762969,0
3.8239693010795484,0.819463360310368,0
6.393073638293687,1.6080170707425188,0
0.42646027927502805,7.940958095975426,0
-7.080715126751638,-8.117062851718792,0
-6.055540610607006,-6.576955764899673,0
-7.380865148651348,-6.678222398984464,0
-1.3273065300927887,9.495194220947218,0
5.78324036643393,2.1580283380010967,0
-7.2699313402629695,-5.7826869058532395,0
-2.1566926546958705,8.443934761784641,0
-3.2276048886219475,9.909210505142763,0
-5.824572642208719,-7.214316591342396,0
-7.5406490726939825,-6.080863135758701,0
-3.067499376998781,7.914131895226626,0
-3.4079816713758784,7.683972502459332,0
-8.419252885357231,-8.074793061292498,0
-5.863770672158292,-8.347143544714665,0
5.163606601641955,2.5787136665263146,0
4.395850484056967,2.2678889368430335,0
3.1793779368096136,3.1644303655725645,0
5.912307219044697,2.1905755366677355,0
4.3168364674550945,1.6059326831414462,0
5.140796165313959,0.9908454116639561,0
-5.716646310759429,-7.499980663900499,0
-8.005498018296395,-5.272705043452517,0
-0.8419735115016131,10.53752474991058,0
-7.393836635514297,-5.880118588216336,0
-6.211064574814143,-8.328234368552815,0
7.2387017363026835,0.24910787307269655,0
-3.5828862819705027,9.095368671099145,0
5.726358959118484,2.4189295351578606,0
2.6980201768486953,1.9693655502699325,0
-6.470942428875862,-9.816310537054061,0
-2.5561182019319344,9.491326955421442,0
-1.9655974684583177,8.643671796112216,0
-2.9189988668462834,9.797644838722352,0
-4.178602904174122,9.557646320578257,0
-0.9187940544791116,8.445137929525787,0
4.928028877768356,2.332017756619651,0
5.729508359137263,1.6138843796343154,0
-1.2596927223465915,7.681508730718672,0
-3.281857068323574,9.844477940060932,0
-2.625963538847997,8.378728286793919,0
-2.6974589581390567,10.207399074049349,0
4.746061755668317,1.3353609910807962,0
-5.751624564949762,-5.719861461446328,0
-7.061288118337075,-7.127502533223383,0
-6.322909214517852,-6.267225521512763,0
3.8262142610905485,1.2035032749293435,0
-2.897374441593979,9.18470235057381,0
-1.3285567106006055,8.386972682247018,0
-7.626849023371755,-6.284100920289827,0
4.800528776581218,2.6354326661003515,0
-6.088473540787044,-6.423338815575487,0
-0.9937528147005026,9.396020297160831,0
-7.312911364779125,-5.949236304210255,0
-5.642476215672554,-5.567901599674415,0
-3.9049868252452353,9.605635369956723,0
-2.3486236420028854,9.017332148351736,0
-4.071743479939293,8.485233450852027,0
-6.5980437860654355,-7.061969659066109,0
4.156400701233724,1.9446805594303391,0
-7.503467439838531,-7.157068687503112,0
4.959937027721346,0.6577314180534699,0
-2.6495726819580865,9.321898796387519,0
-1.423302057221172,9.488984361078275,0
-2.292514504088464,8.710936060721187,0
-7.0680440380599965,-6.46444622073734,0
-8.262644999895745,-8.973287615667106,0
3.109599700298314,1.8507336941933346,0
-2.1993028436721156,7.7407005796017225,0
-2.9188842156822474,9.726608287778484,0
3.129332785858605,1.285385389115301,0
3.00307697191731,4.49654301534029,0
-6.076311148413441,-8.526350942382198,0
-6.510712062322075,-6.817002471783923,0
-2.470959628092722,7.565694713564778,0
-2.3360166972015683,9.399603507927159,0
5.6978395500668935,2.055014018470271,0
-2.113776637664712,8.05671717318311,0
4.216188119317425,1.4840135087565158,0
-1.3917988071502894,10.462785358091248,0
-5.718674500408708,-7.025338239114866,0
-6.896291324449214,-7.231062335414035,0
-2.7432174821597317,9.480644502644656,0
-1.8873876608355538,7.444061408307865,0
-3.5075830622410415,9.316078028017788,0
6.466525915540039,2.3906167183515317,0
4.84922769356279,1.928125565929808,0
-7.534072924702577,-6.25063309616147,0
-7.49925094584056,-6.127673392458467,0
-6.520891047154654,-5.09965684198354,0
-4.199998497251267,-7.4846234538357415,0
-3.2903540011838643,8.75448598743081,0
-7.631916012912738,-6.664563958265995,0
-2.1278880107879656,9.3259389842031,0
-8.152839965064668,-8.19790934538492,0
4.8324979838150375,1.8291697062390708,0
-6.237519432152657,-8.167488186411292,0
-2.0587018992747153,8.752527837977228,0
-6.738067924255476,-6.176953276856329,0
-6.123539310456264,-4.292838137430637,0
-2.277751700527178,9.660775665924092,0
-3.0319206435717896,10.06329535403521,0
-6.346000766334794,-8.334670998520672,0
-5.885625151644992,-6.8142610957100285,0
-2.9980837420964415,10.603226456642405,0
-0.8378500476152739,8.112910448301147,0
-4.02707136973356,8.657256927391712,0
-6.632293889468746,-7.180923723650789,0
-1.3164624576363357,7.756417972289434,0
3.0668895791552404,0.9206224920706216,0
-7.3260256899667855,-5.914536034482763,0
3.0526907665496474,1.7658535879324875,0
-6.386509663935265,-5.924248986750967,0
4.381114424355722,1.4761171971050497,0
-3.4324308691636545,7.662601522581988,0
-6.829200427011827,-5.617831702604274,0
-6.60116840170386,-4.668866642993385,0
-7.228093382513251,-5.8861068049071,0
6.16609479502438,2.7406787657580294,0
-2.71172185011758,8.485989081535342,0
-4.825531608227626,-6.420634534306938,0
4.204740088266067,0.6582910195363201,0
-2.6346518830556502,9.342165652357679,0
-1.8568747446393306,7.437893971214072,0
-3.4346222491123375,9.26966988387264,0
-1.8463163543853374,10.187759985683646,0
-7.770612633104701,-6.223303764766467,0
-1.838286374775875,9.618076648476215,0
4.1886600092842246,1.8423690902137764,0
-6.376537937814607,-6.605016116332193,0
4.839912623540429,1.906159642215511,0
-7.257496645112621,-6.720274241367849,0
-0.6766405795735484,9.828437890316588,0
-3.4916850165910596,8.789652978201296,0
-3.9868100299721947,9.271886985596451,0
-6.764601624808463,-5.871347086142811,0
5.7519256783313075,1.4216539538377515,0
-3.131232428607132,9.597023711372186,0
4.763408038069194,1.7564378947842703,0
-2.4771934739869836,8.260868257852138,0
-2.5882649649173066,8.435162018562576,0
-5.205883437167845,-5.413797790358087,0
-7.492881005801341,-7.21901813895178,0
4.929217741871086,1.8029458919695527,0
-0.917797255289946,9.891000314584439,0
-6.392314028097954,-6.087369416970175,0
-6.386677380684301,-7.205530864648778,0
-1.6105284627135759,9.051982701322244,0
-2.3956802778015023,9.676416802719368,0
-3.1207154260446983,7.607625031350099,0
5.047568573065279,2.554169223902424,0
-2.5639759833915754,8.091873143354368,0
5.3430190334641505,4.471600167662227,0
-2.042767640619224,8.978644645900838,0
3.8867615056075215,0.8502550064931613,0
-1.2422864738661274,8.306616662579541,0
-5.399444114269405,-6.371346262226642,0
-2.3292832535063335,9.852116663427802,0
3.3503787665041216,1.671589876149627,0
-10.129960667346976,-4.768020266023038,0
-2.4346880292259776,10.039918242070904,0
3.0147575773455766,2.056081537112772,0
-2.507992147690526,8.19719749713013,0
3.3542797221753293,0.3573232129738999,0
4.556789508484918,2.622051609844571,0
-4.5265364211751615,6.181960203214181,0
-6.593353854373827,-7.724847002067123,0
5.373058153650659,3.351312364438345,0
-6.705259603382967,-5.618610602473563,0
4.542532867335368,2.7519439919185142,0
-5.012395903970462,-8.4440388581766,0
2.692538963566178,1.8838338184696861,0
-1.5017536498575517,7.759363460196029,0
-2.4598892915325274,9.783125804167218,0
4.484456403700341,0.8174621090238168,0
5.224402888065536,1.7050305446989689,0
-6.352059075039237,-6.276084746326394,0
5.90620910418439,2.6831024320879693,0
-3.9414391239955,-7.546728870770669,0
-2.157749415511167,10.08443636651475,0
-0.8969193650641047,10.329200581782368,0
5.0264650661332935,3.3324672833055375,0
-8.3669169843587,-8.974547119990849,0
-6.224938698143125,-6.3149093761913475,0
-2.4533336832082533,8.70463641421026,0
5.583072139705895,2.419117461066035,0
-3.7487856355777787,9.62212646693333,0
-2.5367125281033864,10.786537724868065,0
5.625278547678151,0.3873240435548846,0
-6.840130429949081,-7.532508053738424,0
6.557166804833855,2.8022681239590677,0
5.18450341072744,2.422603199887994,0
-6.501987619364629,-7.099168181300556,0
4.742996418673738,1.7018731207930915,0
-2.6485948237159844,9.753939279922992,0
6.01547580053231,1.5690743721083322,0
-2.8088742710595374,8.964081511156577,0
3.342150460546869,0.5110592287453173,0
-6.383245544622425,-7.959583512850492,0
4.824096065758195,2.5831210712727093,0
3.4128647589395653,1.2932637871939006,0
-2.3008148151051975,6.972551259774031,0
5.1668602275918545,1.9807298643348652,0
-2.116781655873983,8.505322502490824,0
-1.0117659398731238,10.871988471736055,0
-7.033435969032306,-6.561282549696417,0
-7.522348785033984,-6.40953813387565,0
-3.3273965064750572,9.010911670787369,0
-5.826557473556358,-6.731906624648048,0
-4.379989544078606,8.662772644157013,0
-8.04860810136377,-8.691749440394334,0
-2.189232431907587,7.607342727685152,0
-6.139867900454001,-5.394893009128829,0
2.7049147189876304,1.8238081882910908,0
4.1133237030914,0.6508222492574365,0
3.932326550933995,1.4343793793640212,0
-1.2415461118647764,9.303014131208158,0
4.526221993729061,3.572292924777466,0
-6.634852350039572,-7.129230596764666,0
-4.933437883325691,9.89833152455937,0
-8.227661442696299,-6.780879969894873,0
-1.719277900871898,9.983855153951229,0
4.406271875245236,2.175168694698053,0
-3.288290362429451,9.217522082784352,0
5.914562685907588,0.837533779182903,0
-4.046782419501925,8.86938154911689,0
-2.017178775059951,8.48825128553074,0
-2.8010088919682943,7.451095319501665,0
-7.49922717125496,-9.698413879478124,0
-7.188871098783999,-7.1214244970206755,0
-6.335820537263152,-7.779728250821736,0
-7.839359525984204,-8.543799571472329,0
-0.49581037552612717,9.150821459281058,0
-0.8358336769002266,8.424833728259603,0
-2.8559691998194623,8.42849340474963,0
4.522223904625937,1.988197434227829,0
-2.3598341407815613,9.378426424252982,0
-9.118949857715496,-5.335776106304712,0
5.567969447219182,0.20268854616465393,0
-5.821491078583849,-7.192687018670638,0
-7.537525679726011,-5.8394671504762785,0
3.5765243363977826,2.99479444834068,0
-2.7839999278054384,6.813042654747403,0
5.182302805760203,1.1642057910149317,0
4.25376606014196,2.9883905757550373,0
-7.938485200009264,-9.061284830941624,0
-2.3577945751010176,9.312737942179762,0
2.4869653204705857,1.9423831815273167,0
-8.12298945183116,-7.933578627349224,0
-2.238740797272911,8.964048018749185,0
5.371776905462482,3.2276883863219217,0
-2.083353964422921,9.432491884086293,0
2.4201008887762505,0.5734881792080457,0
-2.0036083812168757,10.503399236526612,0
5.229518067585501,-0.6786583791042169,0
-2.8543623285025466,9.503540663274649,0
-7.193579378067131,-6.926271537245919,0
-2.4637061467219983,9.572622551410028,0
4.762121840775167,1.5542062384194972,0
-4.747428856377722,6.893585975563255,0
-7.068807526310191,-7.0363034933731425,0
-2.032839853696531,9.519756287364949,0
-2.5347516940441954,10.187015147457686,0
-7.364582736028885,-8.516411378375405,0
5.376642181395998,2.5920300140853674,0
-2.756375005573347,8.332301880200523,0
-2.987956194574439,9.373761925745447,0
-8.17455907649153,-5.421224204643478,0
-3.378484610041394,9.003418991163349,0
-1.6889652247467661,9.831592331936648,0
4.456338514211636,1.8582187524488893,0
4.795034179093458,1.5748866503981835,0
-2.8948702540305984,9.448788774289627,0
-6.448781185981524,-6.643567399661084,0
5.174226049681886,0.2047542583026596,0
-7.524134893026942,-6.1218272071580255,0
-4.818800627248612,-7.409134243914725,0
4.18962544844983,1.2171656644841273,0
-8.137923576402176,-7.097725015993614,0
-3.0396987706632776,8.438467887553642,0
-2.4679101674653108,10.051445026856564,0
-2.3733381989710933,8.96178105965967,0
4.985499180879547,1.9110809857264446,0
5.343132664324049,0.1993945517382134,0
-3.0264860731531225,10.423633568383902,0
-2.699880023816097,9.231719001378044,0
4.557984456655609,2.9643607968673984,0
-8.38242890245634,-7.080244147504084,0
-6.822004427991675,-7.126663200851937,0
-4.057626941312872,-5.801457647316221,0
-2.170644746766836,8.076360551661923,0
-0.8366252362150468,9.433305137564366,0
-7.658366706520423,-7.389676096145778,0
-6.354482532362999,-5.520391380275051,0
5.021231670808386,3.3386961464669977,0
-7.69521896237042,-7.229972256352384,0
-8.729035197029676,-7.196793081239356,0
4.478973897951502,0.7847850132006611,0
6.270008801102511,2.343509951269578,0
-6.005387021918028,-6.89171970773099,0
-6.8309105117574624,-5.738213056307937,0
3.5166837853527237,4.018824231617886,0
3.800270464187429,1.2970989686471226,0
-6.211379067209918,-5.785942757660815,0
3.2899531983668284,1.517970779124573,0
-8.233409951942752,-6.255170102960067,0
-3.7123984784418944,7.972241715955219,0
-2.874703560038016,8.8629869079658,0
-5.024508618115924,-6.5018833078444365,0
-2.647709867659975,8.59039608587597,0
-0.41335412124359117,10.608728519947519,0
-7.70792973072816,-8.339896265193946,0
-5.430334762747444,-6.99328024156601,0
-1.6669002960388475,9.037482106755697,0
5.855885375139578,1.2538479971325582,0
-3.1527474553702124,10.044246945779483,0
-2.782926875219511,9.000015775248933,0
-1.6672139276006233,8.645078927750875,0
4.156220198790533,1.7264452598262914,0
-2.778086313607581,7.907760219456652,0
-1.8934264732816086,10.218170565367139,0
-1.9327462779303275,7.505730159985465,0
-6.732634906862715,-8.24321267385754,0
-5.908993518539827,-8.153365045082806,0
-4.559555080336951,9.75346662289989,0
4.062536820519767,0.4631765133615251,0
-5.278508505512001,-5.083093076777993,0
-8.323345560746326,-7.362910281960897,0
-3.4772433815629955,8.703978422813417,0
4.857352319242326,2.8810220688506023,0
-1.7558560019482177,9.395444513081099,0
3.393316870068675,0.34210205874575306,0
4.424765036057612,3.515446311602034,0
4.87805014236773,1.1323977940421068,0
4.426108588165753,0.9698678529652354,0
-1.956897685373227,9.639917061844322,0
3.998713906831251,1.7081046870521526,0
-4.043311793788373,10.291962950096831,0
-4.536770182863862,-6.735344102158306,0
-5.082873725724779,-6.440623765280182,0
-8.404732832165632,-6.746943103913241,0
-6.243391362720946,-6.532746189759822,0
-3.502787138646786,9.15021069541667,0
-2.773712464363361,7.010423763791568,0
2.4862907232835494,2.1975897223229826,0
-3.445703997842346,8.346506571729435,0
4.543666574187522,2.232100112166422,0
-3.880871320283216,8.304845125770775,0
6.311141296531736,2.2246633538827236,0
4.0499634399781685,2.3042085867579454,0
4.75547557490801,1.9434031956043303,0
-2.4636257831489363,8.362685780592505,0
-2.3865273070579547,10.638964586667882,0
-5.900591365683753,-7.523263590477058,0
-3.9245683651031644,8.593640805432962,0
-3.116766414832306,10.582468557725647,0
-2.1095096713001085,8.362929234406492,0
3.350398249018414,2.031619164646382,0
-3.1535378900747344,6.275145922060849,0
-7.084487825422655,-4.640144401044498,0
-2.477801757519974,10.621864434597832,0
4.340185340295212,1.2097043806316203,0
-2.2494751213312685,8.109969503093913,0
-3.698161042587712,8.964405974070203,0
4.5658940546918325,1.5638494693540468,0
-7.781192686454786,-7.648303828281429,0
-2.147802017544336,10.55232269466429,0
3.194360688482778,2.3350839546712585,0
5.838104229429389,1.6876280586335082,0
3.0366619896140055,0.15828585445932597,0
-1.5334842453835,9.015041635652917,0
-2.006413196157556,10.810646951125285,0
-2.198087631909555,7.124636836102169,0
-4.736916156687084,-5.440511665845811,0
-2.34162751725176,10.176545725703988,0
-6.322597568663467,-5.136099359200214,0
4.148112223571898,4.150463131489797,0
-9.847995621387122,-5.5305632794422035,0
-2.4336212503827124,10.063150270073685,0
3.483323619160765,3.2544083374637123,0
-3.40455199671195,10.077139821231539,0
-1.882762950598806,8.934377675535773,0
5.396910901282078,1.720544815138095,0
-6.366584267785456,-6.103187738515755,0
3.0704892408534175,1.3362872950017746,0
5.416107340952207,1.4892362389894989,0
2.907384241260774,1.579968680258542,0
-6.9220757201630265,-6.373298195612898,0
2.7839455490396645,2.4594569886816267,0
-1.4032971986954412,8.450338640140078,0
-0.8741312285252307,10.325979577470983,0
5.872083073642012,2.4105423581204004,0
-7.313139012354804,-6.320448022951578,0
-7.320651011674879,-6.624410055227804,0
6.694072677484171,2.120990422977259,0
-2.9329573050754534,8.560872019814468,0
-5.4693148845606245,-7.41365493066,0
-2.158827406666412,8.16996209101525,0
5.4310188405839845,1.6883741272932988,0
-1.6788618065085046,8.158202302289455,0
4.573277809206128,-0.2512144246681367,0
2.8208278209255537,3.8416968720138227,0
-6.547014432201295,-8.109054499747838,0
5.051444555392384,1.0317665149387072,0
5.245392487352267,2.0375772063726743,0
2.4222877568693306,0.8049918560905318,0
-6.022962071281864,-6.686088588770147,0
-2.2074976141510145,9.189822357776919,0
-2.723072790607389,9.984602329986602,0
-7.683565567878434,-6.082257767797646,0
-1.93606980981155,7.22841963626421,0
-6.7297549932159955,-6.283315815945133,0
4.656003624128574,2.116475988940736,0
-1.0250815945167853,9.369899476983981,0
-6.4959721672844815,-7.758245911361353,0
2.2968397345762606,1.359131522391321,0
-3.5333844473819553,10.86837869453251,0
-2.4246924773598875,9.812280677810557,0
-7.475051576394286,-6.741245604075399,0
-3.7590179626421145,8.749048587728119,0
-3.121634997693188,9.375789653404423,0
-5.85474075838534,-7.874881311207642,0
-5.914362806770822,-6.159120439845027,0
-5.025793033649049,-9.636572390366657,0
6.374641629351679,0.9027014409206608,0
-3.10560903102163,8.715104355770887,0
2.9352568780509856,1.890036158219238,0
4.137010082557145,3.1520356209776708,0
-3.2516682087507984,7.694263616977616,0
-1.106403312116651,7.612435065406041,0
3.4878812886489583,2.082252654290564,0
7.225854011911997,2.392220418694192,0
3.9578040382043183,3.125518322902658,0
-7.690284746849943,-7.819162736977917,0
-3.090979656444804,7.840406163789349,0
-8.198028573624736,-6.279195810860612,0
-0.8018678134935273,8.243467325469632,0
-1.7298486191474178,8.975266608820778,0
-7.569965314495175,-8.676307348610498,0
-9.69979601339196,-6.046054141426578,0
-7.1558375723515955,-5.468562887783511,0
-2.609351699532703,8.810612378021355,0
-2.6609827180883334,9.602603334682899,0
-4.703580092872775,10.613757068312111,0
-5.687020986173954,-8.076449492486159,0
3.8170112312301234,4.942679191686397,0
-0.9670876704848745,11.020379016357445,0
-1.3848442631822475,8.680208897218382,0
-6.281032099706878,-6.141543554073885,0
-8.061193770253682,-6.659980405788171,0
-2.5347719352447444,7.245210223309203,0
-7.403855639255857,-6.543787783654261,0
-2.185113653657955,8.629203847782005,0
-6.463704532093679,-7.970863309098193,0
5.466331947086863,1.2281909164556768,0
5.923233413516307,1.8695817892936673,0
6.491918881041771,1.5553866714271132,0
-7.765666579537178,-6.902494249772757,0
3.5100289790095416,1.1493328142995778,0
-5.111698524311737,-5.919369581451911,0
5.939750079758706,1.2591279401632771,0
-7.120681405745234,-6.606173856344609,0
-3.7313254319446956,9.727284558370709,0
5.129112849778137,2.4450396318174077,0
-2.76649762367054,10.096398441191463,0
-3.05875475896133,9.873874015178124,0
-1.9976980476908888,10.949440168258551,0
-1.675275468503846,9.473466207426759,0
5.138568748363646,0.03067199297896206,0
-3.482576461079785,10.021419464671482,0
-1.8686546879779766,9.137364329854503,0
4.672742210208314,1.5903912822311734,0
-5.782551884738642,-8.325509430056705,0
-4.591127030936472,10.71074249648836,0
5.504127220926738,-0.7343741714404453,0
5.067841462780736,3.6962444015869815,0
5.970311180606918,1.8525824954672625,0
4.1430027088865735,2.047056620065286,0
-1.8302663329934719,8.877290638755863,0
4.542284946073687,0.2897875508979064,0
-2.452547698155643,9.543978882555052,0
-6.961261551162514,-7.24671216311469,0
-5.230435867816809,-6.0191994887344835,0
-7.018423592096806,-9.106871118233173,0
-3.8897963289524013,8.578130686690837,0
4.479319226726304,1.4178835813396957,0
-8.77562908606916,-7.847195466075487,0
3.984551313027307,2.1681373899314904,0
-1.302589468188835,7.487118271608674,0
-8.44372895463055,-6.655292856584472,0
-4.6481308559488035,-7.232588538862594,0
-2.941971506641139,9.808104595342137,0
-5.97450800798188,-6.2785295478737675,0
5.570766219019939,3.7836921623617252,0
-1.5680157566327804,9.206183864071358,0
-4.234115455565783,8.45199859895735,0
4.686516202794067,1.4522767800369687,0
-6.766467179758487,-6.085468389702288,0
-1.9960918248766675,8.754739450614405,0
-1.8200331659784146,8.330651845911934,0
-3.6984300881298795,10.068271899381198,0
-2.313066164028843,8.11021783846232,0
-2.7173198734100255,8.521285193539489,0
-8.018410128127483,-7.534006687507911,0
-3.3489194652335263,8.4148934827543,0
4.827952193219875,1.121989201493247,0
-2.1824528584504304,9.31476048780915,0
-0.9747155212582352,10.13666034690148,0
-2.216125149754069,8.299934710171954,0
-6.155630158749366,-7.166410996170134,0
-3.690010438361595,10.128607822867194,0
-5.953822549555211,-6.962021889001555,0
-6.500503558082033,-7.412810680830924,0
5.95410541193168,2.6864359347372746,0
4.9134934173938065,1.3726630485267686,0
-3.5043461049061295,8.832782966062654,0
6.131045240508281,1.6726336987619639,0
5.1702480252269005,1.853610927314336,0
-2.980235928671073,9.246336065555958,0
2.660860142738389,3.9999867999831245,0
-3.7257784271884598,7.892755980773294,0
-6.1924497160526215,-6.6058945581457795,0
3.4509377181747527,2.4149303335902115,0
4.782567248429731,3.5768715394076622,0
-7.2673881139674945,-7.757886899711757,0
-3.079511690839216,7.835177913835473,0
-8.647890700652756,-6.295620804628485,0
-2.7226404939829583,10.505012265048274,0
-6.13163179252407,-8.108888944180961,0
3.1749040901232126,1.3047147730875543,0
4.6524546058284155,2.8405641769387078,0
-8.28255626356438,-5.588393985754707,0
4.575106576430225,2.0661053366237097,0
-8.574644984126579,-6.51279020542675,0
-8.427888859382104,-6.104022220413382,0
-4.961779189544604,-7.009189581322799,0
-5.422189241780834,-6.193821051544133,0
-2.0957627198290494,10.891081940756388,0
-6.687705186115156,-4.747963133132245,0
-2.3486081898809905,10.3764185318834,0
5.339091274900088,0.3655283734175352,0
-6.67421392069352,-5.671023195261942,0
-0.9108758154117171,9.747833941704187,0
-1.5354713922003824,9.313083908520083,0
-3.075902731107803,8.41446473428126,0
-2.573886228085269,9.087160226213838,0
5.2784221534957005,3.6707934636500728,0
4.161324569510383,2.4888303140241264,0
-7.5733236836156745,-6.000845688109386,0
4.341726310028201,1.2811044852760403,0
2.85086644572666,2.980287507353105,0
3.114263906182857,2.525294268670575,0
5.062313809129542,1.5069810719945091,0
4.69293814916072,2.8384594400759817,0
4.6429389529666745,2.5577926364274726,0
-9.056406892123118,-6.485997662905088,0
4.330812599489841,2.377993092749,0
4.198976647617246,0.8567188287566845,0
5.172662045550726,1.1676430014302115,0
4.45271328836424,3.2494336718142867,0
-3.1816832190590865,9.237556964118582,0
4.56705640363776,2.8111837384770424,0
-8.866154333128792,-6.047443835395586,0
-3.2516818555911344,8.528980292830454,0
1.692974616944087,3.577904696235585,0
-8.22075722380698,-5.352128019636435,0
-7.231676847183562,-7.876298838871944,0
3.791501032345963,1.9905986368988338,0
-7.5447674904356825,-5.586176070170232,0
-2.9063929391987378,7.912016387742466,0
4.2401083247850435,2.1303154676432667,0
-2.3194914554423547,8.352303950401712,0
3.790157914750405,1.4901857578678912,0
3.307429055229896,2.6045882902131385,0
-2.359599665533962,9.112113302906245,0
-8.795927957148978,-6.914921908033899,0
-6.932074890800389,-6.3001374222423365,0
4.904360521179475,2.036872043706503,0
3.6742109223808703,1.8113049185830012,0
-6.768790812459048,-8.306573504699692,0
5.06123909053481,0.9578773096909161,0
-8.40306924928689,-6.699788344098647,0
-8.812361333720208,-7.130028078115475,0
5.7251010998897325,2.0117248527250498,0
-3.354351581478909,9.567675111272749,0
-5.206084265994322,8.959991261680509,0
5.671259361505433,2.361355479595465,0
-8.370120056888164,-5.721544100453625,0
-1.3493576566644059,8.508319929210467,0
-7.670300831073865,-6.5265434465354835,0
-2.7518963708780317,7.124275957015379,0
-8.285303998855271,-8.416569296822068,0
-6.499793736114185,-6.312803967983687,0
3.2204456396830916,1.1157272543935153,0
4.302001060754295,1.975401306103134,0
-5.671187202015182,-7.654135243638552,0
4.751102171068959,1.6458441088683362,0
-0.7542645514055086,9.03268775898176,0
3.3120801627486705,1.6846367832589357,0
-7.054870554115581,-7.688903711692378,0
-4.199869250659202,8.035786582331715,0
-6.415363447915477,-6.312115053751705,0
-2.495268331139804,8.990161041088319,0
4.328907369742029,2.3756858936760534,0
6.817199217270323,0.1481919369796152,0
6.657654649403167,2.0170779858178887,0
-3.5902541634610126,10.067438981531225,0
4.233849681815386,2.510349498482468,0
-5.167319462784348,-7.008660627661077,0
-2.5631024720584894,8.031982547821007,0
-6.993503798887011,-6.865075667734156,0
5.854822943083071,2.0789400674648553,0
-7.073707323484365,-5.601624385824275,0
-1.218439198930322,11.602195101729006,0
3.472013528936391,1.6447944245239297,0
-2.158567523779191,9.503473258345984,0
-1.668463140923201,9.222088635551636,0
-1.4261976845358817,7.937904940796264,0
-7.618763750381974,-7.100079679948976,0
7.797650119272399,2.879956956873131,0
4.272856221506459,1.5827604975190988,0
5.827305987910101,2.4943996745852735,0
-7.556989419873039,-6.670755263088332,0
4.3038121397223605,2.2419746183799627,0
3.9987671820753317,3.632039378396062,0
-1.967734894847962,9.773441288500969,0
-7.161087271039566,-6.886171419049542,0
-6.7669905093256295,-6.833427859113986,0
-3.7773344280280625,8.84602699371078,0
-3.908276051237226,7.493999335957712,0
-7.283696641403743,-6.191762556237927,0
5.265197170249604,1.8038952456081072,0
5.0211234913902,1.932563452262202,0
3.060442537510503,1.1552778418022265,0
2.9603760433146977,0.7648661682813993,0
-9.97391644024266,-7.32733395295347,0
4.85895039876577,1.4977774417261898,0
-1.3416878000663042,8.290321397730533,0
-1.6477610974199453,9.265602776436424,0
-2.2516472323299856,8.939840212432154,0
-2.5831451886611427,8.562626652038698,0
3.3162292653859224,1.537268214850299,0
6.182426047602219,0.5532925196698031,0
-8.128290615913897,-6.09462700344637,0
-7.711697658884066,-7.965077580756423,0
4.681774757382378,4.609838825886321,0
4.144914285337401,0.957174252772703,0
5.175337583637734,3.182179882841729,0
-4.599500521905907,8.844027881402416,0
-6.386373014958238,-6.909011116773808,0
-6.761577724461496,-8.097072170119466,0
5.807096569532474,3.561616860180844,0
-5.823596819585556,-7.402890809842118,0
-3.1392226025866448,9.746241630708168,0
-1.6140044030250178,9.649457929880292,0
-5.71491640591136,-6.639878967505499,0
-2.567105372929659,8.279169327473733,0
-1.7308365468861124,8.463100411869789,0
4.207583657120771,3.2458844179119968,0
-3.1030090311214553,8.84865471788069,0
3.946921831696886,2.999257124900736,0
-3.1209667139580355,8.97724933114991,0
-1.9387764496919546,8.682854756916818,0
-7.0502198559413385,-6.472691558623971,0
-6.499290540835387,-5.344987853463294,0
4.287425104590359,4.121466547727691,0
-6.408758331775889,-5.892275171967953,0
-7.775574194740049,-6.609075340414702,0
-2.267235351486716,7.101005883540523,0
4.935812076574196,2.108598518660689,0
-6.8359835542716825,-6.740284321949893,0
4.337781795203496,3.5605702863562687,0
-3.4045439454157744,8.6061852890381,0
-3.5220287433871738,9.328533460793595,0
-1.8128747609724267,9.293085940583783,0
5.592888334442151,1.6732922094441198,0
-1.3556072797358247,10.400635525461166,0
-3.74173793427303,8.329794397585525,0
-2.3538726238533485,9.412433393320859,0
3.8885333666247313,3.4932614249318332,0
-1.2537940135928538,9.960155771882468,0
4.446897468467411,0.19105460195590318,0
-6.132568363327147,-8.201318825132075,0
4.539182963410925,1.0268558611929355,0
-1.6475614985548062,9.15334652685174,0
4.327201666574825,1.177180773931978,0
-2.1850312705643082,8.884143073830638,0
-3.4138119980465165,10.187042973465767,0
-4.059861054118883,9.08284910300435,0
-1.7778173704777578,9.604708189449784,0
-9.151768846721877,-8.469099195753722,0
-3.539169897829686,9.060365349831473,0
-7.032126869461189,-7.446780186237387,0
-6.161780962155003,-5.529115687548431,0
-7.4193539893030405,-6.737704726647815,0
-8.214454008739763,-7.004186819378986,0
-8.705528285263876,-6.516525319429757,0
4.913917676877404,1.707245489868299,0
4.316196082186914,1.7066223796599846,0
-6.590322555277509,-5.738278665539713,0
4.250475274702724,3.3289750233722333,0
-3.952801885222515,8.531376288737803,0
-7.782041911895395,-7.361973908760669,0
4.444285599378876,3.382215650352822,0
-5.9282422076504995,-8.449886277994823,0
-8.490629959036438,-7.800007763722101,0
-6.786168699384917,-6.488065089407441,0
-2.28020123059341,7.156384676800034,0
-8.424226918056894,-5.727858941403198,0
-3.0786473975448607,8.890264740808325,0
-2.0162111645382907,8.956768375192858,0
-2.181376450209665,9.938556267736152,0
4.087087918682921,1.3778639862467497,0
-8.055438171490469,-7.0306931416508744,0
-8.786849190840073,-7.081883969575105,0
-2.588586047458453,8.713820179477619,0
3.1959499137358742,1.9924605643146749,0
-6.84071136313394,-7.369576588617937,0
5.025091488487456,3.093855390363327,0
-6.804999181334423,-7.507146102425791,0
-1.5331569036968036,10.413772555170665,0
3.5692104648115044,1.4455159077623947,0
-7.58681587044473,-6.805427953821708,0
-7.2931584499606,-7.732682182022446,0
-5.705726259577062,-7.898147265198761,0
4.371980102069602,1.2643914812192338,0
-6.58896069803822,-6.551574839361998,0
-4.024388685251303,10.381160395642846,0
5.466024452268617,2.294822343532318,0
4.887150288336858,2.8597491766983816,0
3.8605035109679844,1.321281101409351,0
-7.667178631779977,-7.350067466449098,0
-6.149784156036287,-7.059437621148978,0
-6.577835260498397,-7.392602984156849,0
3.9011401109231736,1.3461418321103373,0
-8.621343811017374,-7.73441924369031,0
-2.2015209696516362,7.918766739352759,0
-2.36821492344069,10.602913056241917,0
-1.1189900740354368,9.572096434550184,0
-2.5866410837787437,7.818992364599077,0
-9.012811618779415,-4.780357045279958,0
5.696167319974224,2.370697440513886,0
-3.33313311002475,8.295176676749136,0
-2.7881605533845586,8.734525959702488,0
-8.0767937838415,-5.207119890430993,0
-1.618814459532964,9.589491144304887,0
4.006289320734289,0.06693306385135145,0
-1.6162437529439808,10.84390632991441,0
5.349289816814706,1.8326161984383003,0
-1.9560484666735412,8.466085830031549,0
4.88168090778385,2.2745767537218495,0
-2.893072364383533,9.21656653581954,0
-2.9915111939890533,10.113269485640286,0
6.38446270630335,2.8330032454081895,0
-7.597185830351323,-6.884591389652738,0
-7.267344057642838,-7.205206064746872,0
-7.2504236249507965,-4.651955159926297,0
-1.8704674010235656,7.871281215467838,0
-2.152182137087703,8.321376532937668,0
-6.551064075963755,-7.106091138620009,0
5.909492098827944,0.7280191079806464,0
-6.959764259031079,-6.687087460558004,0
-7.418940114762249,-5.943602987218939,0
-2.640123428178877,10.142525911467159,0
-6.8171954878238274,-6.5405808058717305,0
3.5532426473428194,2.075983927095801,0
-1.5228211171468131,8.302312900939398,0
4.563600684488518,0.31158869476274,0
-6.7315697772604555,-7.523260003398602,0
-2.079856800251016,9.393925776584288,0
-3.779196220446626,9.68312625874454,0
-1.8956796503223337,7.991493562999916,0
-2.9068773166673543,7.830255569975762,0
-2.6413342119542973,8.4905548254269,0
6.179986659972133,2.941668486565608,0
-6.2398896844523755,-6.427613137173264,0
5.7291510831592,2.355203389656743,0
-2.381093208141961,8.33323447072344,0
-2.223332232327845,9.348742918185346,0
-2.7268788262799704,10.11306298018551,0
-2.4416694183648264,7.589537941984865,0
-7.834709479287097,-7.2056230062708835,0
3.0729194650607488,2.380260067339564,0
5.4139016102991535,1.9656888871999854,0
-7.957991354946135,-6.39744456723464,0
4.571592628463811,1.709746048821228,0
-7.4709765709495475,-5.492144009302579,0
5.202789496513186,1.8657248021464825,0
-7.203276235860431,-7.106802863174666,0
-1.0322631969344758,7.846506576930387,0
-3.3445446763125073,11.15943525597171,0
-6.250896642891633,-7.067706593367559,0
2.8679821539816577,2.610039842336135,0
-2.755260111182699,8.17103953288213,0
5.856326223505182,2.1286812877042927,0
6.073711674887946,0.5958741946686321,0
-1.5452906889768876,8.99418737642867,0
-4.202154437248136,8.915946501403571,0
-2.2693398772034534,9.500596121548543,0
3.792251623731217,2.791764302283945,0
-1.7160219348340728,8.892228996077044,0
-0.640379782508897,9.433991736555587,0
4.417303909003248,0.2912008999553213,0
4.102516246914702,2.441693286759568,0
-6.630034715076887,-7.027281241124383,0
3.0227069461825566,2.3194823941656186,0
4.080715001168893,1.512862921366369,0
-3.5628800421991045,7.946483206619129,0
-5.957453734644184,-7.00990042248064,0
4.973248687488979,-0.5196408154546215,0
-4.974947309069632,-6.886571187354987,0
5.113024289495888,1.2702582459011644,0
4.611660957290872,3.337495928111599,0
-5.213589254655526,8.384401575834511,0
4.958687175856357,1.9522486465576552,0
4.557181091209703,3.109361058583274,0
4.84701827300667,1.7338965367888806,0
-7.09510390731561,-6.317130411371091,0
5.075826465943574,1.2112284458056481,0
4.946918073479924,1.9219338484085404,0
5.101150920545932,1.0488123503103566,0
-8.384693048054976,-7.8880718281895845,0
-1.885077806000595,9.642631637462602,0
-7.073310851195651,-4.417095904500923,0
4.152711653198957,-0.24443939621128274,0
-2.170701215558336,8.59899821429752,0
-1.1918035574184245,9.211885732890721,0
2.80387355287127,1.5319929931469716,0
4.920807333175928,2.782158293169741,0
5.918159783687588,1.9123201639378042,0
6.422784436293245,1.7258292969155753,0
-1.5596434876114265,7.529388159748418,0
4.627602302725926,2.2570975715454535,0
-8.424248359758684,-4.006026895266033,0
6.988987394253134,2.923058752190024,0
-1.8903113250295966,10.652645860469262,0
6.320644549616292,1.970923482183611,0
-7.130414798361902,-7.012791372995842,0
-2.7719443707392544,7.418392159624208,0
-9.084109242031595,-7.959271410180438,0
-5.763196442369063,-5.916371716102839,0
4.949605615364104,2.448921675772264,0
-7.296862026389585,-5.50931775947017,0
-6.988378213984888,-8.830204753294705,0
4.747638891680644,1.723275948128686,0
-1.9371913447522773,8.309557692587438,0
3.4703982070250845,1.2521995754708357,0
-8.428210224772663,-6.085088134006774,0
3.8750296079199984,0.17718694935670865,0
-3.8661331927523257,9.23743918294602,0
-2.848956630700274,9.245893602366413,0
4.604937335769469,1.0658431245684663,0
-6.3588507464172634,-6.875671070666132,0
5.1180194117839095,1.395940958230161,0
-1.4773530835841153,7.52872575516135,0
5.6112911939004615,0.6779110632736112,0
-8.308894070822415,-6.0554409685845165,0
-0.6089291987417855,10.03734268345056,0
4.459071391140875,1.2585055670997396,0
-9.196072048078761,-6.257248108314451,0
3.2149076644126895,0.9987171363304359,0
4.217382940795668,3.0008884327202656,0
4.869451477302355,1.2488060521372712,0
4.349848434761909,2.394996970101609,0
-7.284089479075374,-8.193022570034186,0
6.1982287963700795,2.635475826309034,0
-7.2395327283345186,-7.127816791710444,0
-7.693831868536646,-7.4501849324606,0
-6.197137981890633,-6.590325114617725,0
5.16504814949027,-0.4153617785369539,0
-3.243430945023788,8.872756490860475,0
-3.104732558236609,9.914819205529913,0
-7.1863998758149,-7.18710595043855,0
-8.390720739603793,-5.8247565258049026,0
4.8920736904623885,0.0028611025893310327,0
-2.2117355699349335,9.153783924345781,0
-6.702329978003962,-6.881180726813361,0
-6.938234266933742,-7.120812165123256,0
-6.868419037955371,-9.163390050803176,0
-3.559338362654896,9.771781277535807,0
4.445387351363325,2.6390475076471223,0
-2.073222233552704,6.482040042978636,0
-1.6864148422187477,8.051635116279344,0
3.9851090606041524,1.4625611846431525,0
6.805400288434658,3.02779031242805,0
-0.12082563018231163,10.198542773394495,0
6.0868229826150815,1.3123354481305862,0
-2.6950433752454974,9.324285111363876,0
-6.399397929245567,-6.1642449637048,0
-6.057470758494107,-6.612898938130891,0
-4.0800737751212495,7.887518659288516,0
-0.9106595109564088,9.81641458681644,0
4.989242389710481,2.3152691654981137,0
-2.480007119117183,9.71226015832842,0
6.091805468542823,1.02563894296862,0
-1.985974437315717,7.793965438254346,0
-5.889676336751163,-5.354806301201355,0
-8.059144647791783,-6.747800572587412,0
-2.542427613697211,8.806169270925782,0
-2.8991213296121954,9.172339618118453,0
-1.9295644498391744,9.340082444780489,0
-7.079881017964046,-4.8912249545210935,0
4.430238842808939,2.5816613326188107,0
-6.16371677502246,-5.968359469303682,0
3.8177132295386946,0.6855644002876708,0
-8.428829636299108,-5.375896692590717,0
-5.828505443393272,-7.709268515761346,0
-6.936133315810478,-7.381867354445667,0
-1.486356151501986,8.823839942269105,0
-1.4604904966361867,10.669693241286616,0
-7.021211610445608,-5.1094677208132735,0
-6.054925450365173,-6.294296609721291,0
-5.722823242237798,-5.753871404839563,0
4.040523131175105,3.2086014596975327,0
4.526720341772017,1.4178965959275605,0
-1.7882006701471145,8.469099883472,0
4.495012081082007,2.3789937706145463,0
5.265463429903102,1.7498980955074224,0
4.572601371314567,0.8985086445078689,0
4.060927078879178,1.076802136115551,0
-5.467530816473681,-7.349180211219765,0
-2.6593145743065567,7.750279960250958,0
-2.533430456922442,10.216737376181394,0
-8.932409624321796,-7.605028936167549,0
-7.693598987041781,-7.490012300225149,0
-4.060709872111679,9.676337962956795,0
5.136513451207997,2.6082696955386573,0
4.775069177215487,1.6469359794993723,0
4.662379224473541,2.736969456303992,0
-2.604493155439702,9.293307653968661,0
-6.3597981884802435,-7.564695212417277,0
-6.753703370665815,-6.373473138366943,0
-6.220806946461805,-7.108989756433888,0
-6.712624269455532,-6.146761586097766,0
-8.058318322947525,-6.5280709803178265,0
-7.516357750259328,-6.7062860680310985,0
-8.423257713024954,-5.912680174121888,0
-1.9326406599969839,9.325536282741858,0
3.78439614030252,1.6995420735474638,0
-4.484685394269888,9.765385582705632,0
-2.125132174113443,8.981591380104229,0
-7.964383625310084,-6.106977729472722,0
5.246821444614739,0.13125060500918906,0
7.164388112835596,2.3440215766517287,0
-6.168581088605967,-8.051150632937762,0
3.2926249186467524,1.0743698736968943,0
4.463744638517323,0.4390449904918805,0
-3.300079414747316,9.048294224426469,0
5.117467655781106,1.0559080417634445,0
-2.3295753504208268,10.359433748650737,0
-9.11941882151739,-8.323224882453758,0
-7.974319235178641,-6.858482962682382,0
-5.757676699236045,-8.417612811510672,0
-2.623669994851613,9.16204203559845,0
-1.921341734915015,9.63402491290119,0
3.1072806016303396,2.24247587350307,0
-2.852403549895788,6.928493689293317,0
-7.100481471280822,-7.787490546039267,0
5.516484716070281,1.6613841106847071,0
4.986602852470051,1.6361433092593554,0
-5.062833954488897,-5.532431507763323,0
-0.9193586448720663,9.588357349092323,0
-7.729635445911656,-7.1589045730475,0
-1.4781981005567992,9.94556624731452,0
-7.097595576111999,-7.524731724354419,0
7.350673135268634,1.9094243984367658,0
4.047413380847587,2.3002420588185775,0
-1.207456333653952,10.575797324925174,0
4.56301342922444,3.286642845265969,0
-7.722729495814139,-8.047319078890306,0
-2.1851405948311897,7.866594738382654,0
4.177345869914722,2.3608495629735784,0
-3.306311189277731,9.055210876927244,0
6.25640049074185,1.3138455491635646,0
-1.1386614790560368,9.70948902828232,0
-1.593795505350676,9.343037237858006,0
5.295433194516554,3.778838562056997,0
-6.990981593536781,-7.090265197466821,0
-6.530334418797063,-7.151224741637856,0
-2.730161796882414,9.041171967192852,0
5.989202764038841,3.5111859658023654,0
-7.9295407365207975,-6.610874460389689,0
3.9505497681480293,0.5627022675279569,0
-5.459356105883808,-6.693040655299347,0
-3.099089940808358,9.712974941715364,0
-7.696240220972257,-5.598839947874604,0
-6.55324618330571,-5.51907223234314,0
3.713365581448353,1.4396260581176503,0
3.821876651486355,2.0961883574674878,0
3.6805238755799783,0.7911741620429074,0
-1.5503813165850777,10.141972422714751,0
5.42182137168002,1.907759450345338,0
6.071030953989842,1.7131334337602873,0
-3.837383671951181,9.211147364067445,0
-5.47019276710036,-6.860890741058676,0
-1.883530275287744,8.157128571782039,0
-3.117072883728568,8.475163425049344,0
-7.1300351847192776,-7.378432566218359,0
-7.126485083662123,-8.440543061080978,0
-2.844441704920777,7.673221414896753,0
3.2086905029923494,0.04995339773097984,0
4.59858747444344,0.4986669968924964,0
5.127097030858528,2.740477046543219,0
3.3489366167348775,1.5661953175673609,0
-8.49724864977742,-6.4303969857794385,0
-7.401457732639418,-7.7912796533007915,0
4.329249596391221,1.8007769841315007,0
-6.813352453807036,-6.095220905781761,0
-6.084194484343837,-6.850935166507851,0
-7.40971677715614,-6.783211717241632,0
6.1559950165831445,0.4656167393073112,0
4.39750337812299,2.93538026252183,0
5.047974894798046,1.0698765731616229,0
-3.472956549263361,8.057135213303278,0
-3.619773468518579,10.766556571621944,0
-6.570469471633806,-7.5641556236549885,0
-6.845977232615739,-6.498187923272937,0
-6.663964403665206,-6.444426481351444,0
4.218395839061738,3.2453682381908298,0
-5.5784973389726975,-7.409887845306665,0
-7.188388982344653,-7.7915370308139105,0
6.197784268546458,2.9657977869201613,0
-2.5297581804032574,9.303469801317046,0
4.543878174494243,1.7751099207218255,0
-7.199796699371996,-7.42039512117163,0
3.8814149132972364,0.9937539457255775,0
4.468068372425427,1.8265379098971297,0
-9.813397838380748,-5.544656531574204,0
-7.251945544721754,-5.3146549333168345,0
4.008637699987401,2.572620370262436,0
4.770998160903249,2.8580122667418904,0
2.283959911295779,0.6588845861326118,0
-5.6572250295007676,-6.817930363463659,0
-6.797036674275857,-7.00994591912535,0
5.276432043101366,4.295778909203499,0
-4.413872316518214,10.458698323253408,0
4.9320276783469,2.2534056299432264,0
-3.4603819934407065,8.672464307952186,0
3.4824630460126675,-0.007666786981902041,0
-1.91040323349084,9.682626616916401,0
-1.124924804542232,9.578195248250681,0
6.510953318536215,1.1222855949018333,0
-3.76936238822533,8.397924720158844,0
-2.42636505253465,8.286114227228506,0
-8.016498372785685,-6.132923003150854,0
5.8086016304593375,1.7278621977529296,0
-2.603656337494753,9.433896100222439,0
5.31301252846107,2.278255088647485,0
-4.583683974069062,8.992251264194051,0
-2.069696392432524,9.793222631710435,0
4.541157941772428,2.7995920081324983,0
-4.402812290006536,9.22757983557126,0
-1.6469741111657732,7.598059072405676,0
5.45595988034204,3.1495137401121864,0
-3.039455241425191,8.221413295935978,0
-1.8387170058115376,7.942428895158166,0
2.7917687238395645,1.4514030266416604,0
4.98198487587852,3.890428832366855,0
-6.505410456348792,-6.512290024832081,0
-8.001455991563855,-6.933343260839378,0
5.008895274053269,2.0974553787915826,0
-3.8136671235576034,9.68395867702836,0
5.7294154193047415,4.3385774559407055,0
-5.518088988303159,-6.863902993791895,0
-5.49950390156587,-6.320754183560511,0
3.8326631587436615,1.915303524726391,0
-5.4648833717914576,-6.945638708764898,0
-1.629780581915347,7.936910051213563,0
-3.2187774778019227,7.755781217522987,0
-6.439379160940872,-7.703459131638583,0
-7.668979557053848,-8.31853631205135,0
-6.591945147475548,-5.2049796535857205,0
-3.1884282762457055,6.10003013838138,0
-6.28667638172614,-7.632344129803389,0
5.253144380889245,3.1109464646093943,0
-8.057755086501324,-7.764489808638151,0
-7.88883034358866,-4.661366235745097,0
-7.528703524717909,-7.811274854052907,0
5.062203633677976,0.8445351695615249,0
-1.7975827449638604,7.889644036360452,0
-1.9526444985189921,7.67880455909843,0
-0.34414155524614776,10.204834722541918,0
-6.986974013602233,-5.328731872266453,0
-5.707352231543202,-6.973370258817711,0
-3.089845925606701,8.402900880809693,0
-2.6983180138297835,9.93593624012278,0
-6.7542362193445316,-7.488263144896356,0
4.860509640535264,1.621081936486851,0
-7.838076572406078,-7.455167789463317,0
-7.609623862731347,-5.993266933787361,0
-6.739333765450726,-7.536686556622868,0
3.432119443684749,2.782282474672111,0
-2.480452800117933,10.29273799080562,0
-6.1735602412958395,-5.920856216826908,0
4.708964028952373,-0.8374586326773517,0
3.116706372054254,1.441758282802307,0
4.0496642240276115,1.8526722700413725,0
4.095895422855418,2.400545729411529,0
-5.933075829727796,-6.0592010721068394,0
5.208523452240872,2.3560913939979953,0
-7.538926228001721,-7.116264161133173,0
-6.990027095250314,-6.65773184434539,0
-2.1272621708211967,9.444327775389391,0
-1.7934633818819097,11.408648028780773,0
-3.614902291538686,8.799365097909586,0
3.7882615960413935,2.939295009471043,0
-1.612131426165618,10.289161169477044,0
-8.809714060474702,-6.448113029906336,0
-1.0165090540932284,8.743162527155754,0
4.856567933725774,2.2688352354227317,0
-5.239670509322609,-7.38346633132542,0
-6.671697499189595,-6.229619953287511,0
5.500564257596731,1.1403064087861967,0
-2.659253210085277,9.139862581669863,0
-5.788599281959793,-6.62996187724059,0
4.722320602862943,1.6038509137825432,0
-2.496368979509065,9.494113163565155,0
-7.86300391409995,-7.8325079784064195,0
5.746589260515419,-0.30145134726546763,0
4.878616761519458,0.6993323588065277,0
-3.935215740173202,9.408159346363064,0
4.504277596327219,2.7591624966438637,0
-0.8904099833918822,9.430112757653664,0
-1.8718729400296776,10.630586170920239,0
4.359307129629549,1.3571421402227761,0
-3.427173727663486,10.74545575996562,0
5.278835650440847,1.2646815824116409,0
5.306944308956456,0.42811327653429676,0
-5.1163283908517005,-7.137426093865214,0
4.468699466431702,1.907057289988725,0
-7.541562371068697,-6.481104834032094,0
-5.672201441994622,-7.236652021918732,0
4.565286159220025,2.3167672191189483,0
-2.3182810989090394,8.97795552015598,0
3.843097603558926,1.514771320727938,0
-5.360607618620289,-6.868941583769619,0
3.7623948140724695,0.5660824891567151,0
4.545975267515054,3.136170653646036,0
-5.923077729364001,-7.891146723321677,0
4.101900307406146,2.4396142807809933,0
-7.16092084382084,-6.998643827304811,0
4.6538838035994825,2.5369575589476465,0
3.718055179907888,2.073157847706284,0
-2.0874175488018794,10.324478036279219,0
-6.778864368249671,-7.067803524697712,0
-6.500017134736789,-7.716296707814272,0
6.031336803184043,1.7609253741008015,0
-5.4971938502458375,-8.224455598106498,0
4.85554760716172,1.620623441204112,0
-0.6170058622196823,8.130566987507258,0
-7.906337682936536,-6.709694175682834,0
-7.028182606051852,-6.749958531290362,0
-5.798046462786488,-5.2906626571712385,0
4.80321351690564,3.4348867001978505,0
-6.60768660021073,-6.932027952052008,0
5.317515938152989,1.9654956202562286,0
-6.413305541967978,-5.4578510846996195,0
-3.104858917096242,10.388724221369138,0
-7.20768364182803,-6.769640837389811,0
-2.113398774343003,9.277836940153106,0
-6.522157005302546,-6.545983345937712,0
-5.387362681676211,-7.133750047168449,0
-6.5990522251926516,-7.463039088875214,0
-6.502008784731177,-6.43643386638783,0
-4.0053564362174,8.09607396168853,0
-1.7145972401075387,9.987908377626168,0
-2.306868826629948,10.64614302728743,0
-2.961503942301827,6.590406801569365,0
4.683941403634701,0.13740092776364188,0
-3.5157401883323915,10.154164689327366,0
5.701695482217833,3.3871988195027196,0
-6.233581847722538,-7.988284289760693,0
6.277090480930955,0.5418148368863049,0
-6.385104699102498,-8.010630049308908,0
-6.82344327275895,-6.954890889927255,0
-0.7981688138619625,9.538246640275057,0
5.7507899809625345,0.4723676686785572,0
1.9104744513043674,1.9783749458356783,0
-6.866725895582964,-7.187399431950665,0
6.833328386516487,2.9288736550545993,0
-3.3653674637145,9.049852202231316,0
-8.464873201881128,-6.523632488606455,0
4.954323427102954,1.6142112987613182,0
2.704448876514295,1.4240107421769554,0
-2.6722645869965143,8.269383483391872,0
-1.9915386025836272,8.288542315044856,0
-0.8200086894010712,10.68420890960296,0
-1.1988888769331418,10.409969938988278,0
-1.6610234103860821,7.781762813429813,0
-2.2821631441878614,8.690217952989352,0
5.044914222083814,1.1276175075861183,0
2.391382301728446,0.848073356917703,0
-8.70779211907841,-5.262750895830892,0
-4.287785207059267,9.3339379541173,0
-7.147466623719581,-9.433740608924545,0
3.758445131001106,2.063479483147167,0
-2.2754117112620023,7.4583904819946945,0
-2.2418053089808474,9.335983934394335,0
-1.3126261213882588,8.855756555171352,0
3.5713580821456627,2.3185838655845856,0
-1.8444948777196402,8.461365290831019,0
3.1368319768706208,2.968863438311094,0
-2.992759106899287,8.402119211043502,0
4.363983114787928,0.7487674768934602,0
-5.712431207792175,-7.3707053351793785,0
-1.188783613268916,8.139850479858403,0
-0.8328045958445471,8.06877924825559,0
-7.370890218812592,-6.580589173859786,0
-2.2326161174617014,9.022842209022672,0
-2.4332423551366626,9.756968546558044,0
-2.0986475377251335,8.783216650740641,0
-1.3460338708977906,9.024519189217909,0
-7.454964559194349,-6.626925897576648,0
-7.88396745345086,-7.289005768265442,0
-6.774467209300058,-7.512757844715966,0
3.416133989571832,-0.5043364346882848,0
-6.4263531490180945,-7.3783015139773855,0
5.235960330360588,1.0230651147950827,0
-6.292825340415615,-7.149150685164029,0
-1.417090839070324,8.466380823991386,0
4.957241469483463,2.1284157359990115,0
-6.669701138738272,-7.5125486313521215,0
-2.968854395325747,7.934443680416835,0
-2.316600704321445,11.406395763472315,0
4.26437879615253,2.672633930836434,0
-5.306491169108368,-5.334883147391127,0
0.5676627471277533,10.374402028378634,0
-5.83192562227366,-6.514948960800777,0
-3.7896269755490333,10.769080310182686,0
-6.965046023984336,-4.938363471224244,0
-2.329126585356769,8.74135280797281,0
4.965130512082445,3.1524328425199615,0
-2.892014812665719,8.890557181923485,0
6.155196930551903,1.4313964479291301,0
-1.4362195752867384,11.378158622817683,0
-3.4997339481834384,8.44798839859555,0
-4.384370092698495,9.12931220734574,0
-2.9455835135793187,8.90467632427249,0
2.424056411207433,1.7777348374179682,0
-3.6240198104051644,10.211197076959674,0
4.048732006302491,2.301852033437215,0
-7.047766837200437,-6.730114503368208,0
-3.797505240516288,9.307001610340174,0
-4.671581143607722,-6.754700913800102,0
-3.1157010112684898,9.470190323369025,0
3.550536198515995,3.081614285663625,0
-6.778891383029925,-4.702555404595174,0
5.153488130643323,2.722867705385601,0
-8.216029614509534,-7.757243531723371,0
-3.875021778468189,8.865316818431024,0
3.793381033359194,2.5811172509464857,0
-2.44472320824263,7.03881956184445,0
3.6523558738011066,2.7144895008486465,0
5.421906223802229,1.0615523817868295,0
-7.645108411593355,-6.923655265354827,0
-2.8184067001026136,8.262129722607739,0
5.3277809191204994,1.626008201522282,0
-4.231742977594182,-6.426173704872172,0
-3.0980644497914462,8.177023697148622,0
-8.780701619969255,-6.796814955729139,0
3.944069225601936,1.813841106431381,0
-2.1380517496814413,8.4103009414825,0
6.2663095708369605,2.2092127477651022,0
-7.484308041278681,-8.967178838985463,0
5.267559254102576,3.637811505907007,0
2.902192637982758,2.0585136394612418,0
-6.325484264638521,-7.494533117723789,0
-2.327331367994255,9.262506714498658,0
-6.709184192429907,-6.15323906953101,0
-1.8273061334264389,10.860993453934356,0
4.712127970464304,1.4110073420060047,0
-3.111142064987927,8.381054731483344,0
-5.521270024720665,-5.816673871408487,0
-2.617957771509608,9.415997850297263,0
-2.6204236844014503,8.110378486733532,0
-3.046843380832567,9.669689958048558,0
6.261752584013153,1.453335538215506,0
-6.388040683560797,-6.66609520357511,0
5.420080557414177,0.7989673882205854,0
-2.508990558134553,9.004985807059708,0
-6.289356880075948,-6.9823759434935395,0
-7.788091528674047,-8.196679386163161,0
-0.4208229182720227,8.874696500043148,0
-1.9394303428205464,9.461994688215636,0
-2.9698363940125376,10.071408354417237,0
6.172259218815723,2.393706389844801,0
-1.8163418672349385,9.748923673657652,0
-7.409637949931236,-7.282866883182364,0
4.7548206079872335,3.4004983355355014,0
-8.239650767461864,-7.092969476032314,0
-6.515457128008859,-7.879296496237605,0
4.453442420406548,1.4938157412846476,0
-7.404295971716635,-6.118917220574438,0
3.3502027382670456,3.2269044701604663,0
4.5015435542117235,1.5957462828104023,0
-8.959909808393721,-7.6752846056897805,0
-6.978072505328019,-5.5371015095398155,0
-4.261574718193747,8.153556964802982,0
-7.825095531145928,-5.270033470086298,0
-3.3155745521708,9.089981068203414,0
-6.933881794015418,-8.17702220654793,0
-3.1143538586587476,9.92470462788389,0
-1.3087837151083248,8.357391849226925,0
-3.7792587117647822,9.30124198250003,0
5.322217618287761,2.9197466875141185,0
-2.835870870561794,9.139038227862256,0
2.384087505133354,2.404179376070809,0
4.9667897004672765,1.871761854218868,0
4.863805710174708,0.026644397581867763,0
-1.5709138170767525,8.498241399980948,0
-6.784323791997652,-6.099100638668795,0
-4.460299487091375,9.157874064703481,0
-0.522136511353309,8.483315230386356,0
-5.92221734591908,-8.104509366496977,0
-2.057129784793079,8.658312043812488,0
-7.606622016868327,-7.64887642183664,0
-7.464120623945669,-7.252366113401651,0
-7.27865512270119,-6.4796775994196665,0
-1.0927858313524577,9.78752611486408,0
6.760872402073211,2.9510172485950634,0
7.008213378628539,2.8292177787162447,0
2.845735325029501,2.512934196769074,0
-2.730240086589801,9.083655930856391,0
-5.694642743550954,-5.062798773550339,0
-7.177522535894801,-6.261820289965239,0
-6.865974279076213,-6.628455724289393,0
4.833677549995193,3.000239984584871,0
-2.7481456699191598,8.106722466156723,0
5.969673201433177,0.29758923431663753,0
-6.37530817558671,-6.494288106843723,0
-2.002956633746824,10.461591827590128,0
-2.1425993769559017,8.074406341870967,0
-3.3966898008548503,8.576827827874911,0
-3.6625481336487096,10.15160067056305,0
4.685839772277035,1.7305866476509382,0
3.925071577236631,3.767694532332944,0
-2.0724590713192406,9.418580883160018,0
4.950418474142305,0.8579524559698128,0
4.164394095038658,1.3093365811150417,0
-0.7086864415418965,10.25323248113776,0
-6.875097900099712,-6.182722114564012,0
4.308100064455979,0.44457838768144575,0
3.919666815221311,0.8475147161401471,0
-2.015879722171861,9.199122251893195,0
-6.408660121366108,-6.145144777523962,0
5.860594031723543,1.5398191288562058,0
6.051235697973726,2.758515286951015,0
4.159664402095702,2.242020470341724,0
-2.2560323850147688,9.834630140810777,0
4.139726155013372,2.505192116213518,0
-1.8869904790093481,7.875453010417552,0
-2.6325416870988607,9.323333571230975,0
4.437273063310028,2.953173920074626,0
-3.1148131627896145,10.840295841745258,0
-3.0622874399668825,9.710149967292107,0
-1.559603051688262,8.954870946925828,0
4.23286294442133,3.8239508263764654,0
-5.43967314972264,-5.804482799258286,0
4.371200958703144,2.3208432261857315,0
-1.6331508305229558,10.486956803949303,0
-6.709942100293519,-6.679714808399595,0
4.263895256876236,1.4120805529597347,0
-2.95538105626753,7.1247453972527905,0
3.8677298725161586,2.6265380677366172,0
2.685285831744826,1.662772880184763,0
4.323582299863257,3.1318367072820337,0
-1.815274389861492,9.730875467957974,0
-7.16270626474952,-6.608898117995973,0
-1.321811571487999,11.603849770216936,0
-7.4240282107301825,-5.832260536386197,0
-2.186223119435082,8.953282156342938,0
-4.102191356584419,9.45476086615872,0
-2.0514247569008646,10.68877856154586,0
3.481275572568616,0.15752070806191454,0
-1.831271751713481,8.526374720052619,0
3.7598668545373375,2.242350604195892,0
-7.549717764969303,-5.968085922287641,0
-2.2925726476481314,7.988533444558044,0
4.964224547423025,0.9368404871025691,0
-2.14880422803467,9.518573981582595,0
-6.488342234030396,-7.534712614204935,0
-6.515201114015922,-5.210862650899447,0
-6.043657266878993,-5.885092013660057,0
-6.375533359207328,-6.726460463979327,0
-2.647279957714232,9.605422246122254,0
-3.343520668544332,9.77831590977118,0
5.407816499744639,1.446778818830054,0
4.797513394669045,2.1681247763529194,0
5.74665335485243,2.387954146019973,0
3.515756977367328,2.0757111237582544,0
-8.123300305340113,-6.2431570532810765,0
-3.6522169351264786,9.834444314953807,0
6.231903734804185,1.3854317146208337,0
-2.5040841664102893,8.779698994823175,0
4.07243155499975,3.774698091772918,0
-5.931287911822082,-7.661669452500531,0
-7.870487945167985,-7.486773534026513,0
3.415491562870147,1.0803963766645812,0
-7.498024044111923,-6.673227063519156,0
4.452651514721222,3.005827200562744,0
-2.5554588403190928,9.128387620424842,0
-2.531497906770803,8.325400585622916,0
-5.638661592412738,-6.560286530661881,0
4.627512897985737,1.6448487412501722,0
-6.438387368980999,-7.058095801227291,0
-7.2403316916008436,-7.099796638299787,0
-6.174113805091023,-6.6241652161976,0
4.135580820415478,1.3653457913251077,0
4.640197447693169,1.4158883743261785,0
-2.556568325597186,7.432109364852194,0
-1.9141681572171856,8.45686307509,0
-6.807251675536378,-6.085335554815611,0
4.3667265897081995,3.3174542591753284,0
-5.562568513183906,-7.061843838129565,0
-7.626844499638014,-7.726456584788607,0
-2.826958517070146,9.130864640210785,0
5.110361832357208,3.9455141630229322,0
4.2917214394107885,1.8982431278222842,0
-6.735510828371588,-6.090377468643939,0
4.2247874995027725,2.678318342878909,0
-8.096412832232687,-7.714268639992527,0
-1.7781969962672688,9.552721085414774,0
-3.361584389126854,9.489651738890332,0
3.3863728238563398,1.7582148458617808,0
-3.282227332655453,8.14355835655458,0
-3.6001640532679486,8.603471840243737,0
5.328084142680984,1.529562853733346,0
-2.5702951310586184,8.265486332178268,0
-7.359086602101729,-7.908177405740057,0
3.4338564648199825,1.087198950042955,0
4.7253921658677,0.25746136530260255,0
3.716806439912524,1.7036759282367455,0
4.531739845836684,3.0852703031620705,0
3.9869286803960207,1.4233803243026988,0
-6.439957468878246,-5.976218192639945,0
-3.4739030488034652,10.642754682970644,0
-5.478849914955619,-6.424141193395357,0
-6.80154947725528,-6.609188250568505,0
-6.812157165894047,-6.450096069464592,0
-6.872642274895331,-7.516308034478075,0
-2.9964005442476775,8.662364810381812,0
-5.196979597137973,-7.222354723422739,0
-2.5021344644245738,8.353964988724874,0
-0.9310795654905657,9.99973581381354,0
-2.0163136512008806,9.84788933303567,0
-3.1406001786193083,9.066812496413638,0
3.332780491828969,2.159238116411279,0
-3.345259775152775,10.43878194944527,0
-6.455042095104125,-7.201697277701654,0
-7.071731871780946,-7.028729976707402,0
-8.558835281205054,-5.905002449987138,0
-6.434584491257083,-6.601186496108503,0
-5.448038285937159,-7.602889848720441,0
3.6852607342780415,2.4913886343861433,0
-2.108961767525975,9.215939033327576,0
-2.3198693157603762,9.311530401578446,0
-3.2363347988776185,8.766767492646817,0
-1.0272368546162143,8.731068089253089,0
-5.945353173514723,-8.262072378262951,0
5.462451757428582,0.6616257179037308,0
4.604782369443507,1.119236775480676,0
-6.00342119947961,-6.3060283111694115,0
2.57501355854446,3.1949743689174337,0
3.1456153071618624,2.1540407954231644,0
-7.231301433995042,-4.9328053643862715,0
-2.735681721902582,8.054846891474842,0
-2.0177681703325505,9.584046485396968,0
-2.3785075985883677,8.872760374831373,0
-2.161636009249198,9.100983827612717,0
-6.736340519269245,-7.636889960296814,0
-2.283436099940996,9.031899380131978,0
-1.8876257331966992,8.644675792154688,0
4.784188855663181,0.1394639163112974,0
5.794876396769719,2.1668314484575313,0
-3.5258807516292476,8.770205654524121,0
-6.551617473167865,-6.540579645012286,0
-2.3597415333894407,9.78503633781711,0
4.67525025331674,0.8864588725560048,0
-1.8376664513236967,10.542317487586153,0
7.505090859314064,1.0711770344975347,0
-5.912104196242094,-7.1827706369514965,0
3.0923090420917902,2.177113541456727,0
4.028877712138472,2.7695097036895646,0
-1.4305167896214546,8.975777658697615,0
-6.525947815260222,-6.163381945558604,0
-5.755213041180381,-5.667125664726576,0
-4.290237473762222,-6.73542346275091,0
-7.061941891868264,-6.773674176844658,0
3.530269468325071,0.29179279222546795,0
-8.06025323644638,-7.924195529099787,0
3.950767038506311,2.4408597877996177,0
-6.159403174245862,-6.359132719784175,0
-6.41707926835352,-6.503048683647547,0
-6.369528459943997,-7.452695641402474,0
-7.9498826311656865,-6.085183575602001,0
-7.583987515372152,-6.675252293058255,0
4.540564498436069,1.7007427830098605,0
-3.8820570745338143,9.365766028550523,0
4.560029682740305,1.3615645377361472,0
-8.055361637818232,-6.9216275625440185,0
-7.1079879838089095,-6.648568524462141,0
5.69208999218516,2.070603794238035,0
-0.8919850480841263,9.118642065721534,0
5.562856401368532,1.452539077378433,0
-7.600015549951742,-7.435509992718285,0
-1.2881639275273973,9.596383831666937,0
2.6039762661233254,1.430370712223767,0
3.071734522808051,2.430382747633246,0
3.418581451622876,2.8375611813473967,0
4.455589834395389,1.767329824019388,0
-3.360737602832069,9.02055928438274,0
-9.389849332191684,-6.918761362103272,0
4.005604119410788,3.1020171714901217,0
-2.0731918478301705,9.85812563784006,0
-1.2889147266350331,7.937607000727308,0
-6.900959572782358,-5.197446678627832,0
-2.2011470835486477,8.62263756077653,0
-8.449863845233114,-5.647825763765115,0
-3.2437891998507995,8.204033691183941,0
4.526054063920625,2.406142611984367,0
-7.695811363027385,-6.727975874411831,0
-5.930461120913109,-8.09187780076531,0
-1.7592973836290398,9.293553966414848,0
-2.8741503525956356,8.175076460859316,0
-3.4741210836328547,9.70033758819676,0
-7.827050086169729,-7.1342641241503335,0
4.912115561555489,1.9158992731186297,0
-2.409546257965109,8.510810474082122,0
-1.0084378324184393,9.864507870311815,0
-1.8103692028502154,9.435259072587712,0
5.070021810543473,2.481705001567863,0
-2.2130773459881743,9.275341400378212,0
4.931162501918358,2.768403933197914,0
5.87734342796164,3.5515123614380175,0
4.4467236113785225,-0.00521523263235224,0
4.742524364767766,1.6753735277167718,0
-6.063773681072754,-6.6271823890628205,0
-4.124329438958259,10.179025482655494,0
-5.3169586859205875,-6.4018856531133235,0
-1.695216762855009,9.142903578603288,0
-6.256210032550111,-4.940646043705822,0
-1.6370006229797722,8.699199397004213,0
5.763306123323863,2.6501637813157863,0
-6.829156137467809,-7.615963169188307,0
-6.9091347897703415,-5.416673939014952,0
3.934768316062141,0.623564428228804,0
-4.48742287242756,9.061221030258691,0
-6.498358044183291,-6.061934067804472,0
-2.4903785733121517,7.84263178088076,0
5.897491948804753,1.4397172381648315,0
-7.322344260683446,-6.6415515226364,0
-2.8195886144303155,7.46648457188929,0
4.581045982096579,1.7522379590011194,0
-2.6896775366433756,12.207393696043182,0
-6.572930249121432,-6.895053672697021,0
-2.2598890274110213,10.059374602283075,0
-1.555112520896122,10.232766343070008,0
-3.927563355985782,7.253477316217546,0
-1.0381629322356463,8.314790908030679,0
-7.284638262601968,-6.750687916460646,0
-6.2401991489587205,-5.98726903895665,0
4.5377757773366625,2.0107227606012947,0
-7.116160443247394,-8.095953576101316,0
-5.999140730927139,-6.547051158208899,0
3.9873505430114564,1.361992531921405,0
-2.4063390451204163,9.163628039258201,0
-5.157359800164245,-5.393958268132602,0
2.3541015917331514,1.1905783213925987,0
3.1191573065939817,2.3573298619082097,0
-2.9811294888421838,10.103236725165688,0
-8.334916167052485,-6.009931418529176,0
4.860720606518454,1.930345304865213,0
5.129057186865895,0.7933929345662234,0
-7.468319715843262,-6.484398060858993,0
5.7151003774100175,3.020446092500195,0
-9.723570855923038,-8.276338723512138,0
-6.940513168057973,-6.68979946787889,0
4.817576882018341,1.178510499794928,0
-4.009419484499686,8.235449085377887,0
3.6257146181011333,2.3121455776089936,0
-8.678127686335944,-6.809923740853202,0
-7.683036650943707,-6.376472957098086,0
4.950351590408853,0.8459058913865849,0
-6.489142897276935,-5.80498884429419,0
-5.89440701834217,-8.278466667736168,0
-7.738213416781256,-5.18459377402609,0
4.1760244067221555,0.8749833001625822,0
-2.468278447657029,8.01209867241685,0
-3.8977401768839615,7.414015023694612,0
3.6764824950295325,0.041104525420772475,0
-5.449596802229901,-6.679061928994252,0
-2.2817017473206964,9.650253878910059,0
5.460022430351161,1.50543100008215,0
-3.296981374960989,8.393438529947206,0
-6.951919850865756,-7.871303810900501,0
-1.4127283892418665,8.388608840702108,0
-5.591416720085187,-6.0419626963787865,0
-3.3047546909936325,9.438680066059334,0
-7.25014054774514,-7.1109585611796575,0
-7.8535942354003705,-7.556425456853309,0
-2.7578134768194276,9.640899765461393,0
-7.609200124371661,-7.288529443407263,0
-0.21728635623406412,10.881748132359672,0
-2.9592104810485638,10.271435345060894,0
-1.4265065691656769,8.543161476380442,0
-6.848778524097763,-4.403180459552535,0
3.8396561008281975,1.420476730157235,0
0.43989680225597505,10.258965708935108,0
4.515577897349602,1.8944167976960915,0
-8.45897235322153,-6.675955721279919,0
-6.739945225866038,-5.42671248746127,0
4.295243999219945,1.3369128489546955,0
4.035159969592623,2.6027280500065677,0
-5.800777624642307,-9.039378528595714,0
-1.3230521490104512,10.554610108018208,0
3.7793549682468623,1.9006919643466968,0
-8.185139628734241,-7.942809868803845,0
-2.4655951766802966,10.709337168629075,0
-4.040305125608472,9.528540884216156,0
-6.12834948600866,-6.585174858165811,0
-6.133310668592144,-6.113605826270367,0
-6.406581918313269,-6.778782416415479,0
6.086442127479469,1.513310421625592,0
-7.034689235849749,-5.691634626772423,0
6.697690013325864,0.5347585171461728,0
-7.4880642325424125,-6.473567455009252,0
-9.69475088105712,-7.083077936423832,0
-6.597626648596759,-6.503721031386747,0
-6.572837228689818,-9.013228810994057,0
-0.9286569364843766,7.999191936370453,0
-6.284303903258606,-8.285969279141412,0
5.956223673747621,-0.9354910605397717,0
-2.170713779591059,8.718884718059293,0
5.183135801202375,0.1655800347592744,0
-6.484983107794604,-6.5218097783431785,0
-6.966173351831873,-5.789130565656482,0
-5.066719970492521,-7.819719110373796,0
-5.501269969728721,-7.246229282651294,0
4.693930499074102,2.0987182705918803,0
5.042076661140452,2.2217147890597193,0
-1.4408182893587338,9.61840701778684,0
-6.375472640200992,-6.4034960862561325,0
5.892037873194211,1.8502007373063625,0
-7.964800869487014,-5.61130193695899,0
-6.852450023478806,-7.501441316797926,0
-1.8815913254909191,8.734778664901787,0
-1.3282077177470781,9.417560691235494,0
-8.081162585890556,-8.216831677422569,0
-1.1980301252501258,8.789967157320216,0
5.900728356227411,2.58983366041185,0
-3.3448866280727865,10.11150631980476,0
-9.227695588252097,-6.885832434180867,0
-4.280266176140842,9.485828508616528,0
4.758209055126303,0.857105507868837,0
5.843456890761561,0.483885419500514,0
-6.958453070624725,-6.800252757506643,0
-2.045991330953627,7.647148321738076,0
-1.590881017050437,7.443785524575144,0
4.5986307072488986,4.132290838544024,0
-6.746698726323769,-6.398614272708822,0
-4.3454029961560465,9.522277455110865,0
-8.610951770027585,-7.379088336331832,0
-7.614579067986648,-7.783019600323874,0
-5.967024877121527,-5.981481726545461,0
-2.1753376564842153,10.445652910029505,0
-6.089719444297377,-7.1805524021034985,0
-5.981382618295041,-7.043743264133438,0
-5.123249203523278,-5.333710906086117,0
3.369516789903015,3.1278634506574523,0
3.891787853379439,2.264828617129778,0
-2.7522588219336166,9.016574064341826,0
-1.4183359524490522,8.551346616173063,0
-1.4800419857271065,9.486883610611365,0
5.238968595491911,2.148843396432511,0
6.552566970584897,0.6483239030079919,0
5.507684295770547,2.2005747629323524,0
-3.150278889591106,9.673340472111741,0
6.591807925745525,2.051106980498942,0
3.577638518884817,1.8372966355769358,0
6.641801295476462,2.01723431885367,0
-2.704105903405431,10.148056225065385,0
6.151946785369555,1.8192719099550967,0
-6.867890821429334,-6.3526709414159495,0
5.61788181222651,3.243698908087875,0
-7.293837972078803,-7.824862445284836,0
4.569832392500136,2.698588511098498,0
-2.6198629916100797,8.117643900883113,0
-6.694230534683509,-6.248209254118134,0
-2.4846874487938075,9.512284419443771,0
-7.088133622105021,-7.4118852942375835,0
-8.034264140035997,-7.760716053057596,0
-6.843347898512935,-6.422499851335575,0
-7.63373967094233,-7.997029105188106,0
6.569148832849384,1.8704022224531323,0
-0.8853126302415979,9.397454317957221,0
4.863402598769638,0.4891906244733144,0
3.663258520364545,2.133438541358309,0
-3.620655579989782,9.260790906630326,0
5.238050986562896,0.9976367483261,0
-6.7318051008480255,-9.411539639053952,0
-3.355557342939723,8.429378474780552,0
4.181001991203105,0.9555849067273563,0
-2.371845143645714,11.932459683258415,0
-7.847640155740551,-5.732306801516194,0
-5.967813597580468,-7.548887832057069,0
7.306784058548111,2.0703254710269796,0
-2.2156600930841095,9.263703815883364,0
-0.62301172184222,9.18886394103016,0
-1.479740141454393,9.886601508226772,0
-1.5397404225260134,9.441480490070006,0
3.6132533533439224,1.5150326940990124,0
-6.609163682420713,-6.858128040632344,0
4.620560531956266,2.0747997374741565,0
-6.801511498667805,-7.306896064199372,0
4.24947009794763,2.4893137235271117,0
4.896662093552824,1.7446971401311915,0
-6.202738986670555,-6.989425850511988,0
-5.941215767277979,-5.659633202194872,0
4.446796762221489,3.0234892362170873,0
5.491807907018944,2.8880374820385817,0
-7.27089490605881,-7.769034402335717,0
4.283943919141131,3.6210472897244053,0
-7.606516574355982,-5.834902011243696,0
-2.5727711622388716,7.5633582370870975,0
-3.4941907488697654,9.21296613774573,0
-2.436000632051056,8.864043139400062,0
5.257947330158143,2.3196967022537325,0
-3.1663325853308084,8.316567224300076,0
5.644809130295984,1.58036866705959,0
4.898766351940807,0.9073669725919737,0
-8.249883780359156,-6.8867258374294344,0
-3.0121723936040934,9.27777334352938,0
-1.8706051642753763,7.352766065929361,0
3.5361202736257846,2.232765330639686,0
-2.186479062714661,8.187055184645999,0
2.152422077521972,1.514946654684231,0
-1.9603137877353858,8.759330334644623,0
3.8145868753972367,1.4802514089914798,0
-4.19770281112125,7.8942387057284495,0
-7.450673769025611,-4.832457689379098,0
-2.9726153158652124,8.548556374628065,0
1.621322065660309,3.5521147766587076,0
-7.54740958543956,-9.076555854919047,0
3.8062805532616952,1.2932811442045455,0
4.9316115616064105,2.1872806662268656,0
-4.198380661020012,8.543022387495801,0
2.1630867693510143,2.474259693249504,0
-5.767566511118113,-5.208755509182819,0
-6.446580812547324,-6.566871344275235,0
4.2048262359922415,0.4951674286365477,0
-2.153528674489521,9.205863524392411,0
4.408010329602312,1.631152338135957,0
-6.791662913676994,-5.969648490824105,0
-3.493852407900013,8.221762681083108,0
-1.8497463819391387,8.21033771347084,0
4.76924684293192,-0.4075694215827652,0
-3.136931529137256,8.726247254276245,0
5.67688416059726,1.6976873687617098,0
-7.062345652965598,-5.202425502376137,0
-6.590176118300612,-8.303446388157333,0
-2.0907994021640666,10.415884721144751,0
-1.5131499372469337,8.25749103962886,0
-1.526514480282809,7.614215405015313,0
-6.0335821822618625,-8.621601249890043,0
4.479804349619797,1.729759381372824,0
5.459618553486196,1.777697040354758,0
-6.441674928171515,-6.881624096223993,0
4.558685652092632,2.808503119305567,0
6.074055872748428,0.23374443970845382,0
4.2834517157030225,0.44798424727853403,0
-6.832907070886298,-7.579678871854369,0
-2.2870638514190373,8.535537506534844,0
5.870338883988077,2.5006505169684625,0
-2.1202188937005664,9.265759737138833,0
4.367034289887971,2.943344766508591,0
-7.7703232764135475,-6.824479469510158,0
4.508767497547619,1.3956354199215193,0
4.423877414654988,2.307134833616922,0
5.068640095108865,2.7436332796279586,0
3.4769398493751886,1.615754635770032,0
-6.432240894677842,-7.28646644464637,0
-2.1871153122857647,9.003194124249719,0
5.701135094740219,1.5397801172545789,0
-7.779075167410944,-8.32299816733364,0
3.864916012164117,3.34126392075563,0
-3.5734176298700993,9.004441319547938,0
-2.6021418296663383,8.774784206176571,0
-3.789502021723645,9.886743456478467,0
-2.1982900574547455,10.489642345147873,0
-1.2194448689700046,9.68746747946828,0
3.8322874961298052,1.749697178703793,0
-7.648772470957888,-7.814115095338661,0
5.144243901946512,1.4318705889784922,0
-2.42330461675942,6.794985755450787,0
-4.819285647314438,-7.948156731642187,0
4.110962457123446,2.750765745733004,0
-7.795594772516422,-8.425338708274618,0
6.4028584887655,1.465452914791018,0
3.6554657900528893,-1.2593957485717016,0
-1.3098980501311646,8.982009234095704,0
-6.382889434375552,-8.03811139979818,0
-6.76178286500997,-7.920077744892998,0
4.021718387544474,2.8716813884922967,0
-7.391495592244787,-5.334001032844537,0
5.3133076489817945,2.134961224543452,0
-3.1584751681187573,7.790345861436065,0
-7.247362774427237,-6.484412086667942,0
-7.0023986168380805,-5.977783832145561,0
-8.051909688054224,-8.62882263069467,0
-1.727067621521291,8.223386746530768,0
5.302047590175601,0.47453418679152004,0
-7.566507425939398,-7.906144840831187,0
-6.587591469420362,-4.131327177365882,0
-3.2551397495283516,8.35274468568303,0
5.708428394683401,1.8845986166719422,0
-5.51100376845276,-7.574612754660756,0
-7.270515458323659,-6.676833372218484,0
5.264696659281976,2.7781122575780794,0
5.094583232644876,1.9070037493942973,0
-2.4098653176235243,9.76567325157011,0
-1.6978010685611582,7.866022839445703,0
-7.500786434596499,-8.795978619584394,0
-2.4205400320913126,9.211601835603917,0
-7.278957214051482,-8.839291202011923,0
-6.368071662629266,-6.514677750451238,0
3.52164689687207,2.7950911663566322,0
-2.012998435689434,8.478969415630662,0
-2.3293034718992716,10.40628841454292,0
-7.683547535390691,-5.663581360726409,0
-3.02695507027497,9.232088467947047,0
5.574020278461796,2.4066221256402125,0
-7.160496436948929,-5.381151130608415,0
2.4787167326563915,3.2038154881187433,0
5.061126214919081,2.8200096294098973,0
-7.869286478662539,-7.7967482866394935,0
3.796580524943149,2.6752000076080584,0
4.778513864758552,2.4712816795852737,0
6.78570376130459,0.4282337617873315,0
-8.073785847242586,-7.1991176237487995,0
-6.925337945797097,-7.318634098880929,0
-2.213917682431882,8.237786987705322,0
4.951940967954839,2.8314401141226035,0
-2.7251581434029823,9.951763620705247,0
4.656253078159395,0.9862269474391752,0
-0.10578203781447515,8.956667331164736,0
4.465434901942819,1.2257404306915274,0
-6.0911282438002505,-6.839028729181193,0
-3.0354454795701713,10.40262390640677,0
-5.441431605942522,-6.545834127199425,0
-2.338332184924808,8.830302791845643,0
-6.20566203944122,-8.39805870822265,0
-5.29590964551173,-6.551342741834889,0
-7.383992391531876,-6.580926132462149,0
-7.845023350332971,-7.469626725772457,0
4.294895674271034,2.200198544329677,0
3.613797992032477,2.354595301475074,0
-1.7173383126646826,8.443645697998209,0
5.566136327312494,1.5871671082912928,0
-0.4466727038096052,7.946753213944048,0
6.164396017344004,1.528223293045479,0
-2.8172319072384915,9.793946660467661,0
-1.8836896062217146,9.899517611187312,0
-2.010975874555965,10.154435166719589,0
3.6777376080377167,1.97339363193652,0
-7.544734562170075,-7.46367014117202,0
5.058790447600888,-1.060819678204537,0
5.000634590891936,2.0454580310656016,0
-7.393115554925323,-5.537361989959181,0
-6.602102506674975,-7.139787556783475,0
-8.6216811329231,-5.805006139467007,0
4.337609444145575,2.504036846007881,0
-2.4473142701656148,8.086732797386594,0
-5.8398649015464885,-7.221728060046263,0
3.6677166182847762,2.0527492304972927,0
-5.689265771399204,-7.162902803385271,0
-1.2696136166111887,8.618056450096562,0
5.746340607040173,0.7229536580459308,0
4.248208226724069,0.09064893247326822,0
-1.7522090064073983,8.092120804020697,0
3.067648292149972,1.6657087839255897,0
-1.408237988054179,10.972633582418915,0
4.252387521322667,2.6856741260328927,0
2.4323312705567464,1.7103291844783388,0
-0.42315057351563645,7.99952663501247,0
-2.422150554814579,8.715278777732454,0
-2.768788974416355,7.511143175080216,0
-2.0808809306775125,9.091442624416038,0
-2.2449428594454113,8.973952217984278,0
-2.027331561334259,9.561550925576288,0
-5.5068775249023965,-8.14886060087723,0
-2.860611858766483,10.57769948703043,0
5.165816116482752,2.217060625561183,0
-5.89497139301366,-6.096286187529288,0
-1.6963355042137902,9.643914970121934,0
-2.096266168777126,8.450561575394346,0
4.043554147136181,2.5018044992752912,0
-4.051999138262396,8.381531098313282,0
4.734906721500175,3.7014990645070656,0
5.606796237303569,1.2500965790285874,0
-7.7804389321626335,-7.19920562752697,0
-6.719065072853851,-6.316293033889442,0
-5.664561585559632,-4.979220803672262,0
-5.397183162396633,-5.9421199929846065,0
4.610706137001541,2.1124893146702917,0
4.932707679814785,0.09273413987765067,0
-2.4639749140527676,9.065484030079407,0
-5.9507759451010465,-8.126439071024372,0
-7.28167649142606,-6.134922711382119,0
-2.09433212269084,9.477574658316428,0
-5.549283683661551,-4.992250605317308,0
3.583889024301258,0.9231148941175458,0
-7.559046752094161,-6.589529245401409,0
4.791536108373119,0.9494137362328814,0
-1.3181117682792733,8.195681101538243,0
-8.889360558019987,-7.4291640244348125,0
-2.4393955380627315,8.628972531336562,0
-1.3604319226806467,7.274572349420222,0
4.773820719180114,1.3614765622389338,0
-6.512580398221302,-6.600297738973591,0
-1.640041558663477,9.901576965465063,0
-6.050353504584803,-6.7252591449655625,0
-3.5020636241382954,7.5690808637860965,0
-1.552902620961404,11.338959434051139,0
-6.715755789414814,-6.550476060468155,0
3.6889254531336295,2.6691017848815815,0
4.077948722370175,0.5442650774290052,0
-3.567638256694403,6.516225110705382,0
-7.1695483441762855,-7.759948899376933,0
-1.5508118032107077,9.065947105049402,0
4.736633754666902,0.358419821649401,0
-8.47981647791343,-6.173588819855319,0
-3.5355668307186425,10.244286700917472,0
-7.695650263097473,-7.729249239788938,0
-5.862561647181117,-6.754551070802369,0
-6.544501058077606,-6.515507789571115,0
-3.6013392164814833,8.760610050655941,0
-8.392906660309043,-8.184658492860056,0
-7.066701461073991,-6.047709054685387,0
-4.988897342557241,-6.173050734874743,0
-2.5119837337196516,8.481195726182488,0
5.150614385835375,0.9552202378055816,0
-6.8504752788262575,-7.905004492656813,0
-4.476267326639903,7.897099666491319,0
4.297573992778952,2.875260995529,0
4.036581987449947,2.546728520818157,0
2.1190318296553667,2.1219784456203223,0
-7.260095727268604,-6.712459437889291,0
-3.8868669910098412,8.0764610882832,0
-4.834688393120244,-6.654938661049011,0
-2.9271071688186407,6.988478255086944,0
4.543224926609961,3.5859499166377713,0
-2.48380920251034,7.094612972000665,0
3.7067727590409922,0.9762380575386052,0
-2.3693103902136228,10.01040434310945,0
-5.544522573882646,-5.941498514650453,0
4.994188217746962,2.8766903677442337,0
-6.019932139853505,-7.976734637423265,0
-7.839477493367565,-7.105029132831298,0
-5.525735331827844,-6.975260105332726,0
-2.1717155483263513,8.750978321320405,0
-1.836904215012348,7.513809579035319,0
-1.3079837008888053,8.60621075517677,0
4.518141582444476,1.6369659472739677,0
-7.59816989793031,-5.047989985698646,0
5.9849960098398896,1.3712725230081184,0
-6.596357241004672,-5.873484961679432,0
3.132653015844163,1.416451786083569,0
-0.325100889672294,9.584793336552838,0
-6.386911771689869,-7.184174851341704,0
3.5371024624077823,1.538349071074618,0
5.347557080255344,2.4797040753266497,0
4.671638292809552,2.048843224554118,0
4.362989480459298,1.3014488946826548,0
3.9324392914159136,4.183025349689196,0
-2.7668181085637444,8.944652674898213,0
-1.4078674581631998,9.730626208738732,0
-1.8298243400962468,7.8654920930396655,0
6.159830842142401,-0.16263016479407355,0
-7.546786741217597,-6.846886354758987,0
5.209168159498165,2.044838237820976,0
-6.9175200229459595,-5.5986141940225345,0
5.774518536049158,1.3012523734757413,0
-5.196738802203439,-8.367263828985717,0
-3.2465775265507086,8.180101279465697,0
-6.387189851997103,-6.590279551405235,0
-2.465368823592322,9.970088873310802,0
-3.8284448176515173,8.811305490802665,0
3.446503067684786,0.1399992322420045,0
-7.453382741555647,-4.892575432252579,0
4.2564608942591695,1.6455362466307712,0
-2.8303566617584526,7.428660421428729,0
4.285660220311461,2.8113469035401697,0
-2.284512897300864,9.946876960071412,0
-2.1370921504458873,9.40344532386625,0
-8.409758119894601,-8.615420296868718,0
-2.465682954409284,9.572425642716828,0
-5.01159426619216,-6.884022102571025,0
-3.208923131045336,9.228266038932544,0
-4.329800923601267,9.284343486589744,0
-7.295942448495298,-7.013425399794053,0
3.651349828362201,4.2140962401465245,0
4.010284604364304,0.7405806197718168,0
4.238669629683423,2.6827691633242985,0
-7.010807345416111,-7.311110699108886,0
-6.205483186031281,-6.163847096807418,0
-1.6695337586215615,7.656768588356386,0
-1.0580540152577085,9.973556954283529,0
5.822779325615626,2.4801460297688736,0
-7.007624166364665,-7.641565150039797,0
-3.285072446219234,9.093250173866407,0
-6.21129396154511,-8.00959517087135,0
4.1972895434539454,1.9808975771164166,0
-1.1307302675989421,8.342773921217775,0
-7.76573984249892,-8.499799458792573,0
-5.646708604473787,-7.216852623323843,0
-6.7328797189460445,-6.5501508054355115,0
5.561815214235718,2.8245796207033864,0
5.019946276801933,2.5442723125321,0
-3.760737047243194,10.45805073227158,0
3.771956373476948,2.5303073023442137,0
-2.654076185000637,9.057326999048708,0
-7.621447832853028,-7.007467261397059,0
4.536416046381178,1.4835990369100605,0
7.4640992626233045,1.6189632954319437,0
5.816879473018439,0.6607023804921821,0
4.866116924895523,3.091103506667884,0
-6.030821733419821,-6.944531792853136,0
-2.383973120404843,8.58488058707307,0
5.191559068484071,3.8700584318128133,0
-7.226600644256387,-7.757465328430841,0
-2.5836310521527963,9.634958225749,0
-1.459644907733415,8.479050916637753,0
-1.533380903708041,9.932740572140736,0
0.6428591114593347,7.890792094958724,0
4.931257821044047,2.0053547709775716,0
-2.035959998479205,8.94145721554145,0
4.059137745671651,1.9696888353675301,0
-2.949242109749734,9.145026705484414,0
-2.0296900750511417,9.743227322768771,0
4.647229511147801,0.8903291550723886,0
-7.344872620320351,-7.441466330799893,0
3.2592266661179616,2.385240821006756,0
-7.632346433054338,-5.403994718710182,0
-6.861771889669096,-4.404795792339844,0
-2.2801229348470478,10.088604140913883,0
-5.038757700747054,8.717678669128523,0
-2.449567253132576,8.367349350492749,0
-3.826329542999335,9.790314042041796,0
-6.707468521544829,-6.72634576373124,0
8.017647077517463,2.488889303110868,0
-6.513299707610193,-6.359431826195873,0
3.5422678539523744,1.6115415745681863,0
4.186619310281059,3.6916092995434457,0
5.564236204254107,2.5403875893746046,0
-9.201112533228848,-6.9058789491532035,0
-5.869256340960938,-6.539238801929666,0
-7.089155572668325,-7.470135562366768,0
-2.4884039153773423,8.286283186969188,0
4.169623119961744,3.4717160446105857,0
-6.977658262431058,-6.961180334283972,0
5.50331611641798,1.957606595070438,0
-7.84905963443959,-7.150401910900442,0
-2.730451246638522,8.7374728283094,0
-7.284678144096823,-7.678582390075579,0
-2.201187720835409,7.711441364673576,0
4.523390483597066,2.4623815086050334,0
-2.1655793334842888,7.251245972835587,0
-3.025627266940322,8.817819544770224,0
-6.839762983659684,-6.096641487067029,0
4.800564334353754,3.5879529381880593,0
-3.803879098773656,10.175112915576841,0
-5.424128899072327,-4.716133259974367,0
-2.0412472009208984,7.844005421801547,0
-7.5949647602459365,-6.6278781133566484,0
-1.08644948695281,9.940501530439914,0
-7.494941073224978,-5.022259441985282,0
2.387085441496762,2.309137857381309,0
-6.0231673780024835,-6.893971727780218,0
-5.737572598799023,-7.407706935854997,0
-3.5084998553476607,8.509511206970105,0
-6.4862488466815575,-7.060659884161685,0
-3.5630331184170956,9.442100523351225,0
-7.404163930151368,-6.43848452546173,0
-8.210276274171896,-7.651108606094676,0
2.356640201613062,1.7597369868528074,0
4.256879621744644,2.407238171123909,0
-5.780211589358333,-4.998488303918176,0
-4.631052522061345,8.40646414110389,0
-3.3276262889947517,10.546653852876437,0
5.333096437886805,-0.05450758773011666,0
-8.20022348089787,-5.587700662807218,0
5.078458127149107,0.6031430565763027,0
-3.1060924077847214,7.339816667745076,0
-1.1182252650513496,7.658315783338358,0
4.313342983693531,0.8022447901332783,0
3.74329329558091,2.546617177296131,0
-6.406673626437999,-7.196713036179021,0
-2.7161822121511188,7.983260853051014,0
-3.2280300106614805,9.759291441075602,0
-7.466371951881282,-6.80337673388299,0
-3.7549149994991344,9.06922023919817,0
6.180631212744874,1.446687329145809,0
-1.4876822302708863,9.93320098285665,0
-2.961146994964628,8.224947622478647,0
-7.2327473711537165,-6.8492601005190075,0
-2.173052660026521,8.786809868244914,0
2.5888264283742464,2.2832385078158826,0
-8.198799148983394,-7.037288093206115,0
-6.445250269122902,-6.748494220003205,0
-7.186621237034672,-6.2953842462400065,0
4.63262313776244,1.6614620914735174,0
3.8036839855239304,1.7073413182937398,0
-1.8302506352905172,8.201883779260902,0
6.42711880083277,1.539179221724775,0
-2.597479671404005,11.59399546585264,0
4.407605333428629,1.9837153956817577,0
5.326652906731456,1.3313482799963907,0
-6.258629625278535,-4.136996720812201,0
-1.957721347813227,9.354875344598819,0
-7.448332897748323,-5.913830854041275,0
-2.6974000618255713,8.910699274792542,0
-7.1164450341881285,-6.166811416655315,0
4.785306053633861,1.2694592846092987,0
-2.996902996001495,10.088619132968565,0
-2.429624088110584,9.77311054436193,0
-4.385750329094624,9.633997574164457,0
-5.302777365562053,-7.718088807955265,0
-7.770458871282052,-8.828488100008098,0
5.211103046464341,3.3638132798906892,0
-7.027615938674123,-5.170346341611373,0
-4.572600775532205,8.696935635955787,0
3.7500340652869597,1.0123901256958416,0
-1.9298508632959743,10.426313006741571,0
3.4739046505476403,2.0758602006893194,0
5.647183193701364,1.9965548985992396,0
4.3047356974499085,1.8378354500176224,0
-1.800983199796193,9.247502259461823,0
-7.188955683925567,-5.978490144351202,0
-5.157662903019094,-5.458216504571604,0
4.556707064293482,3.350504713469074,0
-1.9494071751217104,10.095066853752943,0
-8.142662544728337,-7.365239535375816,0
5.1945175443599085,0.3492518413707648,0
-7.241091520314732,-7.259588849287691,0
-4.547322158230604,8.006199817280917,0
4.913538955440603,3.5400243911545184,0
-2.449264992786422,9.291663066156513,0
-7.27093029509173,-7.84684412315265,0
-3.0985623799969617,9.863888225219346,0
2.567523654532103,2.1272015256243195,0
-1.006840570956722,9.088380908618097,0
5.9447135995474305,2.108345925283401,0
-7.2798694740831555,-4.9892691732367815,0
-2.684492152956763,9.413603729917453,0
-2.003232069596885,8.286013925791709,0
-4.031556809270642,10.126974503188247,0
-1.770387142165247,9.629653612211374,0
-3.19524738008793,8.39707388155036,0
-2.0923960485696362,10.181406916201619,0
-7.028356778968663,-6.399498378027352,0
-6.6143701675708675,-7.316399784270104,0
-3.596443561915553,7.9284609993131365,0
4.974933188140273,2.53795878984838,0
-7.194905378603414,-6.648590821229485,0
-2.181386549478627,9.966764285151127,0
4.204168003843364,1.940295198788298,0
4.393543555048253,-0.3283020337292548,0
3.223609976887494,1.330393301040784,0
-4.8707177720551424,-6.98492995921641,0
-7.410207546798479,-6.934450434312597,0
-4.37893932274817,8.625765353015312,0
-5.6427552976330455,-7.424397886431432,0
-6.192851702103606,-5.960701164522299,0
5.081541400414162,0.5394396591305035,0
-5.9764595991564935,-8.89209095898165,0
-1.3595256041740031,9.310863066728627,0
4.100449042449683,2.1462373325112853,0
-5.12986068527044,-8.438871846414088,0
-6.978499816810753,-7.566044097225564,0
-2.909097613162067,8.269118357880972,0
4.816363019891054,2.424395700076831,0
-3.6054727099479518,7.574235245604028,0
-8.350838935430422,-7.100944085313029,0
-3.2445010837347024,9.735765451955665,0
-3.226019943655555,7.147749511125261,0
-0.38704142604011693,10.046751388749469,0
-2.6821436829761733,10.725994608340665,0
-2.503953923334567,9.061266721963063,0
-3.0828596299329867,8.467427186957929,0
-7.800210416987747,-5.3638211427199325,0
2.9518445110304232,1.3724217533021643,0
4.7797001947463125,2.211668609613786,0
5.828685077421258,1.30812376593762,0
5.846414559682404,2.2422223769564393,0
4.319094974376102,0.6111263130859745,0
3.2757728424097428,1.4412919336514034,0
-6.844857943056813,-5.761568183939997,0
-5.656047531391996,-5.545162864892303,0
-5.80403228295294,-6.56582027779724,0
2.896206233831565,2.129992700038925,0
3.1496313129290545,2.1195839757833355,0
-7.347975879710719,-6.058570775967736,0
-2.7578887492362973,10.621631704218315,0
4.815452921153923,0.9484189338643418,0
5.655816059791658,1.5697899379720495,0
5.195704863803229,1.746642211557894,0
-7.483065025639878,-5.3513307575656395,0
-7.987088599778961,-5.678692561488922,0
3.1966780424423074,2.6113566827893053,0
-3.393055059253883,9.168011234143849,0
-8.085209542175026,-8.033369765951205,0
4.210841588135436,0.26838377815061754,0
-2.464838825537143,7.26857869533867,0
5.688082803903377,1.1349932016092006,0
5.825041867667442,2.8714722336297673,0
5.824885819811117,3.034678841116576,0
6.782885890813011,1.5034052196035952,0
-1.0450203843003127,10.01114490166413,0
-8.401069283216755,-5.116705547357425,0
3.7109523537673708,1.4690410102890683,0
-5.78710177647285,-6.280668577969688,0
-3.155770507295277,7.932738124583927,0
5.1417790699287735,1.9443530823521087,0
-7.020869012219801,-7.736611550395369,0
5.139700472201911,-0.01797046501393451,0
7.066056840069876,2.3415216877817033,0
-1.8637134419116748,11.177540851503782,0
4.903634421050677,1.4143701118783913,0
-7.512434790373453,-5.473877234013393,0
5.031760098473686,0.9385717243340772,0
-5.212429916051987,9.692161447729228,0
-2.441342112525347,9.86705980332054,0
-6.939907940179252,-7.8909910898655475,0
-2.9556312376032783,9.208376121096629,0
-3.0489573033621116,8.235981402796009,0
4.6078313420643875,2.0066943863293196,0
-5.0613484874084484,-6.687917343817251,0
4.1732598680524555,1.2362683317089331,0
-6.532237349442715,-6.474024483401518,0
-7.151627163459406,-7.5021744282209015,0
-4.3048407956827655,8.684195936496884,0
3.8782909711918814,1.6671557295833233,0
-6.205378882726505,-5.3637621274767495,0
3.4844270424104415,2.69825072838824,0
4.74130180046776,1.2194620390789859,0
6.318058758352971,1.9002002520594536,0
-5.4974891963045955,-5.692047717024886,0
5.2724616358702985,0.7302980978775973,0
-5.358963018170084,-7.1430845072916505,0
5.882705729554929,2.7003376728328323,0
4.359376782816484,0.5703035267328773,0
-5.505491367001161,-7.161132790552001,0
-4.355385485290844,8.084775268005911,0
5.715269390644515,3.083669549588116,0
4.773444251764079,2.6488341371977087,0
2.2974004985627543,2.272841661278658,0
4.813826044640913,1.354994641840563,0
-6.5967990310325675,-7.038750619319048,0
-6.414243114332095,-6.8368779036310565,0
4.98163275694164,0.6748437442718294,0
-1.225101829104633,6.587894057663114,0
4.148334422421197,1.346121069242991,0
-7.0681040100457615,-8.30897574372561,0
5.301615448325049,2.2013569729016873,0
-5.770419208564539,-7.4903302858138,0
-5.8263169115094,-4.750005326954987,0
-2.667503101062414,8.830432235039112,0
-4.310255357205489,8.4716123284643,0
-6.673491811528666,-6.88222127326077,0
-3.696191011358495,10.072100309019117,0
4.190970448915095,1.5670593269173287,0
5.315015892635023,0.25713643563004296,0
-7.715566967317779,-8.49027939126938,0
-2.425370995123389,10.424745273401825,0
-2.1147454806744532,8.593301647378059,0
4.694573701602727,2.4145894438336826,0
4.642062427065137,0.5980844507736471,0
3.853306744670251,2.3055420171647167,0
-5.237207945222948,-6.836469460810209,0
-7.097578097394809,-7.114017578720841,0
-2.463633741910852,9.637693266478237,0
-3.0479584603988457,8.759339157794733,0
3.610182596595041,1.4891525603186473,0
-1.3414155613929428,9.268706971499535,0
-2.189672952269795,10.667903396690606,0
-2.7377975383927686,8.019936753589809,0
-7.321102996464179,-5.9867623306678,0
-7.020767510595106,-6.365976893282827,0
-2.28591670979738,7.815894003246276,0
-1.8764157569464652,11.284978986002717,0
-6.268521095705246,-8.01299240663022,0
-1.2631124305551211,6.940895895790172,0
5.167914840776065,1.2047341670372391,0
-4.84487803299868,-6.0585454686513325,0
-2.6433778337296747,9.53364487383621,0
-7.124027026688781,-6.32425113395854,0
3.954203918637971,2.7934680584496965,0
-5.950859656075496,-7.318188241379484,0
-4.3123372993086955,7.430150185192832,0
-2.778604457497308,9.731828383994284,0
-1.8711465216119931,9.51513060314278,0
5.801381884710077,1.7882929276954664,0
-3.869053764032669,9.760539694225542,0
-7.0455955989461945,-6.659964402924672,0
-2.567918050157379,9.460822635139033,0
-3.218628780381226,9.658881560613498,0
-6.185594580183331,-8.98611579465908,0
-1.585170603845849,8.829383991755332,0
5.953661012799909,1.9576980432139923,0
4.20102884574993,0.834108176324381,0
4.50625110650133,1.196475630968588,0
-2.526203697536581,9.519307216472088,0
-3.135914847642715,9.876679600581081,0
5.225400369084969,0.30183741630595984,0
-2.616499767056979,9.4620030540086,0
-1.658299660884778,8.876914339798924,0
-5.162046986106952,-6.2407467497893165,0
3.9685712448570154,2.0623678805533032,0
3.863016737606709,1.7249185700796383,0
3.844223702402294,3.372587610594615,0
-1.274445709007955,7.982330886103886,0
3.4419208738874394,1.5465984311101584,0
-5.6883919959705285,-5.809251995363464,0
4.210898118855682,2.937939578243178,0
5.0362457926954525,2.142917451911394,0
-0.3518894097872467,8.408571205194983,0
5.434637358700035,3.9795783216536686,0
-2.2995382077781246,8.522649942566273,0
-8.302260660365674,-4.426170920350557,0
-1.9984055345251555,10.04486671382238,0
-6.915528488751378,-6.534839083663658,0
-5.536080684529219,-7.503825628192339,0
-1.8900433620475523,11.07178159791002,0
-2.217994867914718,8.650712833283292,0
-1.3691297765575898,8.177195994583283,0
-8.259980126564455,-6.254999047026999,0
5.939028656775768,2.6407177643107276,0
-3.2717168621993484,10.0505890202708,0
4.620348446760999,1.2595407907362648,0
-1.818724936931237,9.279903121370856,0
-6.859597442326923,-6.14003122757066,0
-2.085130761534299,9.053733176439062,0
-1.8754207421206517,9.42808522564982,0
-3.282986822156323,7.769631424886905,0
-5.121800291649319,-7.45050633287269,0
-3.1337080781413276,9.761266968303032,0
-2.932796204780927,7.648668724008172,0
-1.752709268736652,7.100226057610854,0
-7.495775320043898,-7.272784246802031,0
4.33263261056637,3.3422642667035833,0
-7.744836245003517,-7.6483649136677165,0
-7.423537244664527,-6.0542569234482375,0
-6.065287376583397,-3.882911301556808,0
5.780129388899306,0.7929379497403619,0
3.8521564029625823,2.199461951184168,0
5.440580783773678,4.033014685678134,0
3.7460624056464886,0.8691440504683465,0
-6.720943867532541,-7.276193559355216,0
3.818198009923079,3.5966988948325382,0
-0.5493603683080752,9.46489917762971,0
-6.61810859442544,-7.2109201127982185,0
-5.321243179270488,-7.559331530494047,0
4.222613470905708,1.8897589491941706,0
5.1862777878953725,1.6146271563781223,0
-7.8121865795979755,-5.0213069576954314,0
-8.187880446575642,-6.724451295604205,0
-2.166472276675046,9.471039347352106,0
-3.3367878437014697,9.100430011244697,0
-1.9748327244163668,9.105379734454235,0
-5.960441037474316,-7.939450280550773,0
-7.211824907293203,-5.453875335196182,0
-6.611930936792608,-6.026999328826207,0
-7.578493371593264,-7.803510065801027,0
-1.5126271124733028,8.547790748970124,0
2.261447176354773,2.1658212165887565,0
-6.402331182341847,-6.662596097337161,0
-6.328343858375683,-7.880248514515904,0
-3.2809384376495325,8.516324281380479,0
-2.9557125751197715,9.870684922521793,0
-6.6163617035758735,-6.883055004608542,0
3.063569839456856,2.367927073048725,0
3.211811660122656,1.0651027131807667,0
4.8268690459527654,1.9288963640960832,0
-6.668502414306603,-7.298358508555777,0
-7.399018513241813,-5.248220744905726,0
-6.809846488936052,-6.572148041195652,0
5.176686305453005,0.7236047720167269,0
-2.3240220862228362,9.439730992382493,0
-4.678875040778452,7.820096727106032,0
-6.0892781824589814,-6.7105119168810115,0
-5.579450664338131,-9.184966765872236,0
-7.683158152578362,-4.12688008247274,0
-2.4371607617690056,8.80207715829717,0
-5.500715948149588,-6.586322905001224,0
4.392960508738646,0.0471918654956307,0
-6.68225458571161,-6.766351909795669,0
-5.852622779363614,-6.883858127077798,0
-3.5988306603951385,8.229524220070617,0
5.09826784618517,0.8683950102992153,0
4.0415995020302535,1.1044021393678223,0
4.956152616487815,3.3393844691465198,0
2.7225299502178024,0.502043278567214,0
5.688278724041642,1.892102578505315,0
-2.0357257240175217,8.746645037299528,0
-3.101591547291619,8.150295358518505,0
-5.570637781422158,-8.39103415509294,0
-6.815578346133568,-7.786838558626041,0
-6.750898510411622,-8.115443572579427,0
-4.065826796576654,9.62029607954396,0
5.0298244356115385,2.0480572683122897,0
-3.685370959607531,9.50184642528504,0
-6.594345239983776,-6.558089113620733,0
5.198574119149921,1.5685311638997856,0
-1.758324843651418,9.668717155303943,0
3.857524913726108,2.826334990353924,0
-6.026566735099659,-5.752184607759119,0
4.255697170521126,1.2110362354266342,0
-8.053445188249695,-8.555949757827793,0
-3.801822970205013,8.482117565071132,0
-7.132507256929644,-9.321816580178433,0
-2.4449176039572875,7.936541350269016,0
-2.921676634940687,8.275588629868759,0
4.315020909729555,2.8328004707955783,0
-2.5162426085333047,8.798676549630299,0
4.402566602032883,3.00112868619853,0
-2.5975605822580854,8.644275098316195,0
-5.558416065073693,-8.494011048754938,0
-3.1219863135371364,8.626584568262338,0
5.08447083130123,2.4070049240296085,0
-7.227734536352568,-7.095679054635715,0
-1.628050902239381,9.01561181693273,0
-4.189312183862576,-7.449470785366815,0
-6.7515283067922836,-7.696971093490904,0
-5.95653989870114,-6.42933917608968,0
-3.3730805836425164,10.293751059856072,0
-1.4178875024584812,9.623424249105499,0
5.024845252275735,2.771736357051322,0
1.8660638962941847,1.7935499625350988,0
-7.629885998843007,-6.291872798760888,0
2.5677437201316144,1.7682372096991241,0
-2.736917237888503,9.729779224967807,0
-3.5768180524353443,8.871906643177027,0
-3.481962139812751,9.420908162420996,0
4.535327447659575,0.5788719337363142,0
5.562923663454863,2.379263702789399,0
-7.580690722130457,-6.393223642975375,0
4.450688654953021,1.886831825694005,0
-5.346843306383165,-6.515397820067461,0
5.2450118519870506,1.6928869708635512,0
-6.623842938824905,-6.255032796271874,0
-2.8825660480558346,8.514088311102325,0
-2.159397598484843,8.010231531356311,0
5.5276827718069494,3.3716536770100536,0
-5.796235047567918,-5.557136284930404,0
-5.369340539878125,-7.126399735884746,0
-0.7480094981853764,9.013972455586547,0
5.722415844911011,1.313021816604256,0
5.892225198526109,3.1096252582655772,0
-5.4317694249999064,-7.1592154496358935,0
4.458145298612195,1.031788197801467,0
-5.051001928709445,-7.731701425777549,0
-2.311905357421544,9.325594801641206,0
6.265209145303296,0.6114946534771011,0
-3.1095833159238557,9.153939817763673,0
-5.534667524977121,-7.4934852217491335,0
5.875822038456205,-0.046886730582493374,0
-1.383147372280582,8.962892404609835,0
4.569041988312011,2.064294551194109,0
-4.034722793977489,8.322378058317078,0
-3.1551618021772856,8.215094121548068,0
-6.82826843234859,-7.697205051916179,0
-3.2631622119194263,8.733611051331547,0
-4.855598654772013,-6.979869868590213,0
-1.9952897733938353,9.19386791013792,0
3.079708011098157,4.090493828311685,0
4.421873205106977,1.941908269786486,0
-2.0904376629252535,9.234869665935681,0
3.0169038742245373,0.759706323787809,0
-7.442693390946372,-5.757967859356422,0
5.32670633168094,1.574842671059104,0
5.559139927909393,2.7190262020393097,0
-7.061572629493689,-6.283053493537406,0
-6.859355299028982,-8.412331380516259,0
-6.064896469529589,-7.185741648061627,0
3.294951049162929,0.8980666358239764,0
-6.051969681416072,-6.036559302053826,0
-3.4988257596230876,9.955057316186537,0
5.485152133270197,2.576951153493691,0
4.492739331413994,1.3165456131410274,0
-5.373098554839004,-7.606027679269725,0
6.502747957628278,2.0978330773482887,0
-7.5511377964523465,-8.721604302612405,0
-6.365951975357964,-7.541597478557466,0
-2.8744784812566353,11.402253833723053,0
6.148797730495005,3.09150782073386,0
4.949269278687922,3.5854812118442805,0
-7.286659018097329,-6.272854575521025,0
-2.7816076396564373,10.248010406534515,0
-6.931340302459316,-7.752870664064485,0
-8.316278983330516,-6.329049469060013,0
-7.713374431870386,-7.205089037537273,0
4.028793773751383,1.7324453799516812,0
-7.082551147685498,-6.934855988952163,0
5.570412155552693,1.312328487188151,0
4.013962818543499,0.9949147458802546,0
5.557650986779602,3.183335779306051,0
3.3693905906462795,2.9363962178346714,0
-1.4126505048224964,6.8230322770330405,0
-7.590319183618281,-6.196491281339614,0
-3.8087788599803476,9.844018546077496,0
-1.8715918108215415,9.273055933442244,0
-2.579417984570367,6.492008210710371,0
-1.2709145516191145,9.035557704934384,0
-5.778407610423561,-7.721617052187478,0
-2.9703673550873693,9.770850803111461,0
6.63191547218741,3.8070662299651072,0
3.889252014251346,1.67362027274154,0
5.962804996563634,1.421494545894054,0
4.479428792962468,1.6930586761907258,0
4.787176836617185,1.2926756361766842,0
4.65947845280573,1.170739644075895,0
-1.8060550808327462,9.547493446097635,0
4.394706414376715,0.45475398511204945,0
-7.046466858845191,-6.97647087886417,0
-1.8366239218500189,10.914168063093538,0
-7.201688587629602,-6.40902918917906,0
6.182615203507877,2.2166447610775024,0
4.544537745031419,3.7034914987979004,0
-7.943673118396843,-7.058691862790172,0
-8.011351379750929,-7.725148104992222,0
-7.814710027578817,-5.794437684092308,0
-1.6837812740647204,9.82779576419896,0
-5.364230441887678,-6.115817011855514,0
-6.830035363489684,-6.472230542378456,0
-6.795286158953059,-6.030653338171615,0
3.2704150615720433,3.737995567732468,0
3.8738336338277017,1.5119026334424248,0
-3.5197958429816634,8.49906773439008,0
-8.171930566079721,-7.841361080727014,0
-2.423879480487726,8.206020406557395,0
-3.9603733131043093,9.002197180352267,0
-1.4682434492549608,7.749027719113107,0
-0.3071836983931342,8.658194079579266,0
-1.873779592843524,7.775027733344849,0
-2.460337552727046,9.054877819402204,0
-3.612382004285844,9.834839631086219,0
-3.3245732513688715,7.9480511962990965,0
4.203615804048073,3.0212864432098865,0
-0.5466104325219554,9.017981800046169,0
3.132956537090088,2.119384480318291,0
3.3147216810303393,4.078256323275234,0
4.6638252186773625,3.3601295742140125,0
-6.67312156600544,-6.7908813064011975,0
5.005273078153242,1.9340075684979725,0
-1.1485390272140992,7.70546572907921,0
-2.8386869232707364,10.689145801112387,0
-7.673710897756717,-6.9535826478401646,0
4.296543660375653,3.11537707682629,0
4.427789166307676,2.5153726908497807,0
4.208423191668216,-0.1469175311794424,0
-6.677842083780317,-7.277849877521478,0
-3.4845636503310002,10.31779406013308,0
3.267799648958487,3.153111813979196,0
2.436965483022383,1.752603743673418,0
-4.687408942784181,8.484819164691313,0
-1.0559221470102056,8.936055469139804,0
5.462561262802245,2.3084869403380397,0
-1.1096029779069567,7.672158379713206,0
-3.67931064911211,7.212305690618302,0
4.952701072994948,2.546936793842633,0
4.211560578430346,1.9627045548880027,0
-5.094991584201498,-6.477391404006125,0
-2.6735328289381415,9.226379481272497,0
2.1487174280766412,3.189893176438679,0
-2.853261579756977,8.639751977448071,0
6.256923760749784,1.2027448848028532,0
-1.3197271341281096,7.786678313061329,0
2.8844409389173915,1.2780203258638596,0
-2.5357188823018104,8.132411476970603,0
-5.041685161158995,-6.457965901080684,0
-2.0833104168597143,9.033433905614073,0
-2.2003646104537866,10.716501072833559,0
4.480729364690373,1.2567753902399859,0
-8.239595404823545,-6.4769394266415565,0
-1.8705374544096478,10.072404453285472,0
-7.465912240703422,-6.254633592971896,0
-6.82414727238589,-6.637207052564695,0
-7.78392237780286,-6.08949187443597,0
-6.754848611473858,-6.622247975980987,0
5.5055534873954715,3.0544866417092686,0
3.4310199716073795,1.4072325530483265,0
-6.486719832136878,-6.904281019634155,0
-5.573850612863749,-5.871118116344299,0
-2.479767031375198,9.530930574134288,0
-6.153703579502868,-5.387499645811911,0
-1.1320166865481889,10.034322635100411,0
4.021513816183972,1.1782760369390415,0
-6.948846599092788,-8.206544420583944,0
-3.494923669388294,9.518332643716166,0
4.731193564839451,1.5927137797743809,0
5.457345962926474,1.0597111043085092,0
-6.029806825832364,-5.241828410139525,0
-3.318578444135504,9.97098931458398,0
5.210364922307792,2.9675842121483162,0
4.635615898584225,2.832583938700185,0
-6.195522200216529,-6.7455263084637,0
4.083100063384735,2.0058085206316036,0
4.628939784268016,2.41301257041356,0
-2.218250258713265,9.97212575930659,0
3.7816628044564746,1.4269056747632671,0
3.355491800155587,3.4490488344446977,0
4.373958762032549,2.5300444063088774,0
-1.941094417924104,7.96463062928838,0
-1.213134561271354,7.90712931139587,0
-1.9371401813386062,8.95209511119901,0
-7.854648576089784,-6.122354813067763,0
5.063386710250139,0.36846467414291983,0
-1.53138207336655,6.908639186357997,0
-6.115439575015706,-4.907584820229042,0
5.2497588834185205,1.9332432205673682,0
-4.92430097500148,-5.391974966035745,0
-7.689193993240842,-4.978196444613445,0
-6.267470384195718,-7.778983404153276,0
5.437854090810006,1.4180604560123822,0
-7.03882890273791,-5.867166708606165,0
-6.624067492164467,-6.022818089152931,0
-5.05959237838383,-6.901471965717423,0
-3.017337820700061,8.86650580938085,0
4.672902143421134,3.3201109283297274,0
-7.336940097707974,-6.72443420558756,0
-2.8244942783388747,8.073263427531943,0
-1.0672526172508603,8.501911887521628,0
3.538592346388273,2.7053209099954674,0
5.125238743781291,1.1240648329505085,0
3.7510191381924267,1.8134211859491454,0
-1.6820821944869822,9.172260440449774,0
-2.4174368465172478,7.026717213597429,0
-7.885322278469463,-6.842462221106587,0
0.19382994135233345,8.783624461558613,0
-5.444561779149159,-5.419290874986833,0
-7.454420418366587,-5.600495474098199,0
-3.975982813668427,8.512883981312685,0
-1.158083533066035,10.307031417716528,0
4.900745010950077,2.7730569736467157,0
3.9341232740009033,1.712561351606774,0
4.531895150215491,1.8601885608341215,0
-2.0284530432847663,10.510996535644303,0
3.4616991488938247,2.406020086460706,0
-7.707767328764167,-7.57167099596972,0
4.722743678097098,2.4465063594956993,0
-3.2331879547953593,8.818895777021298,0
-3.3774585846510825,9.11209942129163,0
4.970492097318507,1.4078197314396377,0
6.315797623837478,2.533930951946305,0
-6.710249721208563,-7.655895582588546,0
4.6609715840786885,0.8421024484381443,0
5.963219758718039,1.940101682578964,0
-9.621116620628648,-6.491894601684874,0
-7.01741305234355,-7.715710833963692,0
-7.823332622581346,-7.385126864021123,0
-1.6966718006585522,10.370526156769145,0
-7.88076474903642,-5.279712294386652,0
-5.620582187087365,-7.767272181638801,0
-2.4988450032093694,7.7024498958481615,0
-0.06344564343592385,9.143507310173549,0
-1.5978349008780284,9.120039919469802,0
4.523307489774773,2.187338625072482,0
-1.681138808159441,10.085366628601127,0
-5.676414408858985,-7.429663989135533,0
4.875334631339216,-1.7151956074877122,0
-6.561467863741385,-6.466461694993573,0
3.9803833993896736,2.143654364637646,0
4.782869471037317,0.24715906527396547,0
-6.764006400729836,-7.845981227531043,0
-3.18558992511202,10.815226561109137,0
-2.992384085352124,10.588272891488355,0
3.632683848701123,2.141400225124426,0
-1.5770060587923656,8.777730840979375,0
-2.0775659934151527,9.753961596316156,0
-2.6340845084028177,9.02998392415608,0
5.283547589250592,4.050513123510685,0
-6.579452141866749,-8.859439288272348,0
-3.9011560040044815,10.718388206257439,0
4.803326582845578,2.1020193052966465,0
-3.8536481340870274,8.095634181714123,0
-3.0956127719415236,8.394513999944444,0
-7.789259363895972,-5.489067118220001,0
3.2375095528042763,4.064263956673209,0
-3.593903477469428,-6.184943575657691,0
-3.4793218834323936,8.616728362706601,0
-6.418838342889869,-7.273502031231682,0
-2.3171485065627184,8.70516966399582,0
-3.2220434057299148,9.120716355890218,0
-7.537740684242965,-7.124205155434488,0
-0.8969769947973258,9.911125444063853,0
-6.781101166245882,-7.080554575953172,0
-2.2325968575415693,10.2097667790238,0
3.7372244762402818,4.67149851987782,0
0.11159546797722486,7.902319102424158,0
-6.462546693142626,-8.923647947172181,0
-8.211756145782172,-6.481876808583674,0
-1.6580735246725122,10.238142046740915,0
5.5658449660803315,0.6760053875750103,0
-1.8190536313416377,8.613065656312486,0
2.859253163320612,3.47590401024632,0
5.056974160651348,0.9885359969227766,0
-6.593348968069386,-5.075660621288822,0
-6.527615600060406,-7.093786763864163,0
-3.512636526552254,8.682933829110473,0
5.084774731237985,2.823889078401379,0
-6.3001284535506255,-7.144318878270312,0
4.654572931772468,2.3593361819391205,0
-3.1673141121280066,8.710560099421658,0
-2.562304424749661,8.463304324660072,0
2.2894229836037403,3.646037885839262,0
4.933895235534733,0.4700146143411301,0
5.780664636680576,2.266178491199387,0
5.589579220505971,2.247638019577297,0
-9.026759291117301,-5.881805024697563,0
5.328591580782871,2.582907407277437,0
6.030134163740091,3.7605160983705574,0
-2.0009289833781607,12.940523834634648,0
-1.4376816874717115,7.507752098007923,0
-8.134776258356428,-8.34614779472482,0
4.274098090926095,1.901583991046853,0
-5.113411479679884,9.213234274994816,0
-5.428251730080889,-6.624781421530902,0
3.5330085446940447,3.30767581727857,0
-6.74888333213302,-6.339058609214283,0
4.76048738384168,2.6354765805887,0
5.560904675959095,1.493450787174596,0
-5.098227474550413,-6.313501760440857,0
6.075449829391725,0.14476380309876902,0
-3.3660494881805496,7.8882321672872715,0
-7.54806022180004,-2.4010253422501897,0
3.847875262132857,0.7797908714969122,0
-6.556956560409259,-5.774516447986462,0
-9.2949904532298,-6.8654536834058195,0
-4.461271437578819,-6.911269958077424,0
5.211020078266175,1.249683061520932,0
-7.434752346954882,-9.037146318499296,0
-3.3197262528743767,9.871261665181107,0
-2.7665741604760954,7.345702054320732,0
-5.128218117402359,-6.964780490775611,0
-2.426757870118247,7.556734628733391,0
4.9767821002047175,2.4254440615893107,0
-3.708922888142964,9.71320581327911,0
-4.587009442908947,8.69398832366168,0
-3.924464814976938,9.232820170609267,0
-2.8393177170192003,8.802619146267144,0
-2.7679936857198526,10.61293329870304,0
-6.357735957016185,-7.158774364700534,0
-6.961770236724135,-5.065460425952869,0
-2.065378194906522,9.788920181627658,0
4.803802899821531,1.2305105181683538,0
4.6479455956392375,1.965461032458488,0
3.9258137182459225,3.151589001504452,0
-7.154809628537616,-7.208179963640624,0
-1.8964237179901806,7.960870565024665,0
-6.910220255382026,-6.6555101165676875,0
-6.477236022123065,-7.000627967655141,0
-2.6011660892557966,7.932371759485188,0
-6.178371551707901,-6.157039269140368,0
4.218296524787808,3.018225829171938,0
-2.977693736413066,8.255520870262947,0
-2.7326604083786012,9.728286622290414,0
-2.4911807510083035,9.486916474041728,0
-1.651537999850731,8.854347598234895,0
-6.529879375903288,-9.350772876155347,0
-7.06103322586846,-5.93228881686348,0
-6.692700138596773,-5.598131230899261,0
3.9243658507428725,3.0946688957906603,0
-3.746148333930832,7.693829515114045,0
-1.8010889463641597,9.970988444992905,0
4.727236261488365,1.2423565583319789,0
-2.367940482965287,6.883719648391121,0
-7.909282446843689,-8.27819163319473,0
2.922206687864705,2.209312093819833,0
5.301031764889448,2.4834219063457503,0
1.666572664935544,0.707533238850921,0
-4.681867169066786,9.861707805348743,0
-8.676770858780374,-5.133050448722432,0
-6.007633725724407,-7.487186784651646,0
4.237568813475379,-1.0205369187198907,0
4.269108239567592,1.9008222087900606,0
-7.741039920337612,-6.227941708160261,0
-7.964097814730054,-6.885440166602072,0
-9.27160908070741,-6.533149296391466,0
-5.924960375121883,-5.624786403745008,0
3.21015459319773,0.5522756987172888,0
2.9392515865767237,1.2384264704680228,0
-2.5763759131021056,8.29852613908757,0
4.4870238444138755,2.4067321441326115,0
5.664652948509829,3.1417500482141136,0
-1.4700858356324815,8.938521841662862,0
5.05223480531405,3.5493422116821103,0
4.216045298021618,1.2075585269105442,0
4.047079603049454,1.9497757236967859,0
3.1525043898241245,2.060374675977999,0
-7.278328973634459,-6.802735310515113,0
3.9502233313271575,1.9199572476677487,0
-3.291201115563787,8.254583010718035,0
-7.082759237474698,-7.283702930262857,0
2.9876361588746114,2.9401263292855484,0
-6.024999880600567,-7.543271969085237,0
-5.977862503210986,-6.95074357292792,0
-5.750464963121823,7.989898486864032,0
-8.149550278478817,-5.68397587618484,0
4.403341452859566,0.6616205460420503,0
4.603298796351256,0.23536506809423252,0
3.9385892654365513,1.0973548592944387,0
3.4372073284561093,0.9831559700375927,0
5.405316330603117,3.450889979242807,0
-6.5850586785761065,-4.990295689382103,0
-2.8784747622989535,9.157674595540573,0
-9.040683188500541,-7.301212365437778,0
3.7394303748500746,3.392625364738571,0
-5.395193152711041,-7.556449309039492,0
-5.9986138439860675,-5.794191181769227,0
-1.3290694493112225,10.15857919675826,0
-1.638450978464347,9.963099224669941,0
4.946013389330857,1.7421101470998335,0
-3.15068453209706,9.502158413069395,0
-4.668294162549737,-5.745185311676749,0
-7.328912539087078,-7.848193182429775,0
5.32516892093907,3.375179009859854,0
3.649224758728863,1.6864479891206692,0
4.083714266806101,2.121930417276428,0
6.106321227416681,0.5639538859162185,0
-2.9548479260827447,11.068104818284917,0
5.002328717822628,1.4632757310750992,0
-6.521392597136817,-4.996298562091145,0
4.140631221733446,0.09992957212158005,0
-2.2325068237227312,9.841469377234345,0
4.178133794881974,0.6691665061040941,0
-1.8767898839972292,9.98684057782505,0
-6.1577059387428985,-7.53181374149418,0
-3.2585553124755275,8.792749530614584,0
-8.387212325915208,-5.9716644276301745,0
-2.2126220779119885,9.477470923465907,0
-7.219646981774727,-6.95504716499967,0
-6.894374909168112,-8.165675186987057,0
-4.080079080178662,10.36985906390867,0
3.203526379188941,2.5232981651586113,0
4.235721676748799,1.974964556818839,0
-0.8314968089763095,8.460697886490326,0
-7.071930375432897,-6.335497089091909,0
-3.7050806850879345,9.458888796418462,0
-3.425471723616475,10.369728929303818,0
4.847421131116843,0.6263840218252974,0
-6.113171231301561,-5.447121316566369,0
5.417613883475956,2.0478555265776177,0
3.6715429729745424,2.221475159676716,0
3.208764693456846,1.9031399071326875,0
3.9532743043799004,1.1274803724942095,0
-4.91117590179098,-7.568759501912714,0
-3.0230645403894436,7.95507260630937,0
-6.574454556570762,-7.646589366184516,0
-3.365546141333954,8.402652391503763,0
4.499603250677673,1.637653851907666,0
5.103180346462333,1.6401220629652096,0
4.860068150433234,3.005559082067129,0
4.363927384531963,1.6114458478473455,0
-1.3174901259456853,8.93056816834911,0
-1.576762752098083,8.599185839234952,0
4.351972759360181,2.218208348256138,0
-0.6625606270050843,7.944201361872169,0
-6.903498159460723,-7.621680852169455,0
-5.522898700439149,-6.427819600705028,0
3.9788537816006073,1.4582309775074596,0
-3.571501336778855,9.487878558833502,0
-2.896328272842265,8.968874910266083,0
4.518857805218537,2.7003409434746812,0
4.856598478350985,0.5563461559915421,0
-1.6735055109876082,7.884579273540703,0
5.413756009670924,2.8142109609023516,0
-1.639129892363996,9.509968016170927,0
-7.414872895091666,-7.093406168908024,0
-1.2646324626974945,11.245785039226071,0
-2.3949699743907105,9.164587889660199,0
-7.107511479533176,-6.784502049163369,0
-0.9004167673183767,9.842515818382944,0
5.4491374643514,3.205498289155396,0
-7.847283619439791,-7.183370370942653,0
-4.239460353537095,10.348171873698895,0
3.814046062990054,3.8195656045399797,0
-3.849269694176685,9.446502818957576,0
3.068458837889801,1.0407984407587447,0
-1.3389989138561464,9.148582625446114,0
-7.426845631417243,-5.0903188229675465,0
-2.9010743884396164,7.9965218191213685,0
-6.635172741545721,-5.841269881293853,0
-3.5350657290222265,9.076617477817445,0
3.7804191127800846,2.652542854514853,0
-7.38152130614894,-7.424732982614244,0
-6.028285068978133,-7.197337981497422,0
5.500211395644822,-0.794155738661666,0
4.745951412614939,2.68096129809575,0
-8.16382540206243,-7.443662774524648,0
-4.282230091259631,10.276207628912314,0
-1.7227914110569338,8.454739842908852,0
-7.500168066596931,-7.630147770919067,0
5.758773434158771,3.2475981106283136,0
-1.5514060085798445,9.221889479598948,0
-1.6223102329554497,8.593524334517268,0
5.0711626531144,0.7990273114596174,0
2.595249832426833,1.3941854640008273,0
-3.696962862970277,8.61696287564696,0
4.705667484877064,3.6361011311305695,0
-7.124692278194531,-7.982201548868506,0
-0.3306354490610883,9.208619591536555,0
-2.6704833347187593,9.41833698501286,0
-3.203910754141808,8.605003690085217,0
5.004440313583558,1.2929962075927812,0
-7.138586025918784,-8.441988165000378,0
-3.940028824677422,8.537732326764797,0
-2.6853100570126127,9.09727354701083,0
2.8951184486228,0.9178455253482725,0
5.028697746491814,0.7992963576347032,0
-3.0595027768981704,8.34266276026027,0
-0.7732338198875008,9.21219691166097,0
-2.118501702124606,7.687813999887238,0
-5.490827087531693,-7.235656264466653,0
-3.8450600272213635,9.738422687512818,0
-6.069032218002678,-7.449014446365371,0
-6.961569673543101,-4.942725352096562,0
-2.2997275394049774,8.029752077716353,0
-2.1419103096514096,10.852469804993444,0
-2.4333930648590236,8.33712441668621,0
-7.579744782966683,-8.07182872689329,0
-6.4917696477356746,-6.0595327816069995,0
6.179021182038752,3.545567894211059,0
3.27520251032756,1.9206958278776827,0
-2.4966983011455,11.88268918386509,0
-2.267875688135969,7.863272044578815,0
-2.554090653175287,9.196787158797536,0
4.375523003024634,1.1989658655878315,0
6.132881940671305,1.813039544342795,0
-8.421820085338492,-5.994582220969992,0
-3.877512661885561,11.00156212742913,0
-1.5539283858455448,8.975543233208779,0
-6.977519596323407,-8.112563984106172,0
6.229026137864558,2.4742989600053082,0
2.8953459476220473,1.2828934507035274,0
5.7243793665190275,1.9479810004112526,0
-4.251419315688025,8.4682443293816,0
-3.0338600301195533,9.507940975841473,0
5.455633322880171,2.5756431202230954,0
-3.384815876437507,7.631486397233985,0
-3.915515086724584,8.931180555569627,0
5.328138547000515,2.5209086626782926,0
-7.059157025127191,-4.536055814443321,0
-1.6567289796197997,7.785102530397905,0
4.076669102185481,1.2712123856456101,0
3.9050679386939104,0.5739414247161008,0
-1.1171588714656588,9.125415503494834,0
4.670942262627033,1.811402402775063,0
7.148185109284665,3.7800285680872436,0
3.8974924657973666,1.8571726116191984,0
-1.6868471521569965,8.177305773758734,0
-6.973579556783554,-6.480525040068187,0
-3.010981815864282,7.641820580314221,0
-2.018222671414499,9.74916391424814,0
-1.9746919745721998,9.901941554072158,0
5.49703722465139,3.497808280423488,0
-7.162920150568982,-5.588778864210987,0
0.1328142874398699,9.612385283245787,0
-2.5439093927579934,7.845608090578789,0
4.452151812648218,2.813776396724115,0
-3.033717889332524,9.503660689426239,0
-7.248430456340139,-5.934168632636509,0
-6.990010371797306,-6.831441550113194,0
5.712808450735448,1.1197702099016205,0
-0.8134747452418849,10.911574822971433,0
-1.3257039561628223,7.836245260821941,0
-6.569473365049763,-6.7436826752086665,0
3.852704766241105,2.1765291439395,0
-9.250512564457708,-7.411168763654622,0
-6.174078626355284,-6.7245845556922905,0
-8.700286684350575,-7.1091996966591005,0
5.589520334844635,0.2580763367581931,0
6.073503856049047,2.1646203998980846,0
6.199061126710452,1.924393419440115,0
5.176268055075678,0.30202251914538314,0
-3.043954293897073,9.309257583907144,0
-9.178984887388332,-6.71028292069226,0
-6.56491724876051,-6.074211816274878,0
-7.0681140509101,-7.291389517606485,0
-5.920131114551829,-7.245164626080918,0
-2.265540399350036,7.924077721398891,0
5.3988918068102905,0.8609833826621736,0
-6.783250068037234,-6.3325697731068935,0
-5.660094255203012,-7.784504716230567,0
-7.623870558106841,-7.705878688744105,0
-3.0809436650088116,9.34689363852252,0
-5.057163848157479,-7.826909687457278,0
-1.8228440680382172,8.175393454172585,0
6.118392714801644,0.9265505758472301,0
-1.2623059075180307,8.95228211883229,0
3.2816218501056147,1.8810038731192555,0
-0.4526540582232088,7.883397692872406,0
-6.734999557361727,-6.0069403008943585,0
-7.3213172955797505,-7.525958581569965,0
-6.9882113529316605,-6.282017320498492,0
-2.9380455486588235,9.430122964484383,0
5.257307467155425,1.2997554443808594,0
-7.977270554729881,-6.372176923313931,0
-2.6223256755684905,7.7150697647524975,0
5.525455917923146,3.7548544704075835,0
4.932047664435427,2.088014774218485,0
4.833327411219898,3.283034853374266,0
-7.627901845928966,-7.300373624434775,0
5.807620761755881,1.198124720924492,0
-2.220503993772893,9.274607966969542,0
-1.5438001384615796,10.25041685000454,0
-3.5642869912294453,9.14055386443239,0
-7.628010371842303,-8.156727793520608,0
-7.356972049595105,-7.476733287259396,0
4.042599900381854,2.589749036248003,0
-3.103408495434417,8.398142670149378,0
-1.8084970109321665,11.828940572670874,0
-7.593580103310823,-6.334968713765406,0
-2.525620519125502,10.202679401646405,0
5.017433569066012,1.7911292528550762,0
-7.167211338743367,-7.086863996705218,0
-1.2972536376663497,9.275536659432177,0
-7.179945333716743,-8.058546306206622,0
-3.2924509153889874,8.692224611992646,0
-6.33210066071565,-6.154519417793625,0
4.2727646661557905,2.0047586900933103,0
4.822159059765971,0.6589701543176227,0
3.2861241615183427,2.70764642894195,0
-7.765589759151159,-8.635877451034,0
4.265256016902047,1.4930000997334978,0
5.338831907945522,1.344131822737121,0
4.0893448680274,1.3564395739843302,0
-3.2489687870257176,7.679675521288089,0
6.252857006821156,2.702406633251485,0
-5.450107532625278,-7.183202312967673,0
-1.0886933750628953,8.443539834448845,0
-7.765562116616381,-6.1038160025286246,0
3.9837816002224598,3.2424253558393525,0
7.408252441854044,1.7216177837565956,0
-1.3850849030667367,9.961812590321179,0
3.458906352563716,0.8214885749063885,0
-7.808363506684055,-7.631009959231765,0
-1.5111875131930979,6.118030750004632,0
-6.31229671416464,-5.885695173185709,0
-2.4057594937446436,11.056362168342066,0
4.5580046590372625,2.536843338210888,0
-5.964671858141046,-6.8420315738794875,0
-7.537736000534037,-7.897600656164025,0
-2.104984757775418,9.73015887288928,0
5.633619099096059,1.720082842926621,0
-1.9252694377267863,8.654994037411262,0
4.7152879651527675,2.462159214600777,0
-6.441621932632543,-6.360105212475137,0
-7.05165855326694,-7.61442959558932,0
-1.8687178278519263,8.82378302220051,0
-6.570951897095654,-6.413653620306534,0
-7.206044817299365,-6.450758879614676,0
-3.6008984991920645,8.62718642572392,0
2.8830101368265995,0.7041871066862335,0
-2.3661488531737978,9.863898116714534,0
-7.474796190226449,-7.17151595462484,0
-8.002528347228102,-5.212311660271432,0
5.295112464741862,2.2301671295265626,0
-1.8109743094391604,9.407771513620071,0
-2.3137158914994593,8.915440926959015,0
-7.214400515856098,-7.576226644622248,0
4.74786275695333,4.580028847090501,0
-3.2401538987682237,9.77220797812194,0
-5.822896760375592,-5.444020247093931,0
-4.134741656614811,6.507714557661605,0
-6.667247105127781,-5.999302739791725,0
5.624471731123898,2.7638420026314603,0
-5.738664258785862,-6.428447119991753,0
-2.4489674131117236,11.477528240683608,0
5.30931720777057,1.861043240329387,0
-6.480080350135564,-7.029920312021738,0
-5.855924854561172,-5.342254641949465,0
-2.616227983007308,7.9790438057789475,0
-5.156999530446721,-9.890632109589463,0
-3.4310574361780635,8.010328756116824,0
3.595212305596858,2.428045484604575,0
-6.032515983711868,-7.1025037443556025,0
4.858267823772276,3.2620331091470343,0
-3.4615140037915473,8.33729098973979,0
-8.08393612369078,-6.457029632951594,0
-5.9923182286915235,-6.845368359736923,0
5.1735740842342945,3.46612230669456,0
5.079028969928519,2.8063491152109137,0
4.788659471035406,1.8019133791157975,0
-6.106227375083659,-7.936380001024053,0
-5.149510421942431,-8.559854919794942,0
-2.992814762608187,9.856066902982334,0
-1.5591817943831046,9.257290850252721,0
-6.573667166713434,-5.584111922636157,0
-1.9781715281585401,9.163162932116013,0
-2.5128001621433187,7.855921439005779,0
4.273244957559168,1.3378643143190674,0
-4.705325444152697,8.852162152718464,0
5.136127402473529,3.456002550326639,0
-1.212203076491641,8.99141806589944,0
-8.344333872768837,-5.747153428469809,0
3.594183865350189,1.7642517265698603,0
3.653438337128855,2.4899949497651828,0
-4.0931004465384735,9.774700784342619,0
4.112177424307496,0.8458841602338021,0
4.7056635257028505,1.3723400448448173,0
3.8367680022747868,1.241312375524846,0
5.294956853858627,2.302061220667773,0
4.506875672298038,0.6522774014345709,0
4.477816734191277,3.168347095452148,0
5.814692893813794,0.09418873918690474,0
-0.6434231119079936,9.488119049110109,0
5.374304689037769,3.3955926392265536,0
-7.548723951288983,-6.0761230973854445,0
4.847739337295182,2.105767355966833,0
-1.9872560574358524,9.311270801431508,0
-5.416185842374391,8.639464071576516,0
3.638869291745287,3.00635954830388,0
5.766272285950167,1.8745612849360547,0
-3.282022837590322,8.777467521458313,0
5.266755899757123,1.9244040320976168,0
-8.855843255541583,-7.081217388565373,0
-6.6621881104254275,-6.813968478126945,0
-2.7038949191694317,8.950097951089823,0
4.208882636008289,1.7345641522261046,0
5.7615679786160205,2.2022645155871112,0
-6.056081071309297,-6.862890010545386,0
4.6180220887859775,2.6804010577450086,0
-2.8386454093998417,9.746156832486617,0
-3.3411525405472013,8.376003401669827,0
4.970745864634453,2.7229363124299173,0
-2.4534727107640557,10.10847764666927,0
6.109663095015597,1.350899461046736,0
-5.854853390486259,-5.971172096387347,0
-5.645170212386579,-6.452271732739903,0
5.160673141920854,1.4802847715570138,0
-9.755400618779545,-6.998318038846893,0
4.330918821630194,-0.13141311482460027,0
3.589441207472134,2.819288153236666,0
-4.028567589006764,8.530052055332071,0
-5.108669637803525,-5.448473606337977,0
6.048498329674021,1.8474233864449594,0
-6.6537853571139625,-8.23165704754018,0
5.321872135482247,3.0149025365953293,0
4.877521492528061,0.7624270573115675,0
-4.644199756394309,-6.070798689344646,0
3.0298571633191047,2.30076241508369,0
3.1520171327374786,0.8479835822095703,0
6.325580590263073,1.3269273597941376,0
-6.72252854050744,-6.811428883625409,0
-3.1962117227522473,7.663730163855338,0
-6.128063965749099,-6.096724869121707,0
3.9170440410498517,-0.20237909304683788,0
-6.534541005136187,-7.812100718559487,0
-4.080349974170633,10.095800214498063,0
-6.7644748767107945,-8.191846285521072,0
-8.051110321122255,-7.007097406480927,0
-6.623266207412804,-6.296380231754127,0
-7.458756028158146,-7.337926562866132,0
5.512695919406436,2.7052506353737544,0
4.40909268412538,1.1761830151268544,0
-7.268038432140045,-6.657393530674982,0
3.8518312129950933,2.63009875028282,0
4.760513597121555,3.017194813383112,0
5.982058967472955,0.03908193848115493,0
-2.078335204037713,7.73860346820259,0
4.496219306330984,1.808089118937686,0
-2.9253920279380043,7.884216789157964,0
-2.5406367934275265,8.165857494007508,0
-2.3520697040618095,9.190475950701014,0
5.491469882121299,1.0634892446282564,0
-1.8650738552026414,9.09627494202304,0
-5.852435631110856,-6.896910909253687,0
-8.161042170929296,-6.951815939560915,0
4.049060488136672,3.2182106921639884,0
-0.6998912733196401,8.796240232805948,0
-5.862983983835388,-7.750875969716685,0
-4.9356095411508285,-6.512944188232902,0
-2.4867317302407037,9.561405243373532,0
-1.5136161090507203,10.71745873811636,0
4.961463376600857,2.089677736416603,0
-7.012052776094607,-6.795311864249803,0
-8.11149587928435,-6.30081094819631,0
-3.2015483972865444,8.355246853309676,0
-6.7136083432766975,-5.883646977862963,0
-7.233417922293584,-6.794769817481053,0
5.649464804119296,0.4585961748821754,0
3.7282854596419552,2.963230914657092,0
3.114216426941259,1.3761976560396165,0
-7.468806240848917,-7.759783406690583,0
4.978636998508468,1.8447714180231232,0
-4.443642066922027,-8.21512583892397,0
5.671532610803276,0.5642505812502072,0
-5.696732252273344,-8.424564502359502,0
5.63474753001604,1.4393250401258135,0
6.063832681769268,3.3869393322319907,0
4.934709525437796,1.7774447048568491,0
-6.213084659168639,-6.206340758939687,0
4.22645506559166,2.0055658976243107,0
-6.177744939091976,-5.541590084694675,0
4.302063742036698,1.3457489495143586,0
4.790014490184305,2.6856514483745366,0
-1.9219352095885736,8.808658274555073,0
-7.381735015980968,-6.569933766093109,0
5.2509497413386725,1.2067032529209443,0
-2.998637065570972,10.058447005267393,0
3.797780146506713,0.7058929955680018,0
-3.272483727231332,9.052223963645924,0
4.404007371694425,3.0219641236119728,0
-6.573007404169348,-6.731645911729058,0
-0.7537219247372602,10.587305853413177,0
-1.1864531561676146,8.845163442555505,0
-7.648587103826062,-6.767424393115573,0
-5.594126694666857,-6.825453472363248,0
-6.4495380349795175,-7.683934241518692,0
-1.8046910832280272,9.80334281557384,0
3.4549268950020267,3.5781041856946336,0
4.355690954073323,3.540961193736396,0
2.8604399108046703,1.4401656021143978,0
-7.372282044364674,-5.196137563206609,0
-8.7233801499439,-7.699162236394752,0
-0.835755737429765,9.456032864575878,0
5.2841893363363015,2.1196452955940503,0
3.7909741798576366,0.664485552951593,0
-3.204892500249814,8.096159144781748,0
3.535427008373105,2.4067112944132614,0
-6.314763058995311,-7.368909391626878,0
-7.403312723828164,-6.148437266655035,0
-4.775249717202033,8.663507922596768,0
-3.414929923915369,8.360519789549501,0
-8.901620713899334,-6.33578688851021,0
-6.513480665185588,-7.386813769486185,0
4.724744294589206,2.658789058159215,0
5.068690016661107,0.5171231905942986,0
-7.746197745576767,-6.531097324647868,0
3.5820422176178672,2.2339365014237953,0
-3.4365507572433245,9.252655110933107,0
5.734441290841897,3.2096591961249086,0
4.094791606232511,3.7899253135158366,0
5.163877791812429,2.0659127497202845,0
-6.722728449952757,-7.729390555186038,0
-3.1665701770474746,8.96532109733987,0
-2.0036397698377426,9.450521832999376,0
5.192784064827583,1.0365776776970899,0
-8.575943426267493,-6.521368205167644,0
-6.618222688604059,-7.294625810743597,0
3.3705877309849974,3.5093264567956775,0
-7.165499446130391,-6.718596094037539,0
-2.6850520274848213,10.675756293926339,0
5.679936727021491,0.9542997268739968,0
-5.835241139274691,-3.451199115267733,0
5.627740418634611,2.4323738655402614,0
6.194161277839127,3.3429507859031107,0
-7.565181762634776,-8.369031849346523,0
-7.027816481554912,-5.4881180170946156,0
-2.1228149692046894,9.85205034974491,0
4.934455636768421,1.3263333797731085,0
-1.9572333637209227,8.670188099935988,0
-3.387180209809311,8.187405774158462,0
3.254518317783607,2.5662237342237533,0
4.439677581927731,3.3723976340118913,0
-4.1412125080791675,8.109338295260255,0
4.244831984058534,2.2822165189647667,0
4.483375006018891,1.4214318321084392,0
-2.589797372349511,8.181230071197563,0
5.425063918538478,0.19548872157053077,0
-2.4230867547937724,8.267362843128154,0
-6.308344137986974,-8.501562217828168,0
-7.950646753682758,-7.022395285721094,0
-7.43367157523935,-6.701869849370891,0
4.965363948552719,3.0727541482684018,0
-6.424551615430899,-6.990510757177535,0
-2.0101018069150007,7.3220152965549925,0
-6.741868785977233,-7.321487096570576,0
-2.8290451463075943,9.166044120447062,0
-7.486452532937669,-7.141113082627626,0
-4.722411303703533,-6.843505936712868,0
-3.5455068704265207,8.810824987118016,0
-2.064999295762078,10.115609085934084,0
-7.126364471704745,-7.291044669849809,0
-3.0268089220889216,9.23807407983722,0
-6.16121549337464,-6.657089290313784,0
2.9387383619608594,2.3472317720717757,0
-7.934647946528455,-7.600388169863878,0
-8.028931768541431,-5.848693686841939,0
-3.3902659597140423,8.302065364549271,0
-1.9634109095203947,6.842714723437874,0
3.983043367533671,0.8948546173115042,0
-6.684788372165674,-7.577188506076643,0
-2.116563507401782,9.46787165170754,0
-2.978672008987702,9.556846171784287,0
-2.8706603897467358,9.430732166299775,0
-6.85959985134724,-7.948133969167124,0
-7.735712063152182,-6.768841074108457,0
5.81464063646114,4.089181740771727,0
-6.886305764203942,-6.144542694973374,0
-2.296000994815061,8.262316796459503,0
3.9131046983942586,1.095552327077827,0
-7.106387987801415,-6.207496702186104,0
-7.374507849330589,-8.164479001585121,0
-3.7260943333929175,10.377662641736661,0
-8.336484819399308,-7.504882176053562,0
3.4433637880771686,-0.45695269178662423,0
-7.4399803472111135,-7.0554677676707875,0
-5.789155022094276,-5.835129098142753,0
-1.32947241469204,9.20839375915168,0
4.425952369876936,0.9962239445588499,0
-1.7157089025005372,7.265754154960141,0
-1.3136662349660408,7.495316347385007,0
-3.0574664179778273,9.84762003997863,0
-7.100189725560259,-8.236654645562485,0
-7.448166496040271,-7.167468467425581,0
-3.4179672938607233,10.698810962801772,0
4.090752355238524,1.3786719615140095,0
-3.291796220471339,9.721318487809107,0
-2.8362149406625212,8.800829348847884,0
-7.3268722959385775,-5.6614443824870255,0
-1.1194334891063946,7.669076457389719,0
4.3254350459304725,3.2986699036619886,0
-4.023667932233517,9.33587933953756,0
-6.856242065995089,-5.852914805033087,0
-2.612628847343034,7.775233425671679,0
5.3153696834935715,2.5506866385479436,0
-2.511601463971604,8.425014476409014,0
-2.707135352037432,11.082192466361874,0
-1.938584625833219,9.982470788731183,0
-1.3873397668222793,11.33432685021558,0
-6.232021208584199,-6.38657229907218,0
-3.5793891859470817,10.733326741040143,0
-1.5989818393880049,8.830757956041168,0
4.583090240341824,1.0827339309980704,0
-4.714734602049813,-5.562758288623935,0
-1.686652710949561,7.793442478227299,0
4.777957244645648,0.08704097998970584,0
5.058393395385156,1.4765186318124854,0
-10.187527143648659,-7.031472496851689,0
5.5524991587685415,2.394886616943829,0
5.262822866641409,2.614711328876744,0
-3.1268495184871004,8.698213272171271,0
-3.9572115234689944,6.81548017157824,0
-4.6593053331463885,-6.273872399779658,0
5.01108559969816,1.991400681077849,0
4.50930337893293,2.4345003969761536,0
-0.8954863539941031,9.467820429712301,0
5.584093676479916,2.16833173108255,0
-2.3444367818162335,9.06517383005434,0
-1.4331904844541519,9.035597776870263,0
-5.996002642180298,-7.04059581360451,0
2.4834334592230687,1.6019123132703381,0
-1.2657918258655882,10.242316337806457,0
-5.320999174081184,-9.07375751953482,0
-3.134016200748429,9.040377178409155,0
-1.25157856669339,9.420342250626403,0
-2.571845845174572,9.25552637660505,0
-7.115607290018216,-7.370053614249909,0
-6.457612831740576,-7.096824604662374,0
-8.702161534837872,-7.968043051905021,0
4.498216204355858,2.275492584289007,0
-7.272471081918478,-5.772836621272143,0
-6.460285318689645,-7.678629985459975,0
-7.393896162721911,-5.980280097142989,0
-7.111505166212503,-7.840120115463775,0
-1.2540518346778464,8.516613604769281,0
4.674212224796936,1.6106706810586635,0
-7.2434117207611415,-7.6502287005077,0
4.445089214944866,1.6678605304221672,0
-8.715197668022144,-7.059312247595088,0
5.32432931386453,1.5519708673278187,0
-6.1333488012158766,-7.840722769688773,0
-6.517719354790282,-8.1024724002802,0
4.887725118129926,0.9028491352888945,0
-2.9689622388832264,9.55767695607013,0
-1.9089846573084723,9.972218183414006,0
-7.198745280849174,-5.86476680700495,0
-8.263486210147116,-7.476882069643562,0
-3.778528119599449,10.716800786327926,0
-2.436517098723409,8.60279298363614,0
-2.030217797306358,9.347948233485269,0
3.621073638637388,1.158484030703062,0
-8.261176250030708,-8.491826658894801,0
5.578848304932894,1.9092918511093853,0
-2.228561218562614,10.772906612393456,0
4.531262181289759,1.8570988738202485,0
4.6918994866677215,2.1003436031350176,0
-7.988934723649265,-8.660991233356247,0
4.308379447928587,2.053532009903762,0
-2.4306205933336003,6.88555203378351,0
6.255751326350415,1.0082763837543478,0
-3.176046340004314,9.212202795540398,0
-6.384110667006374,-7.7131178491153864,0
7.081100558700015,2.410296463671784,0
5.518842809298753,2.4537782772880794,0
-2.2135731343056553,7.497643578777531,0
3.6139140187473235,2.580458699042425,0
4.510205784199501,0.4366389935586936,0
-9.309382488833815,-6.644322529077913,0
-3.359810876004698,8.473279262415423,0
5.111270098993092,3.2450692293646757,0
5.992241382154252,-0.39168568885078026,0
-1.2910029112984942,10.071654433576546,0
-2.4017532487118576,9.40165760883131,0
4.674150650428324,0.2922992247026117,0
-3.1630960113783266,9.04159950804976,0
-2.301930293653806,9.083630465234572,0
-8.544416192584032,-5.537314277854241,0
-5.39510642530257,-3.989466602876809,0
-1.4705915538439336,9.107444465898064,0
-2.5226948477906843,7.956575199242421,0
-7.318844955973082,-4.396343600688438,0
-6.158465369067115,-6.623784940307093,0
-1.8548319666986925,8.958701457287866,0
-5.671303905204037,-6.6353249736724464,0
-2.8716385644558824,7.894616233572178,0
4.657711090757859,2.0107365426479844,0
-7.484690881873241,-7.441708269652816,0
-2.0230128314908113,7.064914372875898,0
-7.027805724649499,-7.766774627960322,0
-6.627757742833245,-7.296801580071682,0
-5.483161490695537,-8.957269252576774,0
7.099750821257482,2.754666923401364,0
5.4728242790531425,2.5608645858085444,0
6.315515130073663,1.779174891374107,0
-8.200860928814961,-5.8935955894717456,0
-4.340342501391101,7.785842296932559,0
-7.117441073299691,-7.290966792412421,0
2.7265385015052983,1.0081241033645525,0
6.367842671609867,1.5038232175140207,0
-2.7150570539330907,8.267707781658082,0
-2.5322481791382163,10.292861296137696,0
-5.870523779423218,-7.249109782527479,0
-2.532749773926988,8.839931870295485,0
-0.4159996908428054,7.502402708635108,0
-6.587143003208975,-7.242512026964027,0
-6.602206079913927,-7.653083027442568,0
4.246440939953551,0.06397222496348909,0
-7.22847918834247,-5.847547872915394,0
-8.088951658929684,-6.577365800770904,0
-1.4118974355090415,7.448638096592726,0
2.955874818431937,1.26414078162576,0
-8.005578087286665,-8.122729738220862,0
-9.193486686758146,-6.859519416041268,0
-3.344340524682773,11.103824849893094,0
4.686090439899019,2.722105797746659,0
5.161094627416826,-0.11116193740206848,0
-1.8256282998522726,7.648330416997787,0
-0.8757660907516542,7.8679407351796335,0
-7.466598177171734,-6.548145664709393,0
-2.135849063341352,9.326664338664893,0
3.2993901948616644,1.6533434060519758,0
-1.9185427923604408,10.12298970878123,0
6.613957523973125,2.3504329432829585,0
4.133244002440182,2.2130424362254573,0
-7.317449314012922,-7.779967564911215,0
-1.405980050999092,10.456228530150922,0
-3.409787975588812,7.881501176930577,0
-7.715965690815898,-6.050886007638835,0
-2.968287933271742,8.319685759035178,0
-7.9060613017871555,-7.387801571659334,0
-5.193620241380826,-4.468469401487377,0
5.650718571248415,5.502224871511216,0
-3.244727565642517,10.250379303408758,0
-6.37762530208471,-8.586972155468997,0
4.268416815140416,0.19718743697883934,0
-2.269570104813752,9.74734040966432,0
-3.85737466848024,9.029968364669946,0
4.31525916183016,2.2109014118467183,0
-0.7932899919200558,8.916760744452699,0
4.80651673153994,3.0331198537031083,0
-6.057516343868457,-6.73964261754109,0
-6.778823320691496,-5.2254412774092405,0
-1.6887154418553862,9.521560159305618,0
4.140427643342888,2.642254894208256,0
3.775898987152023,1.846637104193672,0
5.69242614696285,0.1302327776930563,0
-8.539532753656452,-6.791286630997158,0
-1.4753165681285416,8.60682602090672,0
-1.4997258344567814,8.169344689604825,0
-6.665094272264854,-7.804753611723978,0
6.908870447887555,2.161623280370015,0
-7.254027639150177,-7.042358133234442,0
4.039540177221614,2.566709116233923,0
4.756709010400285,0.6875786831847044,0
-0.9784467907090528,10.233047979895638,0
-2.266062967914261,8.544082789413011,0
-2.2053790274478744,9.735848633324466,0
-2.4207907367609027,10.491816209253583,0
5.87705963651711,1.7186936072953904,0
-1.1167323229884214,8.764239613599369,0
4.672652473783883,1.9943923347749903,0
4.089291769227395,2.482858915165388,0
-6.5834936012656655,-7.468262718596515,0
-2.7777282709585824,8.123093902783035,0
-6.534852218558975,-7.500132542352658,0
3.9669735042187,2.6360107769623644,0
3.658932109214732,1.2023560533266426,0
3.589692298866432,1.0008714392058973,0
-7.26661129030896,-5.310868411991238,0
-1.7188257270010388,9.354337422767212,0
4.601555000530729,2.791935654789548,0
-5.726693014176497,-7.571444454438723,0
3.78638335616676,1.3037327703072417,0
3.5697203727212408,2.2403059804024625,0
-2.412201658060032,9.609443153635235,0
4.939673710391265,0.3175303237706495,0
-6.302421538623319,-6.159623485021659,0
-4.110101601529266,8.185789103418076,0
-2.285283488988089,10.378426558172166,0
-5.761994749547313,-6.378257543916056,0
-3.3381926339748222,8.454105088001352,0
-6.9757714790757595,-6.125921632243544,0
-0.914692559827778,8.167324779879994,0
-6.940312624353191,-7.788761875191405,0
-1.825868630241681,8.80497230861896,0
4.908292109922663,2.224120704652775,0
2.6075250719297167,0.651613897429681,0
6.945825422195841,0.5738275180919612,0
-3.1175483877320875,9.606816435516082,0
-3.0381753311167654,7.957728485438069,0
-2.304438740650966,9.780164407678937,0
-2.723347933763939,9.851440614529706,0
-2.6591383421318597,7.581134313673609,0
4.674272631535684,1.3309372054967428,0
-7.716733517898182,-6.596632989256964,0
5.1623240471547955,1.524572810831612,0
-6.799933123768557,-7.48498399228513,0
-2.554783639408248,9.257625577521013,0
4.235083456807808,3.105974381115539,0
-6.46734659300777,-7.49620974651523,0
-1.6797227811210016,8.820459989425519,0
-2.5544519250170867,7.781184823183466,0
3.5219512281913614,3.5123668841156395,0
-3.378860704327445,10.139720912613091,0
-6.437718268987068,-6.710099374295737,0
5.282595988859585,2.693808915297999,0
3.134131035663935,2.8131142236827595,0
-8.280297046037818,-7.365219612580008,0
-6.732616357538406,-5.743050733230424,0
-3.4286218572865534,10.564220533215861,0
5.752513141431403,1.9020493931103961,0
-5.16992129054394,-6.104878864438193,0
3.635799203273074,2.9175549067761217,0
-8.060818131746988,-6.063484850013718,0
6.105714814831065,3.0657075175490354,0
4.895855982646872,0.8539194417200882,0
4.844676713510019,2.382310606716726,0
-3.8868151238069872,8.449512124027379,0
4.457718252370177,2.2543813665247976,0
-7.680847550964153,-6.423906274124203,0
-3.7896531940552167,9.203765949419402,0
3.3123713456906705,1.4719925469876969,0
-8.144839227149467,-4.99432107679042,0
-6.564864629696107,-7.931431407515176,0
5.125625983683561,4.080109866203918,0
-2.1741395939686328,9.3304420853811,0
4.626375591635124,0.866436696211281,0
3.361142981408845,0.7472774205007862,0
-5.626563464222357,-7.917551289684273,0
-6.360190567959533,-8.040129975219235,0
-6.296222275353079,-6.204005954978797,0
5.8164120900158665,1.3894475503781307,0
-0.9616924217226885,10.810163801293843,0
4.465230890546473,3.333337814768745,0
5.344668278667088,2.7827115721936724,0
5.113095902040085,2.589563974471091,0
-7.4264656463460526,-7.8679676669081875,0
-3.1373413622219286,9.113219915227205,0
-5.848584452368609,-5.561501765097901,0
-2.45098890460675,7.871315830367698,0
5.817087623645016,3.8073042483031228,0
5.1308827821858545,2.302992744809242,0
-3.412899483782878,9.338645409919925,0
-3.1606156266671985,8.530400294144,0
-2.6677353154692067,8.096267066559356,0
-7.3566030511053295,-6.193262616212227,0
4.037254531613544,1.974952725045341,0
3.1260483349832477,2.604045287536888,0
-2.7617657744459105,7.766502946233472,0
-5.284865202107406,-7.895617032089268,0
4.39050921105562,0.8101270336561301,0
-5.169919162475751,-5.670215633256842,0
-6.3290702583250384,-7.647457079214111,0
-3.2951836556877323,7.6332415250445464,0
4.400423742462517,1.7000375402214796,0
-8.534137586064016,-6.397260847527838,0
3.530128708339827,2.2964168714742943,0
-3.639401347726674,11.425962803776743,0
-7.663115319497145,-7.76270687941946,0
5.892937046472015,1.88292680250041,0
4.3668720882055165,2.5581910162285304,0
-2.004210344072293,9.880041322368443,0
-0.9463088545445524,8.740293046369016,0
-6.807963051400419,-6.183478092058199,0
-9.874894081950886,-6.908233917217781,0
4.424310892809151,2.241336633762706,0
6.470622661059363,2.4663653724306105,0
4.764254958529031,3.571280579692491,0
-1.5129308036056102,8.520529545037009,0
4.576488984193291,2.45595980800105,0
-4.303090120920641,7.658838625086032,0
4.698487753599894,0.7453411178837399,0
-7.72799372757436,-7.463452526154435,0
-6.830778797941785,-7.546754786233924,0
-6.971016863201531,-7.93331598931861,0
-7.6532670360894,-6.656510138830042,0
-2.273583064944184,9.785151322085289,0
-8.401060172065577,-6.347513105661881,0
-3.696796042082263,9.32410683842535,0
-6.354514248265454,-5.838196989098469,0
-2.3726002274639977,9.039671406170593,0
-4.782499978778243,-6.577496067329693,0
-7.2361041597808144,-6.518085042287481,0
-2.140524314179849,8.62094731587096,0
3.9402780275257374,1.7637940706288187,0
-1.7087880978250678,9.768577458011896,0
-1.4036716900947663,10.201316433758702,0
-2.806573702295857,8.767902725683774,0
-2.7015585878338726,9.315833470531935,0
-5.098988591673562,-5.050546996954708,0
4.997540202859191,2.037675656803304,0
-2.860047053129225,6.79593836814724,0
3.48293743899863,2.295674344230637,0
6.290451799460949,1.3439575344112895,0
-3.5800901211138623,9.496758543441507,0
-7.758763284258955,-8.79869901683525,0
-5.233343807567293,-7.980206555853753,0
-7.225280847756939,-6.108259107469152,0
-2.945917359093346,8.9481535135725,0
-7.544593702471267,-8.422931742313159,0
4.009033285437245,1.6753028789838709,0
-2.051873341965985,11.112507602745069,0
3.5823641659346697,2.5965119846155607,0
-2.1768836110731584,8.265799591641768,0
5.734677338455427,1.1671779528813166,0
-5.585874035285309,-8.449208617969171,0
-5.370080328538639,-6.4459826117349746,0
-2.4379438731418577,7.720778502994226,0
-6.509647977270523,-7.684122591230193,0
-2.598431777274199,8.97671548321884,0
5.107131051410891,1.42887353762644,0
2.827889498666047,1.0224789905254767,0
-6.061313454831308,-7.174203901664581,0
3.959103269902921,2.2654351400964443,0
-1.587396121075498,9.496974015407535,0
-3.106171909773824,6.623981760728883,0
-6.3242475350015015,-6.020024525533127,0
-1.5928699483502688,9.360774604096314,0
-4.576639723092627,8.925166088685533,0
-9.735902604492427,-7.169599673709566,0
-6.973472807374637,-6.0773820208382485,0
-1.943687977421206,7.253523369042504,0
-2.2587047727068734,9.360734337695297,0
3.215113182506612,1.760717981227676,0
-7.627636677751805,-8.66504812614805,0
-1.9443552644526276,10.650083934334136,0
4.096856889842312,1.2762282238026352,0
-5.4857026606101975,-7.698584679406115,0
-3.5176463556000996,6.928388250464984,0
3.8800767042403264,1.2631542410491798,0
4.576575613446765,1.8945812910263753,0
-7.092605847701481,-7.136465236129093,0
-2.773854456290706,11.73445529478794,0
-6.8862311016346345,-6.903953361412063,0
-6.846075594333027,-8.18311151509075,0
-3.2630597367437115,9.396939679675814,0
-4.09278601284033,9.42728504033612,0
3.928558925681533,2.5683008698545007,0
-7.763903227511688,-7.367330534944169,0
-2.7395983372585175,8.090052983930017,0
-6.43734555282096,-7.745408868410798,0
-6.848258775051562,-6.81657163811913,0
-7.183549838766643,-7.789761619108985,0
4.356726951348226,-0.051870229735440976,0
4.437539929358014,1.78992444073145,0
-7.569964253599616,-6.439026931415543,0
-9.093895377035821,-6.062575083430649,0
-7.791952705217628,-7.342608746475916,0
-8.040871643631629,-5.802749783413674,0
-2.5662387899056918,10.19827357139521,0
-2.725720820588924,8.075044587516315,0
-6.748104461073114,-7.055489277596927,0
-6.2917920692854805,-6.295039390817575,0
6.074188505580177,2.2579242773263,0
-1.8272446517577863,8.704019371604865,0
3.7422194509530473,1.3356822491157203,0
-7.177362840032501,-6.153982071925573,0
4.998796419968761,0.9333764594124974,0
-5.838519374626707,-6.2271016549660425,0
-8.61635400891571,-6.541636487963835,0
-5.5142984428754485,-7.083407837852752,0
-3.0666894080605838,7.644483148619244,0
4.095604403303563,0.8954257490103885,0
-2.0691831729994177,8.512231903845711,0
2.4423778309660715,3.241883578517302,0
-7.396336300581155,-7.099636175723086,0
4.976156725475664,1.2361403227880348,0
6.166691499805367,3.8757278891702915,0
-2.797746318928455,8.230532607073894,0
-5.738731214000996,-8.243977526905288,0
4.982805213549444,3.2166388122866953,0
-2.542810187756463,9.469027040339457,0
3.8105584618667314,2.56474070239383,0
-1.3086659645788776,9.154645998046368,0
3.551985824118843,1.2889275034254886,0
4.375332937523379,2.3389296700336475,0
4.5576251365566485,2.2796205469040727,0
-3.113942287590963,6.808720071099252,0
-6.469120399664889,-6.870597753334953,0
6.229774431038796,1.2530157069191654,0
4.000685302477943,1.816893347235689,0
-3.8294308300733926,10.845744894052675,0
2.663057267280511,1.4779545859359968,0
-6.484807170739093,-7.406274964336134,0
-4.508086529914,9.048315714545003,0
-7.847676986700966,-7.445662355678371,0
-2.2642310519440274,8.50734295282719,0
-5.601750670109298,-7.2528853877407,0
3.9997323311344015,2.481181974995332,0
-2.009333499312379,7.6149799533963805,0
-1.4797570671257096,8.677391001413183,0
-2.165409741502865,8.96563377662787,0
-7.9829199339758965,-6.631647172144655,0
-7.9056952738924275,-7.059842107286068,0
-5.672656866519021,-6.744267845167834,0
-1.5830200755211088,10.923702768668452,0
-3.7264803152732293,9.17374863500245,0
3.232585392735699,0.6750657802535742,0
7.354695775714423,3.4750488177370507,0
-5.992004227770874,-7.040774441650668,0
-2.7106891570002682,9.007764812968864,0
-4.584785632131283,8.928216435407428,0
-0.8692330936813573,9.756413619270214,0
-8.39949522852678,-6.935503118758282,0
-2.638231738182534,8.162623953863928,0
-6.16920265705982,-7.935954230709788,0
-3.816567405283714,7.416413993703484,0
4.75435489504688,1.864641841375884,0
-7.9055705308506985,-6.855462215065404,0
3.587549366624906,1.4976352372053772,0
4.006606131517829,1.8764095807538426,0
-2.4121200737047097,9.98293111873121,0
-3.0278643426739604,9.867487673249876,0
-7.2081804429415675,-6.988444440645241,0
5.600972293460185,0.300085671434992,0
3.574196138408535,0.28943711632668334,0
-3.8677716383102245,7.934549806922473,0
-1.0000666096481996,9.619892360829635,0
-2.39866230557881,8.387970852015314,0
-6.926251956365939,-6.606515020014269,0
-2.188411897120066,9.208338071804196,0
-2.829865248609942,10.809497484110643,0
-6.689979236276372,-5.847570694974825,0
-2.693343438735952,7.884107398713638,0
3.564228352653214,2.309752729399767,0
6.2852337884988465,1.7380048056896351,0
-2.404996519100874,8.9516930002988,0
5.74161669801431,2.4651631707772284,0
-8.260017037875338,-7.687387363286318,0
5.318428490849153,0.09830402843902109,0
2.6602845603755734,1.5597308815642217,0
4.674083520766176,1.1185450421856662,0
-1.8128101755960349,9.969591336768833,0
3.880695290060597,1.1518832998678727,0
-8.116980881190438,-7.412902806356394,0
-7.082070365334606,-8.007613840362442,0
4.693776183261308,0.646907521991575,0
-1.3631674789106851,8.236914643352415,0
-7.396357628673124,-7.113245525820998,0
-2.5752774217000667,7.803269928435865,0
-1.0679243339866347,7.578423977018883,0
6.691125779497565,1.2793652660389094,0
-2.732399877687555,10.504149566800404,0
-8.288050575357278,-7.380072090484582,0
-2.592635592843111,7.564640908499792,0
-2.201794053333062,8.18967387776356,0
-5.270283815541394,-8.565601986144523,0
-6.141692264889115,-7.52491852966943,0
5.538238404575087,3.0979464039265445,0
4.597022588567763,2.047443374130877,0
-8.228054703932251,-5.332798610188268,0
4.237045407753297,1.8038408268256847,0
-3.0061296481707283,8.831717153818781,0
-2.30412228381812,7.390903598257078,0
-2.641366978697122,9.08656509358261,0
5.147490659171349,3.0735625762194614,0
-5.415425918627683,-5.695365694569266,0
-7.016792102025387,-6.092835898459724,0
6.024749930022145,2.369797623162189,0
-8.138922743031308,-6.479051285582314,0
-5.674951255394345,-6.9897644423934056,0
-2.18751908167625,9.182345934165141,0
3.8257255796304976,0.8079676839754435,0
3.9751779310770874,1.8520942515501782,0
-2.3141726390246236,8.256004059310731,0
4.058298073000883,1.1176419960001083,0
-3.595508989863386,-6.096805356187233,0
-3.4337617374308502,7.41668695860289,0
4.133789545036213,0.84012733656327,0
-7.268838336348034,-6.96107101801272,0
4.412107857104466,1.033153751816978,0
-7.387158534677038,-6.046009021365879,0
3.9069527981195664,1.2329374313920236,0
-3.223878300043182,9.535566033212136,0
-1.5735192299052891,10.285841223192481,0
2.799612451432533,3.301335737898065,0
5.929010671665546,2.6295762494307042,0
-8.012234481672524,-5.604337772517624,0
-3.3774903549291166,9.548915214320758,0
5.760815348634347,3.5427982708802253,0
-0.9605583280287135,9.33450270614715,0
4.705770444830342,3.6383120664845134,0
4.838096163948921,2.298429182170314,0
-2.0492254801136336,8.336570758446216,0
4.883977279730488,2.247080770787911,0
4.16203898552431,1.9285631517577306,0
-7.6276989954729375,-6.954361700769029,0
-6.930569470214673,-7.106284880956707,0
-6.369560597980204,-6.0872042214387445,0
-3.220659817136455,8.62982924922123,0
6.377863821351622,2.402137632489249,0
-2.620010183331838,8.626043074676783,0
-7.758643460101721,-7.0656581278688,0
-2.1529448343466666,10.275805380733837,0
-5.7034014843927405,-8.164481568785146,0
-4.736182372607622,-7.13670442906547,0
-2.9565195187115014,10.295302489933434,0
-3.7596053570224677,9.618801454553688,0
-3.3965270819085216,9.786082305433982,0
-7.945990266536089,-6.947068483591193,0
3.9569437299129153,1.6120825205538625,0
3.837607002293581,1.4685359416514974,0
3.981496118287656,1.3786659879917247,0
-3.781116624165473,9.225682695668981,0
-0.8252699315948815,8.555401865329381,0
4.149266602201449,1.6904103563113637,0
-7.172143384700612,-6.209116941187022,0
-2.810177935445972,8.382849100715138,0
-8.004282879484265,-7.375758346155287,0
-3.1826882472966185,9.293280290422123,0
4.403026787105923,1.838971994655279,0
-5.608781570075722,-6.552483375947531,0
-6.475219037079853,-9.292660411195758,0
5.6482948061710925,2.0672395251322557,0
-6.597177427095669,-7.604494758398117,0
5.567894495379788,2.1816616545163128,0
-2.858636950269706,8.24171737944208,0
4.337529269896351,2.814801939705807,0
-1.8236078767543338,8.872637542188194,0
-2.299663392789956,7.922660956039219,0
-3.2683302846064484,9.16467991467453,0
5.902456243192251,1.9156667151458155,0
-7.778117677924115,-7.15089609025501,0
4.638257119264721,1.79600156882597,0
-7.4799838854148435,-5.863821650519311,0
4.382826427415036,2.2507221974342637,0
-8.280881205351038,-8.470539851795245,0
-3.053311625166943,8.851493222126027,0
5.333702290087204,3.1396980201617355,0
3.775452130892382,3.5626927200445944,0
3.2754079826108207,1.0449038452847361,0
-3.5095289476583247,8.33654115767347,0
4.5696552156534755,1.6860601790783891,0
5.607673305231527,2.3721618414424275,0
3.3108711990046533,1.23084167106416,0
-0.6525501864907954,8.532520157104846,0
4.969992626699045,1.1591590146491764,0
-2.151410262704467,9.575070654566556,0
4.643461438060885,1.7785059889160522,0
3.5409625814999073,2.6605964390672363,0
-5.661019016816773,-7.230300623629948,0
-4.893504411838496,9.759436992483138,0
5.102032932287779,1.8639765894401794,0
-2.9670460092352395,8.854923896052416,0
4.2814752607152124,0.7481697952806814,0
-6.649093523939931,-7.654793650939792,0
5.471377703159764,2.7712607326022938,0
-3.1954767588078345,7.581614838458669,0
-1.2960999230735668,9.156003041838225,0
-6.126026081991456,-8.904041204258892,0
3.928575609278622,2.0902939000905834,0
-2.3405429510860225,9.45622677776773,0
-2.530099217016898,9.131613511507103,0
-5.881543018547615,-6.836905544590443,0
-7.817807042372513,-6.522947007574676,0
3.9243660701053527,1.92860278451525,0
5.118726409445836,1.945955551562875,0
5.74759993221055,2.5397718323334573,0
-2.6343720514359146,9.861168232083235,0
6.247793897347259,3.326623331561935,0
-8.135782465658657,-6.924654457520735,0
3.3683303153358173,0.8200853522009497,0
-3.1160628009099254,9.471972714251873,0
4.0681430134787675,3.735642848810344,0
5.258435193206026,3.9588460949555717,0
7.350210480562994,2.4930407020426433,0
-2.863238333993774,8.440684355301421,0
-0.7816544529520388,9.450609797872353,0
-7.280492526160972,-5.580478307972506,0
-2.178317390838293,9.847815089807247,0
-5.5645791316270685,-7.449739669822324,0
-0.19453905637924152,7.147020935606573,0
-2.1009448673382782,7.311702523960481,0
-7.9907924900512555,-7.224455498209655,0
-3.079030551291509,9.34379486377133,0
3.3105197772940373,1.68865937960151,0
5.340474233505229,2.0966272401098744,0
-3.734963286055091,7.5499112479885016,0
5.5788360144629525,0.44339560383139576,0
1.3187642806389626,1.3829477176350973,0
-3.525019442031147,9.075965978046293,0
-6.225762686508892,-8.23090701588663,0
4.582481372441308,1.9223688953211984,0
-6.836203782334859,-8.215801114969022,0
2.974753539924057,-0.0285704835355296,0
-8.014943472390044,-7.141897266900043,0
-3.4719301883373626,8.807674848502275,0
-8.325237391927832,-6.839680653442479,0
-5.77645325235763,-6.912128397763017,0
-3.0733938029132366,7.520248334908571,0
-2.8497963299626115,9.514429161312206,0
-1.8363363870859302,9.6061002619397,0
4.96852286203291,1.3993497700306132,0
-1.2037188158984211,9.03528996983108,0
-2.062215906042898,8.375700303053291,0
-2.620706450195694,8.20931964734576,0
-6.380712790186855,-6.605649415662105,0
-3.084835449290524,9.136295942843683,0
-1.3506020440453461,8.19360380984661,0
5.593639092039455,4.1449723513373335,0
-4.072231929624004,7.834826463690542,0
-4.032617602193629,-7.347719126693174,0
5.271103193199885,0.8219430264335879,0
-9.109757444065885,-7.14393782367658,0
-7.195194883685792,-5.933561065559164,0
3.298619108991364,2.5116728405797755,0
-7.369818097379959,-5.972019295013808,0
-7.310041899838555,-5.511920569527369,0
-1.7846058443296275,9.462771582394762,0
-7.250325106367452,-6.267697940360572,0
-6.191863342589501,-5.884806692746723,0
6.059723323601155,2.2436831594071323,0
-6.303398471555644,-7.888591020562263,0
-8.637414615093343,-6.309524893156087,0
-1.5453185062578405,11.224809129789673,0
2.348586029344036,0.8646725931439487,0
-2.0884979920342714,8.43636535136561,0
-2.878137062084212,9.228094922139386,0
-6.824419182158937,-7.809957541668597,0
-7.61569240969192,-9.003488131674175,0
-0.40947583388623476,8.767260427452324,0
-3.5417215265802895,9.41221317814513,0
-2.2851051412423335,9.026878528980117,0
-4.3943132666175835,-6.743984959200103,0
-7.268762287127834,-4.8839572735210215,0
-5.160167431445762,10.105792980120784,0
-2.4264247192673243,9.051068961372556,0
-2.9355552192582937,10.162731837395077,0
-8.895921501574435,-6.5646127849524545,0
-6.3665793237410195,-6.632821467648207,0
4.420466515256031,2.2080978090288474,0
4.621540769594391,1.8557593835958626,0
4.2937745644480865,2.822814466647384,0
-3.3931964797991907,9.146783271693968,0
3.9343408889496403,1.1271300113130975,0
5.657410260158728,1.5102533044544049,0
5.062507453420667,-0.04065507234034582,0
7.92764002361684,1.8320200115979264,0
-2.5850690737377735,7.329618550971935,0
-7.176295927825741,-7.877253140061633,0
6.237276129449724,2.6178594872249654,0
-5.908538852769068,-8.283807978021189,0
5.666939263101119,1.3252973942942106,0
-6.441603585823173,-7.142926416573006,0
-0.8938219335833084,8.691965658986982,0
5.348993225861385,2.135392900839564,0
6.704098971080512,2.131264559807542,0
-2.6226782689348913,9.235844601822532,0
3.5411994627937164,2.0177392948300037,0
-3.002320445452522,10.457918131667135,0
-4.23838051255617,10.967203510687833,0
6.232842932255482,3.438380187422113,0
-8.26400533536496,-7.088021903342061,0
-7.659670349301222,-7.484784774907865,0
-6.713288325200614,-5.643904615016351,0
-3.8742194184793854,9.715780910123035,0
-2.998047044839024,7.89466869490931,0
-3.2762650784530507,8.410447830705134,0
5.18646856191674,3.1306892897506895,0
4.9330360615510696,3.3266212454168507,0
-8.013573527119075,-6.7997245545122915,0
-3.6885667446853674,9.186540514609359,0
-2.2838897010118084,8.644759199364962,0
-8.579056710758788,-8.687371902841681,0
-1.8871276327467015,10.34321944773373,0
-3.1384610167455387,10.548013838114821,0
-2.6847615685519655,9.682940932956228,0
-2.868966268841836,7.688238442116283,0
-1.5253452794466034,9.14017265877498,0
5.5745335435647245,2.343095296945122,0
-6.518766581585589,-6.359243900714374,0
-7.0029387902174305,-7.370276908652507,0
-5.793096633252448,-6.356949559873784,0
-2.028188391316037,9.238170152477453,0
4.680401778545111,2.7343437229923704,0
4.966873349498199,1.138045179968497,0
-8.420059908275567,-6.493883529171365,0
4.125790031860204,2.8708254555904755,0
-7.589898089463178,-5.2107261337283,0
0.7174785846097591,2.256957711778812,0
-3.028593994878877,8.673378250852242,0
-3.2245013323127183,9.693883877132997,0
5.538605610241746,1.3653597039110743,0
3.83335900377154,3.650370193906828,0
2.6973082647906947,4.332783943040836,0
6.3040708910120005,1.497107126162865,0
-7.616888867543231,-4.602420667245015,0
-7.378635455581059,-8.64074603661345,0
4.544753958674631,0.5610940776251017,0
4.259115432366297,0.703704417927919,0
-4.661013024382055,8.295132808955902,0
-7.7909072480542285,-7.08540211490446,0
-8.561694474849055,-5.564010141425465,0
4.267814510896775,2.2540608105419033,0
-4.126998236868087,9.395064199563373,0
-5.14172242931602,-7.855208449062887,0
-2.1860121405945443,10.298102988051882,0
-5.516081244511658,-6.578178958272925,0
-6.8367198649835785,-6.882795319139189,0
5.737363807581265,0.8012357547175373,0
-6.566503773958279,-6.212524632799339,0
-8.829705117675651,-6.883467213315928,0
5.179829736983204,1.543178275325893,0
-6.358032030798763,-5.7278959302072785,0
-7.446603582155549,-5.9259450790850225,0
4.615749725773128,2.4837703743510455,0
-3.799158522793804,7.719207356134706,0
-6.185929236138125,-6.155681417040534,0
-6.872702470107556,-7.803538798997339,0
-2.6861448505467997,8.215988883659868,0
4.0128279907807505,3.1806728788926524,0
-1.9990401541375666,10.286856291126892,0
-8.129652846738875,-6.57440840252617,0
-8.336799889572227,-7.041537491308763,0
-3.205969441482325,9.596312695283048,0
3.992226079850056,1.6431628153158457,0
-2.027130895717364,9.383019275515842,0
-1.6380729196210577,8.68826259603048,0
-8.355857671460669,-6.4352346765988235,0
-7.292346470346034,-8.602832074841302,0
-5.685479043138144,-5.352801369081349,0
-6.972226586419663,-8.749083669102824,0
-5.387684131989629,-8.757148747906255,0
-3.4585965118846933,11.646668193035712,0
-7.54917951752708,-8.414290553963168,0
-2.2308489884080807,8.505072765599188,0
5.354428597691607,2.2822241220450197,0
-7.6518802620344655,-7.271287756911668,0
-7.873060790284386,-7.604549353379222,0
-6.37938884045303,-8.128412395145265,0
4.126904592260289,1.5296480841036169,0
4.499562608180941,3.990976132733762,0
5.52348562222227,0.6069713462718145,0
4.949434482995253,2.51650928093978,0
5.495080343976364,2.237459894093983,0
-1.858747530516611,7.511205826438504,0
4.8098533759773705,2.674992724484076,0
-2.68226944733662,9.02986517577979,0
-6.545682143152231,-7.260017559816523,0
5.002421927321063,3.1358177426269247,0
-5.456362270085609,-7.013499915387569,0
6.134020733494927,2.1745642426560132,0
4.628363748151457,3.0038294921822914,0
0.7338953465419831,11.322202378814431,0
3.6314458156969556,0.44342072893664053,0
-6.283327405690057,-6.93150452046847,0
-1.9177554713008953,9.694506488675012,0
-2.1187327731238605,8.911064375265825,0
2.580718352535781,2.7716710218479523,0
-7.730741977985657,-8.1023353128679,0
-7.839599710295311,-6.514713385039753,0
3.70675974754196,2.6466424800989627,0
-1.2566568920235195,8.235266706678336,0
-2.480879246922289,9.044042267694067,0
-6.599805595206993,-6.614821248492138,0
4.3217203346101725,2.5739026990863234,0
-7.758780390244816,-7.015154195138721,0
4.145688813161189,2.2570142512434686,0
-7.883061001909499,-7.848933707310941,0
-7.032710924160925,-6.462780291615507,0
4.220031840396873,1.9948827024255746,0
4.201451469012828,2.5847712454904155,0
-7.58543124626692,-6.123467128169009,0
-2.184739018700233,7.210423335635957,0
-1.2534414974792294,8.119678825978818,0
-6.59170756990527,-7.147301158931235,0
-7.729044660867576,-6.728893371938399,0
-7.466242926711023,-7.528524402234759,0
-3.8760763214681715,8.789520726305637,0
-6.747877081403979,-6.517658724650336,0
4.987974128015447,1.5818697940423543,0
4.9707423672950135,3.651953491327587,0
-2.4358608782746134,9.983056023879675,0
-1.8163400388153135,9.596857447007126,0
-9.040539793917992,-7.367654149682539,0
4.225248327414071,1.2488671497330652,0
-7.712760324831617,-6.063506022918234,0
-4.359919545505896,-6.745202476937819,0
-1.5576478524787074,7.993123670638021,0
3.029615717436301,2.726359633673281,0
5.823427938809706,0.8085063354283373,0
-2.6025844819526984,8.48495401574995,0
-5.785053899930703,-5.747267381563052,0
-7.773208159129281,-5.293209936242856,0
-6.2728971886311635,-7.956926566903003,0
4.351728573805585,2.123644182714633,0
3.4744373100070445,3.4438316745930213,0
-6.761032768094396,-7.055568028317709,0
3.6317723294676734,2.058142646576559,0
-7.117350564498382,-7.353217006636469,0
-4.622874718982503,-6.719405041997485,0
-6.902271321287644,-7.076403211021713,0
4.563639818907504,3.470049957791588,0
5.269239469656993,1.6741005987106772,0
4.1238978468790215,2.3900427465307725,0
-6.038545652544855,-5.651381538047026,0
4.889488294437813,-0.46753433083435203,0
-4.041898182942681,8.818005476810384,0
-5.97239253109365,-7.2660427197915105,0
-1.9117975532028921,9.71545887050922,0
-0.4733240878709575,9.483264206346789,0
-6.1616958053286055,-4.865995869916203,0
-3.3017183614854506,8.899549686731422,0
-1.4425229334635963,10.183581718643994,0
-6.031309971446665,-6.957399093425329,0
-6.286290591519907,-6.618252386030221,0
4.76135741555716,2.2871922864268464,0
3.088852654244781,3.4783656828197715,0
-2.8295449312470704,9.438452074600239,0
6.644302139903273,1.8758585332391409,0
5.536378506428267,-0.7672567380941993,0
-3.4833194692691185,9.71771404498563,0
-7.989466680421177,-7.883897408739583,0
-6.288939146307079,-8.289093893227681,0
-1.4355658731929781,7.987770828787261,0
5.6171422065312235,2.1528650650469388,0
5.16320261895669,1.1725793415926264,0
-7.2853636927835215,-6.380694985336877,0
-4.6615811676619305,9.890741773701258,0
-2.75043368090908,9.366341524712618,0
-8.800640329974525,-6.22419045361711,0
-0.4484496981707631,10.769626970641525,0
-3.6078180482305626,10.434790415469385,0
-6.641061065009194,-4.71315032602898,0
-3.7615910674658695,9.37791801082329,0
4.697742883654858,1.7075770506783206,0
3.836155175333416,1.5034398874511343,0
-7.367639994323356,-6.697521789061611,0
-2.279126863861348,9.512029217289715,0
-3.1015535787048036,9.137833824153903,0
-1.1583452923537447,8.360606987560903,0
-7.3193092000697195,-5.745072736174207,0
-3.5108176329476657,8.733185835312367,0
-3.6922538077871394,8.761522873102136,0
-7.502807506459334,-5.3105255269948675,0
-5.959231029896785,-5.812252915981547,0
-7.9076658502441335,-6.8113595365123745,0
-6.300045943166466,-7.751008413743881,0
-1.0614012045948842,9.952926150877266,0
-2.191744361802575,8.68142572381581,0
-6.051851976779353,-6.077776815391481,0
-1.5274321360611558,8.6894547446897,0
-4.116757487421724,8.251561349632107,0
5.756560111295624,2.205264321869269,0
-6.150885604685511,-7.728176520161364,0
-2.5419508932687487,8.470861357064557,0
4.159304423025627,0.09827761989319894,0
-2.8843940033766873,8.696571031442087,0
-1.7735756258070035,10.796085036969382,0
5.252148646333494,0.41373390481450656,0
-2.4413591091358127,6.994358796042185,0
6.17594001793763,2.5707073898354604,0
-1.7113538431569837,7.154949356538264,0
-5.718415788739656,-5.2720324578224,0
-3.857383045158463,9.757550222221036,0
5.053633039175489,2.2156198645765515,0
-5.516829962746508,9.58546553441753,0
-2.607785755337012,9.033135751143169,0
4.23975917492697,1.3900039666847757,0
3.96138410574088,1.667670220887079,0
4.783284797299406,2.548526408460858,0
-6.343337128585802,-5.854974988718365,0
5.0927531630229925,1.7069567335342404,0
-4.613947128771764,11.056464038733052,0
-1.2883763242397024,8.137512346986476,0
3.7336635041808903,2.1151495978147374,0
-4.918522899859803,-8.540177742681642,0
-6.879758877378208,-5.0883273196625876,0
-6.678701484586024,-6.3685045029069265,0
-1.821264651001322,8.401302856927632,0
-7.178611188523111,-5.465269456816687,0
-8.354405732389665,-7.044624125072117,0
-6.4280796999117635,-6.613587943297746,0
-8.007978528662047,-5.616570582479438,0
-5.964097399426527,-5.616059422768782,0
2.260882795474877,2.6432193557562558,0
5.305213370736976,4.18277525998311,0
-2.2194227661563373,11.089686926843761,0
5.9099668614829985,3.26817683387915,0
-7.497423464632298,-7.377243617145883,0
-6.054402771969644,-6.398207961235608,0
-2.3248885589746466,8.59425840090416,0
-6.430684472958273,-5.131974020751662,0
-7.844284780046326,-7.045192255646932,0
3.9495269701018123,1.88730578314297,0
3.6491419174868174,1.9089658889880183,0
4.397212374800979,4.553461582631507,0
-7.572570421298338,-6.303548472766952,0
4.5280317321417884,1.5204795354311986,0
-6.279983550426235,-5.6084128017533885,0
-5.346004345418347,-5.350062151714318,0
-0.5444724901363609,9.04954968017005,0
6.1338069798702985,1.6425110215644003,0
-1.776705520272948,9.303009791023344,0
-0.8597167287288292,10.084896688177508,0
4.990970127904836,3.3494016545763046,0
5.999264059458845,0.6069580930385059,0
5.533067183435353,2.61506380679937,0
-6.454707588757587,-5.203458790514587,0
-3.671263443309033,10.59640287950189,0
4.7924047191257175,0.42163226297260525,0
2.7075067487322926,1.6433714268948922,0
-2.416820831412826,7.4496640008625175,0
-2.9768988243646417,9.360790009929037,0
-3.1590245085501865,9.098454358384018,0
-3.1174241304975094,9.377401755942845,0
-1.6660922907295102,10.177124705733307,0
5.090691172559901,2.18285574751522,0
-0.7596137188473295,10.395740206888808,0
-7.862730338295419,-7.890700196434541,0
-3.9019330952197464,8.979735504244358,0
-6.714242422127407,-7.5868527749183,0
-7.056527281642113,-7.451848175501136,0
-6.592406845975991,-8.859429388128643,0
5.635405527902216,1.8917136961628527,0
-3.040411917660349,9.49816277938636,0
4.028690333977815,1.1407802389712893,0
6.5275039568541064,1.007955607190184,0
4.228618405744618,2.118786680767623,0
4.0616667380083475,2.2683106632781485,0
-6.740212031804864,-8.079555851231307,0
-1.4192926639619199,8.443102154114134,0
-5.954336641465772,-5.525216661754108,0
5.369698198495732,3.3650905716206507,0
4.834955761650703,2.5106483885471604,0
5.290546465020188,2.3990806510421434,0
-7.576956849648729,-7.180944880230979,0
3.47716839690034,1.8115258894621211,0
-1.7997458059137106,8.578799757628477,0
-3.4749802559167096,8.475712454901696,0
-3.8587738346042824,8.59907236029305,0
-7.922402247907689,-6.676861861970546,0
-6.646339609593891,-7.041237079961948,0
-7.829227435216274,-5.381097525042398,0
-3.0957288926166857,9.238502532489115,0
-6.352555992473155,-7.517689451153482,0
-6.782209848086958,-7.139796456717015,0
5.597872777708121,2.6367153024391667,0
-1.6860270390908356,9.087604095386725,0
-2.6404545901450547,9.09113801115709,0
-1.8542220388310604,9.825084773790032,0
-2.0993789661242377,8.77302847357978,0
-2.284745804492778,10.061384430810476,0
-2.5962823491959,10.894160677619329,0
-0.29041738960461627,8.85524091779827,0
4.491655947384981,2.478431027114934,0
-6.287106181390398,-6.250001597692214,0
4.945029672103074,3.1212605503381647,0
-2.360530165850639,8.677200157080282,0
5.408910491670377,1.445780622301112,0
3.3540148189483867,1.4676799284962208,0
3.5578610511861655,1.6345006300569744,0
-6.570211006009219,-7.4444125390865725,0
5.131882890331061,0.8421010540057607,0
-2.4508273322348546,8.410427196961367,0
5.230969367553323,1.8167604051479294,0
-7.063615851254235,-6.374570716372738,0
-0.8357455327542131,10.354747179988669,0
-6.415125025937058,-6.9634417939002935,0
-7.263570813214729,-7.015239600351649,0
-2.0742565846848517,8.620299446955201,0
6.623582971706853,2.7303465050427547,0
-7.496482524254848,-6.033387254505103,0
3.253952170257855,1.966835543475476,0
3.645957907052708,3.1260829401455417,0
-2.6994384674659657,7.516839459592573,0
3.881213634685329,2.595548802413851,0
-2.035565546241296,8.087904998216784,0
4.565533506469577,1.788618241754787,0
-1.7011614336506788,8.166220530167813,0
-3.743546494932672,8.421821869045427,0
-1.8968654090502381,8.035697738209667,0
-1.9955975164830337,8.48158528853641,0
-3.1227852284155446,9.210527068865042,0
-7.370851605768383,-6.205604560121125,0
5.193506245586334,2.3934795014259365,0
3.9693356748114184,1.8217721919993228,0
-7.087849900764023,-7.416455620232469,0
4.873473917489678,4.089972738904585,0
4.906854619355662,3.6517436482894894,0
3.943417746441413,3.837369209828082,0
-7.8175805999961625,-5.281461999684836,0
-3.899419548206213,9.172047567492092,0
4.7541875892873495,1.9749731902971461,0
-7.743225583883088,-7.37320905425224,0
-2.2839335058052006,9.707008883315181,0
-6.571498854614766,-6.957289869389643,0
-4.9808421231800395,8.217390872727846,0
4.252497091213386,2.726383130356889,0
-7.339814240049149,-6.419687325291558,0
-7.271620815938985,-7.705121491682133,0
4.057817502135089,2.372213824587258,0
-6.957535237482588,-5.936407958876106,0
5.553956000452135,0.9861235050044167,0
-1.7020750264154398,8.040739928493853,0
4.526524042120801,2.104721324118228,0
-3.0628469283999324,7.816408235609473,0
-3.2408293619612785,10.904726813354104,0
5.517426389679522,2.324832038914791,0
-3.158570661374176,10.335590160471334,0
5.131324347122503,1.7440886530190223,0
-5.936467990151104,-6.88898052556552,0
2.1164214737156315,1.6722343909705988,0
-3.120055262857816,9.518769384581338,0
-5.623405846709911,-6.738231550647451,0
-2.8675377750739726,8.366744322563163,0
-3.0541167098616997,9.413422242550393,0
-3.184905702214362,9.048438545686347,0
-7.647356333919882,-5.43447454661786,0
-1.7619040179294885,9.624656393631787,0
-2.373634206638041,9.742804771712859,0
-3.0681194703243384,9.391498003262843,0
-7.158211914907985,-6.527070344860945,0
-4.474753514529255,8.427170857578174,0
-2.508669664196153,9.615492877127437,0
0.5891018110185073,8.756110990166887,0
-1.9463167628783955,8.134471774696268,0
-2.528213830955439,8.011756763560513,0
-7.283905435363349,-7.696847525140846,0
4.821977082043963,0.9372077553340925,0
-6.387017704338217,-6.427347005427881,0
-8.362540232329183,-6.88569672724413,0
-7.502357772155018,-7.9314386112992254,0
2.69831103560788,-0.4117358250098504,0
3.5182325996949064,0.5219504676807964,0
4.089954003763756,1.4631057338446496,0
-6.368948307985232,-8.48939667996338,0
-1.4989230362167345,8.96992467268676,0
-3.0230982497015932,7.815334730204445,0
4.4365605508105945,3.0953730172341007,0
5.587390744803669,2.647864661749352,0
-6.719015888996102,-6.898276474681401,0
-4.639015070976988,-7.692694107531214,0
3.820537243493528,3.1316416804140594,0
4.271259470442402,2.7802161005474195,0
5.812846535392367,1.4494103929140487,0
-7.6114864010093335,-8.122529267108359,0
-5.503104531412602,-6.679042603244555,0
-7.078083630695306,-8.709204007197163,0
-3.6044681418955546,5.8375823150023205,0
-7.547776382668006,-5.911364972108695,0
-1.9532561714069079,7.109341674187682,0
-2.2519986526968228,8.77362095366811,0
-7.632816103939737,-7.175590407176729,0
-1.9318340979460886,8.885626681846265,0
4.498170114526277,2.8509957151798577,0
-7.265028167648229,-6.713066489106803,0
3.29454334881286,1.6920056414761748,0
-1.637900325595506,7.668306447951573,0
-2.984993067057651,8.188174136483779,0
-6.112564501661568,-6.342125921125006,0
-4.7517091163940135,-7.624982378552221,0
-6.287715284906682,-6.899262683677288,0
-1.1581818705657498,7.501757162899446,0
-2.598933317339977,10.454403343647794,0
-0.7115110962032276,9.655128989465332,0
-5.782902983521986,-6.192001568871678,0
4.300348679562115,2.934101862548993,0
-1.5029048138383097,8.437394258675173,0
-2.2282057553177177,8.391586608377727,0
-8.08781964950931,-8.369912658641121,0
-3.9331547755028953,8.747633798963907,0
-6.172521031044707,-7.597608195360368,0
-3.2257711114768552,9.823880564170206,0
-2.3957415829961977,9.200123757101075,0
-5.688898542171424,-5.118607699783944,0
3.0497370055478035,1.3085185864386695,0
-1.8633072027768578,7.915241376643449,0
-7.706118566861504,-7.747083049708499,0
-2.7404985659824495,8.437866551863477,0
-7.2822954023880015,-7.38713785606697,0
-0.2367629026058684,9.903323250478213,0
-3.2182185806832404,10.96754526572489,0
-6.35368301052647,-5.951720914139775,0
-2.0034621905799512,8.927584992050113,0
-2.2597466771226777,9.413514321137649,0
-2.954700144453522,10.467670605316023,0
-3.6398129579902765,9.63699735209859,0
-5.623690151135573,-6.305547875739231,0
-7.582354256578563,-6.862467784540927,0
3.2157112360405025,3.884775751004054,0
-3.061055768945197,11.572485413866573,0
-2.637743916304707,8.362611006041906,0
-2.637735134491681,7.132437082700682,0
3.7893134467246674,3.4277081448284896,0
-7.845009211855764,-5.74994490100983,0
3.440674511132458,2.420865950335744,0
4.110880422024975,0.8974330354991207,0
-8.606430393858027,-6.058493841038784,0
-5.585809500336544,-7.65559224196036,0
-8.106187771053236,-7.065915203375725,0
-3.197347968230474,11.26672193354263,0
-1.6487241346930048,8.431208689629383,0
4.50488860825104,1.2555305463301913,0
-3.387460875876217,9.114173082607534,0
3.80550522393298,1.7385906543215444,0
-1.1459686479204998,8.71066005530032,0
5.500061474623258,2.783429728316066,0
2.952599756586933,2.804380787140488,0
5.451584407841366,2.305088131648619,0
-6.862443340765742,-6.156034542531643,0
-3.1481593707422526,7.691196334790823,0
-7.043553167906786,-6.477847248611569,0
-2.7061194310496397,8.549705050082704,0
-3.1131782490219795,8.784737472837975,0
4.153247648038832,1.9629640835497992,0
-7.589652277966372,-6.228029355921039,0
-7.015422831408285,-6.928605454824773,0
3.910919586194939,1.7841553862582578,0
3.246061188353896,2.1572890822689015,0
-8.666765778735721,-7.888640401528593,0
-1.5760695507116809,8.791565427421714,0
-3.5008942864930606,8.38140585331353,0
-3.28265346708618,10.91302110955356,0
-7.167334246700746,-7.2638625741889555,0
-5.53829712160159,-6.78768844593671,0
-2.298180155850132,8.917573016327928,0
5.020399141544404,2.663870573289369,0
5.2861989993639265,3.447667051511247,0
3.9787417240371292,1.7725985032849634,0
-7.089954964016761,-7.847364331257013,0
-6.950100765028726,-7.391547122058486,0
-3.1318469847872024,9.208893583435565,0
-3.753740123137473,9.247154215625219,0
-1.9979950235277695,10.387944673361279,0
-3.4383339635625085,7.880265942263364,0
4.123264637467994,0.9499164605651476,0
-5.065374363450996,-8.050493191380287,0
-3.109836312971555,8.722592378405045,0
3.7272000755322345,1.6945133500614227,0
-1.387336118258498,8.827607165884876,0
-0.9788630586983391,8.236191342365608,0
3.8152668264630796,0.9143695356929122,0
-6.435734352108383,-5.65894384327186,0
6.691952147650037,0.2672105890499967,0
5.605205503389228,2.6775058937948106,0
-7.246770762198501,-5.757140221690211,0
4.568973473700733,1.638002710714347,0
-2.9668308723903656,9.199974708617061,0
5.357142380011316,1.1137704731235312,0
-7.089984794928182,-7.201189022735194,0
-8.463954768999667,-5.45582617900209,0
-1.6404251224619792,7.8279497010884675,0
-1.8229374326782368,7.40157025700867,0
-5.462965882853314,-6.029172665500167,0
6.6034316697719175,2.3083302504758496,0
-7.547568861610775,-7.441770150201373,0
5.209755212207624,1.2971153173919272,0
-7.349672376306138,-6.559603180677309,0
-1.8271455573401303,10.50153228353425,0
-6.976816734974706,-6.860850625924821,0
-2.1900231126335696,10.354736574221466,0
-1.7650056515528134,8.833061954980218,0
-2.9197161057824803,10.833184660398647,0
-3.4838792932800717,9.801370731940773,0
1.5013641699940616,1.8361801062467897,0
4.163002375584266,3.6502855541276027,0
-3.3314180186191815,9.257973339690233,0
-7.324106721028975,-7.726072625905198,0
-6.913940521901079,-5.810417911536339,0
5.797123383959127,1.8016740835524927,0
-6.623049795301962,-6.171079817957643,0
5.355053226356159,1.9220509909253543,0
5.4302699127635705,2.4936821805690115,0
5.453159242292695,1.1293158065158329,0
-2.0089571536161803,8.480685821759154,0
-1.843273370998289,9.435872738812778,0
3.627193272859609,0.21321080179148177,0
-7.807341483435638,-6.687310800769678,0
-7.662493701448762,-7.840556547259828,0
4.532500217818056,3.5788476420231863,0
5.717172509243794,1.9553075290529984,0
6.675410292947696,3.9652640914381854,0
-7.4401845362456385,-5.1859338350848905,0
4.489410694733119,1.3100050938145493,0
4.5447307131507815,1.5846897771692512,0
-2.6944852819304583,8.884465428464896,0
5.010746628699126,0.9818352917064818,0
-6.4163576220037495,-6.596431143577094,0
-1.8664748631852062,10.343438658330752,0
-0.7742610472159417,8.157514034371529,0
3.8670451053391375,1.8591731311011057,0
-5.840900131709088,-6.678579987493444,0
-2.7506281877777434,10.481068685097298,0
1.8379672667402098,2.4074333338628033,0
-2.9653184505269383,9.195712748312292,0
5.896076275641784,3.160883068079187,0
4.503456685950486,1.1948611309342287,0
-2.354703957457499,8.677733538320147,0
5.340088683746867,1.0230171538888597,0
3.414344114013199,2.1079711072309353,0
-2.894219434765614,9.39727511293925,0
5.585190607463966,1.4206003378218797,0
-1.723397464401918,9.439743689983287,0
3.6619400006754628,1.3607467930398638,0
-2.2663156099024753,6.932187425009334,0
4.299895113876582,3.9261142379402387,0
-6.758856725599909,-7.519174926107963,0
-2.4021401700604534,8.669139247060293,0
-3.7875502518550745,8.11885816727328,0
-6.35539701119924,-4.7096574143313905,0
4.093712732010082,0.5587066725744112,0
-3.0133774540604215,8.932763455096676,0
-2.7441218945737247,8.120771035679041,0
-7.551007634796223,-5.210015692692857,0
-2.1750212058078526,8.859027079373572,0
-7.34573539069545,-7.485765226786579,0
-8.057973315958115,-7.976121641147,0
-2.7495230212108854,8.639465320648725,0
-5.678826371722819,-8.165054255230775,0
-4.91286622415328,10.406742069681389,0
5.975352734078756,1.1977906542681256,0
-6.1752885900036745,-6.001895595120952,0
2.9209484232742544,3.020124218368941,0
-6.836501760198221,-6.578177908157243,0
3.5035036695242443,2.204817755551655,0
-5.585637977859602,-7.171273363702288,0
3.8686094195506207,1.4702600339027128,0
-5.422525364923865,-8.004010718198831,0
3.380813924779908,0.9678545579434965,0
5.4240252525815995,1.0751424576162736,0
5.5853761408874965,1.8937733025552383,0
-7.907621264368709,-6.400990465493175,0
-5.434776903891462,-6.3005317461620995,0
-6.405023268116509,-6.8283917084627594,0
3.4480041320368517,3.916698565062929,0
4.751860768849359,1.516470539247219,0
4.692336223117545,2.7529983246957817,0
-7.46469036254787,-5.706267572909244,0
-1.127038632015223,9.662996015787964,0
-6.335973062870663,-5.278210801685965,0
4.093916909113173,0.6235200137205914,0
-5.597518799724758,-7.427397476481319,0
-8.650683993488453,-7.583765970591029,0
-6.322679308810767,-7.693132445444769,0
5.817966204790276,0.8490036991787979,0
5.1237199612545625,1.9308377882805192,0
-1.8031187092376186,8.771604851386288,0
-6.740275983252341,-7.513439514806183,0
-2.413853423611442,8.750837912116072,0
3.6102678651387006,2.2001016277409797,0
4.36950743709231,0.5833895407480629,0
5.7663125529741315,3.575162338554145,0
-7.652300581811727,-6.093811362375669,0
-2.552021004364325,9.072308863006716,0
-2.699236658054245,8.656840705387895,0
-1.9793934451374673,10.455854748856222,0
4.12919489803245,2.844894108124868,0
3.1254647738299806,2.521870160335632,0
-3.4581141438775873,10.76164932611388,0
-6.161136893834141,-6.589196191683615,0
3.5621580904365,2.3163282381381487,0
-3.12260028659369,8.711816441710193,0
4.251371769109249,2.7987267588102975,0
-2.8100573701935763,7.8048091927795165,0
4.6835892332200855,3.1959776060741403,0
4.179486503571447,1.9452002694537498,0
-5.288685832597165,-7.540440856076063,0
-2.4279192009965516,8.97639304648149,0
-3.4761737661819634,8.966574772056342,0
-2.747308059364804,9.060288875451596,0
-3.6140604161152705,9.234827555212188,0
-4.4279688383517914,8.987772252749105,0
-4.868724155737836,-7.260163243876254,0
-2.171594960977548,8.602409162075855,0
3.1811204436974077,2.2083049833069204,0
3.685009754644025,0.43241187562536965,0
-3.0832982983363486,9.550700028089665,0
-1.6395917029470901,10.369923987003272,0
-7.41679145353959,-8.36391544830927,0
-2.638714869916191,9.594143413493454,0
6.0952801739542934,1.3851511649037649,0
4.123762194356667,4.097725913769746,0
-2.4839867555126682,7.471167900255451,0
-2.7065360433600762,8.86301284454481,0
-5.573346715423067,-8.107025269571187,0
-6.263601482403598,-6.590439781137806,0
3.884379953094152,1.871183029347054,0
-1.8638216734676027,10.38291768573067,0
3.518744823470179,3.353308622809247,0
-2.3411822825202218,9.959497662809806,0
-5.938370794482351,-7.469253138760337,0
-5.545144840407766,-7.997307259016392,0
-4.028543698529592,6.182130530087752,0
-4.091625597076391,9.831123139629304,0
4.14000640581725,2.5162019632303845,0
4.363543541183884,2.4069193699016944,0
-6.857559490214406,-8.924440069477022,0
-4.287917871957029,10.510330439687504,0
-3.085968953621083,9.769677354024077,0
-7.326081669406318,-6.961846269307441,0
4.742996761945307,1.5217242936157984,0
-8.675903757928806,-7.2207136710197135,0
4.8751960047127385,2.0296773583699994,0
4.306392555258406,2.8584260048066925,0
-0.17136987766445033,8.153529326496502,0
-0.08248113670722779,9.447245953559017,0
-2.0795794039201643,9.221973815361432,0
4.885698058044491,0.555529926713326,0
-2.816975858005751,9.233436455862261,0
-1.935453202048337,7.737981711659986,0
-7.027910329078673,-5.862313624239986,0
4.753849504355873,1.1797099540572606,0
-3.9360241998340926,9.08362328991367,0
-2.365771056195257,9.885810514286256,0
-1.6138421922901505,8.38270839903299,0
4.107947327936009,4.60555588861823,0
3.8795151950119706,1.579558101907722,0
-3.630441363147142,9.943696112989137,0
7.185933372170894,3.6854743713783313,0
-3.0007595620716803,7.601560369297765,0
6.854208778784698,0.6254604536313286,0
5.248146002572291,3.319104691779047,0
-8.097126517367137,-8.171917046943063,0
-6.944024731775978,-10.209613390784076,0
-0.02400770637385863,9.279061439176301,0
4.820217526891989,0.6299602933568313,0
-2.6244218556049477,8.629343239788241,0
-1.679792041869261,6.803150819190437,0
5.837367376266275,1.5166740744366363,0
6.252747206935229,2.9197879922711687,0
-5.432804351039736,-6.6361234052783,0
-3.116843968426223,8.876975162409442,0
4.865148558243148,2.579931834147139,0
-6.030105204157146,-7.7468422639362595,0
3.1143071281670176,0.8190062991611906,0
-8.49264400472824,-6.810631477054868,0
6.245234798589908,3.197106028178622,0
-3.6881211143510755,8.794616675847362,0
-5.917019917074618,-7.233927119488127,0
-3.32221199531288,9.837566043876027,0
3.569212430037923,1.1888487136404762,0
3.5335346791509927,2.0748254455067614,0
4.657926088696326,3.183844236482929,0
-2.222423510670164,8.867080849512725,0
-7.210791457007091,-7.092343894891493,0
-4.430814885411043,-7.2208303648080285,0
-2.8688272955052128,9.315393467390063,0
-3.0057293585347193,7.860793702213538,0
-6.568237253454843,-6.4105131099815456,0
-8.485260594214058,-6.95615850097299,0
-3.186119623358709,9.62596241703919,0
5.528866585411745,3.7036876357686905,0
3.519680034786922,1.239778313026614,0
-2.9922586747361897,9.16107914018387,0
-7.956794017309798,-6.216726544428561,0
-3.3188011429743964,9.43834717266241,0
3.4103836785200135,1.5612464495547789,0
-8.230701649602768,-7.718557844173522,0
-2.8295826824895447,7.234887197691101,0
-5.104590170023805,-6.848325688405307,0
-7.894543761950354,-7.479412381899672,0
-6.251924796599349,-7.171131066361241,0
-3.9167093177705716,8.236469440607447,0
3.526814735040924,2.406233630682051,0
-7.531579345174656,-6.980137452217282,0
-2.1595475757530567,7.449483356836266,0
3.962867659437758,1.598779650733818,0
-6.725779530934629,-7.402181497774307,0
-0.588830120908489,7.791391108642758,0
3.604274780182707,2.8542285759981656,0
4.599674101691722,1.4711777237595274,0
4.921109328446706,3.4627690933883812,0
-6.024682540095121,-6.345641058207436,0
-1.2434897821880495,8.148111279983821,0
-6.46195209049931,-5.399117189158454,0
-2.579363334511397,7.353325194682331,0
-5.588574958448836,-4.978343884574402,0
-4.99752497646574,8.356037715864474,0
6.058943249585623,0.023579511214699256,0
-4.177796881930945,10.0730146580822,0
-1.626864560729341,8.562195795365241,0
-7.000128249374595,-8.267396106706812,0
2.571503120797069,2.0625649628723455,0
-6.668754832640755,-5.834306677576431,0
0.017734802820871476,8.483417355278,0
-6.924254814217712,-7.045688565843541,0
-7.257616937136488,-8.895331498708323,0
-6.752856590009157,-6.126778421497735,0
-8.188405495637227,-5.895159490270095,0
-5.545691551263322,-7.593822057141549,0
-7.802604089525364,-6.786203111615497,0
3.9890851811596413,1.215005864440804,0
-2.268991779106527,10.267418952966565,0
5.753741234210322,-0.8267946186528539,0
-2.525807965378659,8.908467370700624,0
-8.876674627769244,-6.782283101423679,0
-8.092149138234948,-6.468749315706239,0
-1.9061029381039165,8.163750849451278,0
-0.6271731265777165,10.359706174353299,0
-6.462168159788104,-6.798965761426326,0
-7.534611679759989,-8.348131242043298,0
-6.583043354000467,-6.453541681492269,0
4.0225931293492145,3.175418687301903,0
-7.414791458318907,-5.189656923690107,0
-0.865656113932221,9.405414005131048,0
-6.877508770133797,-7.0948041406627835,0
-1.089594618539113,8.413862562459617,0
5.483830236747033,1.6894834630135591,0
-7.023050407610199,-6.912765497016257,0
-6.305970227874555,-6.822355446608719,0
-7.604301402833575,-7.022936231871097,0
-5.013899835182813,-7.202658303502568,0
3.435965187261721,2.1984263659243317,0
-1.3498165797522281,9.987387689213394,0
-7.661103256952524,-6.736896510069816,0
6.028543356330584,2.115547596451198,0
3.6615708864056034,3.7716497710788497,0
4.713742270638981,3.1667562194169943,0
-2.1830646008106322,7.763172551813018,0
-6.146411353529676,-6.243567555200279,0
5.249117667117854,1.641304822118753,0
-8.039964047251422,-5.4483601090348674,0
4.010658163380739,1.2664629155677263,0
-3.6603513596056194,6.175207468712895,0
3.445692184816257,0.9605252424976425,0
-7.691784321685337,-6.669183431312017,0
-7.3889722874819785,-6.685335587647879,0
-2.376227948905874,8.314165313259148,0
6.642306303872898,1.6655982668249327,0
-5.921294476466129,-8.162666286281235,0
5.9454615520386245,1.2598587836605204,0
3.1477768190827375,3.268376756610376,0
-8.278970238937145,-6.6986317113968905,0
-8.327023283210211,-7.422193148323825,0
3.8424407191580023,3.0476994741706633,0
5.2889722206156025,2.8936792590064107,0
4.339052880195803,0.3458579559934165,0
-2.5696013522496584,10.14206637883222,0
-4.417005180930142,8.153901117418819,0
-1.6363732720471156,8.048129404827904,0
5.586686402739971,2.028172619974107,0
-3.4485330168715045,8.870198572476706,0
-9.40763178017176,-7.714303687149729,0
4.252390172958411,1.7259980716963326,0
-6.316907331069191,-7.858183855939499,0
5.025848928796977,0.796524740040679,0
-0.9160109964133532,8.503070451767137,0
-3.059312905989289,8.867260704767471,0
-2.5441861135497117,10.785086763833831,0
-6.810623690414209,-7.697691180053638,0
-2.814386468533502,10.06119792268646,0
-1.8122432185420145,8.680466638442311,0
-7.229325936510021,-6.8544372780683345,0
3.9167103973987083,2.339775930954537,0
-3.179312823506983,10.186004042914481,0
5.783444881156714,2.0796636642308237,0
-2.9685585225929945,8.16444175873353,0
-3.1447387218683067,9.222608636823914,0
3.9052077425512417,2.9291055062714944,0
5.198110943106404,1.8005433309322538,0
-4.978795376085525,-6.539244994027725,0
5.582817456125335,2.1544236322857824,0
5.88958925641242,0.9166726133154719,0
-1.5115655461325057,8.727491892460053,0
-1.8278352964774447,7.860593846858463,0
-2.694295272473969,10.226415332431808,0
-7.784218404864344,-5.947280889183749,0
4.327042363176579,3.004089022307639,0
-8.22461385975968,-5.797268159359556,0
-6.871089575972102,-5.270567936237578,0
-7.155759277632435,-7.968737313949571,0
-4.479301440764585,9.90688346649763,0
-7.1045474220867915,-7.507570759751649,0
-5.83510076133313,-6.734113678963307,0
-3.2733844096905966,9.890460059891398,0
-4.147226680488767,7.227910662843635,0
-2.738588367120778,8.970809178384458,0
-6.598462048256653,-6.97085635061507,0
-5.536850226728267,-7.1506148973721215,0
-2.6161690929112305,10.95653172295462,0
-6.861874644977984,-7.5286312227806,0
-7.514148514585211,-6.234926096795045,0
-1.180556794804519,9.327470602063302,0
-6.985759198763586,-7.356308753674933,0
-1.5108867249047897,8.582665815480274,0
3.983168436451635,0.6176278227766057,0
-5.740716579671222,-9.106045011234023,0
-1.271543865540752,9.394053764239217,0
-8.015963414307262,-6.293067169208113,0
4.638050077384001,2.113151780262086,0
-8.186448532312419,-5.121837435400669,0
-5.6244009445166885,-4.9114554928913625,0
-6.629891123287458,-7.311053393761174,0
-1.2454909453980816,8.167970150732586,0
-2.8975445613539086,8.708667017130008,0
6.558485170104309,1.6199055485025737,0
-1.4766514187110928,10.140991265025905,0
4.086637834388302,1.3994665396480803,0
6.409791903883694,2.8831322248012907,0
-7.8413896119244715,-6.4455694960216565,0
-2.1624876454478303,11.525842679782745,0
3.8498617394128933,2.665984894241655,0
-1.2563549886252665,8.566061511898171,0
-5.796078667823401,-7.601806047291389,0
-7.332980641251858,-4.568065536916416,0
5.060147365284663,3.278132372731151,0
-2.869236891809733,8.286209030343,0
-4.9214955758494945,-6.390298338481934,0
5.841810505767644,1.981958126572804,0
-1.8767434064104493,8.540107953094356,0
4.9390786023169975,1.3495728036080927,0
4.85270323489807,1.9628173940329954,0
1.418862480242388,2.3687685187036744,0
-2.588839014298465,9.466657924448056,0
-7.916953389452613,-7.664676585878469,0
-3.071365649631052,8.805064254453793,0
-3.739204281049033,-7.0296949085933225,0
-3.3656958604619494,9.111956504946656,0
-1.7945878324161322,6.9643448496208435,0
3.700313668974143,0.16487435544121753,0
-1.3905652888985385,9.027329502575274,0
-0.8642299095514665,8.765250088641944,0
-0.8479384085048802,8.55718987161205,0
-2.2149734940392563,8.779878327881999,0
-4.115643943310323,9.217749764065545,0
2.773632901378512,1.2128852453191383,0
-2.012797505318809,11.089351167546862,0
-2.015167436770011,9.274959894022228,0
-6.461535763644669,-7.555047450189445,0
-7.649854174261412,-6.3365852607259185,0
5.321513059896491,1.9872780401938568,0
4.4059810357745075,1.777076473263794,0
-2.9206242301687526,10.16818686245407,0
-2.0085319016715406,9.06405981537928,0
-4.768013972733297,-6.3573428509092285,0
-8.47163564826992,-6.428104224693499,0
3.616219090097387,1.6874831358484683,0
-1.3150882200053777,8.03312059705864,0
-7.721540231985325,-7.688163022365984,0
-7.492990791774506,-7.687489649560058,0
-7.575272641271466,-7.821045545918832,0
-5.877756777610182,-6.879949085868862,0
-3.3556319245117288,9.939958337701043,0
-4.437838605821499,-7.348234127072137,0
5.146466507925377,3.085123044801141,0
-2.424730836662803,7.945031634443241,0
-5.648322927582584,-6.776063112236861,0
-3.320198486681595,7.900239678036328,0
-1.6178939361829947,9.018515987192472,0
-6.685818182820152,-6.886510345879085,0
4.763785652749172,2.5881309159875068,0
-4.090388325084883,9.909324442274437,0
-5.859698585723516,-6.345405643639749,0
-8.008590456284436,-4.48709729850916,0
-8.02388200741589,-7.558813725387558,0
-2.8517468239105153,9.184749899194893,0
-2.281737688448621,10.321428882480749,0
-5.008603337926323,11.305228700789064,0
-7.314820523349063,-7.754885817530314,0
3.4768759784446575,3.379977212673697,0
-4.215012699149836,-5.005685146342703,0
-6.418398929652472,-7.395544457957332,0
-6.7872457321523,-7.279806084111938,0
-7.182713268263284,-6.419781774894464,0
5.672853071142132,0.6631931295657325,0
6.215599286601867,1.9919601952486727,0
-7.728650623233305,-5.414730165777428,0
-3.354870727546863,9.00018716229165,0
-2.87016378887183,10.17361593156257,0
3.8020557750603197,1.1284666852377492,0
-2.2951038789225464,7.768547349486333,0
5.126720905195592,3.650409276915189,0
4.589798237371634,3.4448785823026222,0
-7.64178565417749,-9.189313614684796,0
-6.164810502671197,-8.738234607009538,0
5.028526082261412,1.704548060002668,0
4.61996043992837,1.725289564862069,0
3.5427349664576377,1.3504979173883491,0
-2.7545857390556208,8.260549963840832,0
-6.637164219428559,-6.556354526044453,0
4.2185220284576594,2.5945164239098344,0
-5.599275170314135,-5.338652398443693,0
-7.574125601399321,-6.445216630598608,0
5.096128324756634,-1.07148685530243,0
-6.12267445502345,-7.0136353287284345,0
-6.056332196795939,-5.619157907795019,0
-2.335855958682342,9.258239326106821,0
4.570026968044458,1.1756841865969434,0
-7.586480592665613,-7.050088779486877,0
-3.7059862694790615,9.907983817587432,0
4.610075054376661,2.497754366988347,0
5.868450918290099,4.175412957313645,0
-1.405264076350843,8.75800530394675,0
-2.666222451497458,7.804125184784164,0
-9.66258762349449,-6.967257985611372,0
-6.92880132117836,-6.537578603546353,0
4.230538261009477,0.9170581147536454,0
-7.239603364732171,-6.4679952925453446,0
-1.2912384707471918,8.501089763684925,0
-4.728463149725501,-5.073827296893348,0
5.4768699908617755,2.3416672707797708,0
-7.8876404143219485,-7.649271911918097,0
-2.5901149607154386,5.843860392320266,0
-7.141194414377805,-7.224876173149603,0
-1.9898511088115778,10.5470250412009,0
3.5541311254465517,2.0029658490621562,0
5.2751243728320585,0.946927308637832,0
7.419842460451657,0.9351783289515021,0
-4.843584358311158,-7.297009229395336,0
-5.95564451203112,-7.430597853543576,0
3.8074022145047124,2.0685199582735105,0
-5.765392844408666,-6.20307912347514,0
-6.5472808196792665,-6.220707803427452,0
-1.9910959210227746,8.48508511838681,0
-6.191342082663038,-7.7109922571310765,0
-7.5976602733235445,-7.479831439207327,0
-2.215639690886121,7.657704323574917,0
-2.7747581355712914,10.384387981808693,0
-10.215528740620366,-5.596220810005678,0
-2.565786111952646,10.233256917991985,0
-4.316239017984566,8.73944082752853,0
-5.8900278615607995,-7.4393353912311575,0
-6.925270044485066,-6.859268111138174,0
-5.512880454456873,-6.566966570142414,0
3.4578968401598824,2.969143362787178,0
-8.469818514405569,-6.897477600785045,0
4.935074204386938,2.36805117394331,0
-3.703720562818785,9.300089414993055,0
5.243611852418323,2.6012483808409805,0
6.107729281225411,1.9429066263437462,0
6.2021439468831705,4.918415973875832,0
-7.197769823812697,-6.931807532651178,0
-6.196974683858682,-7.683488300442237,0
-6.529799278471182,-5.979334461485388,0
-8.444481616106732,-6.114466486793251,0
4.964660430338216,2.4531094250890106,0
-1.7557781595503195,8.399747344507226,0
-3.0755922142674734,9.845902914378724,0
2.714311475895224,3.466879442946266,0
-6.536773725369622,-5.061645214894353,0
4.727270265148223,1.9571156446921458,0
-3.84576612336767,10.350943485957306,0
-8.923395892677767,-6.0033496041216825,0
-6.250688081454797,-7.007272389570078,0
4.837554403182347,-0.5484351175213109,0
-2.039930033244224,7.4787140049912155,0
-1.9573116512305961,9.694516336615951,0
-8.087402013575666,-5.245246742115599,0
3.7139889323369513,1.8595029948592967,0
-5.097603078449797,-7.24899269621297,0
3.1576474125507925,3.1248352669882076,0
5.228315016468409,2.410675887413768,0
5.100676079844069,0.45083536565898785,0
-6.521293119954349,-9.008758717794466,0
4.506600120998946,2.1786561115007523,0
4.20514386810391,0.47797209663757645,0
-9.400065661770334,-6.863402208537972,0
-3.045161068166798,9.822343926479467,0
-3.4169538031996707,10.53357005184009,0
-2.6082919232940194,8.41146547241436,0
4.2647698412845365,3.5416886694132863,0
-4.026371319724429,9.764865295720087,0
5.223761858512103,3.2572743791196297,0
-7.671094833664124,-8.062003567647936,0
6.2791353529698535,0.05039791187839571,0
3.954891657084354,2.7743514479289146,0
-7.009641164406401,-6.838428386059038,0
-4.954788829071404,-6.594093785641322,0
5.685339076710354,1.7717497838637586,0
-5.751081413620083,-6.769229090383109,0
-8.29661733083226,-6.2987365339370225,0
-2.3108041058752633,9.005103774813183,0
-2.3959272125149855,7.576008149880955,0
3.540839611696242,3.769834885615749,0
4.189510644971433,2.380017319080515,0
-8.5299816953058,-7.862202000076162,0
5.28175789770587,1.5900747627809382,0
-1.6087990346576866,9.46551144751683,0
-1.9595144367624906,10.81571622746481,0
-6.632337191577018,-6.118678969215053,0
4.551505548701705,4.183859409956496,0
4.218748601427017,2.4211004167136787,0
6.50392736663986,-0.16826119637897285,0
5.262647961455651,2.7965265134179047,0
-6.05268113020847,-5.654005007941878,0
5.853058024619691,2.506061404167772,0
4.539706067441345,2.1880956487174377,0
-2.260872480536868,9.092403863434338,0
3.760235160676861,1.1528412228082647,0
-2.5152685345926433,9.852776902649964,0
-8.484431502049333,-6.710706518363877,0
4.49339816549994,2.9795807239672865,0
-2.543122848980659,7.419530170034989,0
-2.7232653207806115,9.393691525803431,0
-3.2929632886391467,8.323745075882062,0
-4.213069209879469,8.089820140068767,0
4.954850707783433,2.18815250139528,0
0.06279769444221861,6.764853673997558,0
4.413216632504102,2.6223174050111524,0
4.662959495178522,2.598073278594775,0
-3.7162192709099657,7.938973735149084,0
-4.8808569839116425,11.056355781126202,0
-5.536670859520044,-7.11082056576077,0
-5.95198165934797,-7.510554784069127,0
4.687177579356829,2.6678388080593165,0
4.15525027162802,2.1165873146222083,0
-6.648165608652497,-6.570380090188938,0
-1.8289815176023008,10.206793640676297,0
-0.9928035677991773,9.616404448590805,0
0.803223287768732,3.2100021500679983,0
-2.2318391610880743,8.992007149014608,0
-2.3086284258218073,10.162923477627036,0
-2.4325885526010906,8.502522570256017,0
-2.1783463184371725,10.465287566329657,0
-3.317691225945938,8.512529084613785,0
-4.256419290018005,9.10890717286768,0
-6.895315157908208,-7.151219285922741,0
7.575285042616569,0.9452459189299931,0
4.2726749020163535,2.26073358910806,0
-2.5733359696457425,9.343048538501803,0
3.5851743812621812,1.9059393767446007,0
-6.578625957232794,-6.306341832131362,0
2.6296621816620385,0.6492185997211692,0
-4.222332152143627,10.368158502363734,0
-5.840972903831535,-8.87229515962516,0
-7.295077674190019,-8.216441482491392,0
-8.439869168704988,-5.025447459416362,0
-5.690497409697803,-5.1240080035824125,0
3.1112908539644346,3.53035631631749,0
-4.773770846787944,-6.115951293344052,0
-5.9720153801045015,-7.7043320326434,0
5.529936568703561,1.3659082698546476,0
-2.4829928702787147,8.710721802932406,0
-6.125715125959137,-6.372229748207325,0
4.610527134112407,2.3684769365900626,0
-6.182696556188512,-9.298885060345366,0
2.8684562847842576,0.7432865686541914,0
5.00707863500349,1.941698313737048,0
5.1424250826822835,3.1852604032634684,0
-2.8399725190758027,8.504125314548105,0
-3.4947372237736802,8.044542408563647,0
4.414385412893465,2.2686813755310706,0
-3.7657045173320065,9.827491314946299,0
-1.3032031065059342,9.791693480962833,0
-2.7456464597886097,8.89466650382955,0
-2.4295997606767137,9.568343899314229,0
6.321371293646116,1.0893007888000028,0
5.150414214679338,2.174908338736776,0
-7.357033422749086,-8.254508841750075,0
-2.693230022251753,6.52646407063599,0
-7.1647227069796084,-7.352610486360851,0
5.010932574443465,1.238194582683466,0
4.042497775182959,2.0835877308868516,0
-7.759497595861362,-7.680450225311896,0
3.6520129260883296,2.696207623520596,0
-8.621391303534573,-5.740096306875161,0
6.694393725632861,3.515976457710414,0
4.587924065327323,2.254518031430309,0
-2.753354258343399,9.978373296486678,0
-8.352833821026536,-6.528148519067891,0
-6.008581898006053,-9.262100866412606,0
3.59504252232503,3.757092279142501,0
-8.89111851661309,-5.950920031728236,0
-3.2014479523186465,7.045362985782239,0
3.133353578188986,0.9688791204464788,0
-2.12287430524119,8.8098149072122,0
-6.437325035015929,-8.669154747522269,0
5.100294486070926,1.8336276410128285,0
-1.3373874797789054,10.512383761686106,0
-4.918909359112567,-4.207952850647933,0
-0.5550401893024639,8.508539423936385,0
-7.465577959865082,-6.371064448478803,0
-1.799845108597433,9.033744383717204,0
-6.515786756858657,-6.534075182365145,0
-1.2920391022272537,10.535602180120772,0
-2.0064528155619357,6.521015307868244,0
-7.00615324067992,-6.10519503836196,0
6.149118856055602,2.35528685453325,0
6.508945339906362,1.2188715513335893,0
-7.159593323957799,-6.767360655199197,0
-2.571876720325922,9.96942844869956,0
-0.8401280972264191,8.071728122406444,0
-6.194068827934086,-6.325477392635265,0
-7.186997510848501,-5.636167668309822,0
-7.81257566132429,-7.507864580033436,0
-1.9230318226599667,8.601872309981841,0
-1.3663748085377296,9.766219160885095,0
3.8135135509622327,1.5809400725967082,0
-6.230045859505097,-7.222827370154091,0
-7.2380216741792935,-8.774943960858158,0
3.786055748723724,1.3299863419137017,0
-2.9880350790611545,8.1515103641552,0
-6.087489792005801,-6.6278965899130835,0
-2.7400639968975193,10.467546791519355,0
5.921262234351737,0.08346620031918661,0
-7.829802653221065,-6.610505899212702,0
5.103601893785216,0.8056688600600177,0
6.18472029864636,2.577267110296299,0
-2.4752948993704127,7.823878392523831,0
-2.5257660328752705,9.697610639714414,0
3.898035675219626,1.591398487266689,0
4.414527351183901,3.6398329431682552,0
-6.915384835524784,-7.164249147964914,0
4.357753893090367,1.342306173257323,0
5.2108245308319745,1.1587668629475414,0
3.6242156053482755,2.511381289432989,0
-2.332756067775525,8.647258289115,0
4.46750387877444,2.687901411458432,0
-5.873376391718555,-4.539809377418967,0
-7.495014500913784,-8.790363774556997,0
-2.4606759951079233,8.183336011787283,0
3.5115372659623185,3.2456530147894913,0
-6.062142210380951,-6.3908698178635905,0
4.423051786005958,1.6804117651682773,0
5.51853368640848,3.3218628825862444,0
-5.533752187973553,-6.261647200887728,0
-8.237450398216712,-7.24982627803524,0
-5.633297380076326,-8.03511809067585,0
3.835517334465484,2.198957718026253,0
-2.240070681807643,8.671093852700912,0
-4.028108448142818,6.383555991369258,0
-2.0722594533064003,10.204932402984664,0
-7.765362791785025,-7.142926435802062,0
3.8597349548403295,2.7084389939157196,0
-8.146964157117841,-7.549465689526241,0
-2.9524798742442604,8.129483414171421,0
-7.825667209402823,-4.716634739575804,0
-2.580798882466814,8.97706389168848,0
-3.5161249839978943,9.062111447983005,0
4.972598165813289,0.6400216754635231,0
-5.972978805341987,-6.59981830131004,0
-6.400946010500333,-6.724018854819095,0
-2.423988173418849,6.023150157297598,0
5.838247405601561,1.987506106116492,0
-4.534340209710358,9.20074044296775,0
-2.521444395899665,8.11703175671249,0
5.891826290741259,2.888993465538336,0
5.513868587234984,2.0516089300244023,0
-7.202149310258327,-5.761941044901972,0
-9.179082714821169,-5.079064396736612,0
4.425341171710138,-1.6279154205187858,0
4.576984969328243,1.5252920390087736,0
-2.292422059290121,7.9169836005654775,0
-7.02804983831047,-8.009997681178698,0
-6.853285902403835,-6.69163060218646,0
-5.970863713026912,-6.08442257315356,0
4.335420815079872,3.2803051070914457,0
-1.5488928267712798,9.476769752265175,0
4.1336897751427655,1.7936551090682518,0
-3.6635602912857346,7.262457321446602,0
4.858447725101817,3.641977765241437,0
5.635294026677576,2.5487316097710973,0
5.09502521717762,2.7458980618601254,0
-2.0066979269234597,8.123537264646059,0
-6.790266452555031,-5.8955397473187485,0
-3.089213955706435,7.857870311454465,0
-5.780554128597304,-8.246356222673057,0
-6.720233993375048,-6.7888376951083735,0
-2.623999871811814,9.5810578543825,0
5.38981722917294,0.28629273256767895,0
-1.4492612390061284,9.631292077775019,0
-8.687969245175504,-7.019623621609018,0
-5.545988629291442,-5.738655014954675,0
4.253856038357403,1.0574146428071716,0
4.486378140658317,1.1067219139883337,0
3.1028528351001725,4.157400285695633,0
-3.1508644431831323,10.679638045821852,0
-7.613089282320234,-7.770072149833088,0
5.1605683326507705,0.893636831774693,0
-2.2182328929153075,8.507277468928265,0
5.9177354912586155,2.5436570148043054,0
-2.5151523322654796,9.79828890750907,0
-7.60709199760555,-5.662561571325231,0
-7.11983606215379,-5.949097738406842,0
3.5253465212200394,0.23396453176793197,0
-6.440117172332152,-6.685481015358535,0
-8.075096907816782,-6.255502948381668,0
-7.950381567489773,-5.914016737919626,0
-2.784249320204394,6.712364963462736,0
2.736119430583508,1.4902919646495971,0
-2.6672055216317396,8.587405058250901,0
5.8625906290600325,0.30445582159460205,0
5.170680419900831,0.8999794098736826,0
-7.823228907070601,-8.051277261077184,0
4.215280670205959,2.3708071857170108,0
4.411873109418384,0.5661922218367432,0
3.431396631959025,2.385253148812192,0
6.323193412155631,2.3659380469918565,0
-7.394053009413013,-7.922284400374391,0
-0.45938552726682413,9.014968947155804,0
-6.88755577860464,-6.113059374783237,0
3.8024980465456344,2.8689659021766607,0
-7.921058461015813,-7.6925794255682804,0
5.405280992241451,3.046582386351177,0
-7.602223972552748,-6.4392897943702305,0
-6.659757048777324,-6.993080069225015,0
-7.685958410030881,-6.121353400619908,0
-4.721059534382257,10.547719829494646,0
-6.7458666170970405,-5.8183248263176255,0
3.3732468411214915,0.9835187177763686,0
-7.213680273208116,-8.17885127988644,0
3.7729942513446346,1.9434808936547536,0
3.683820284544707,4.2908064726146105,0
5.470040208574406,2.346011932596557,0
-2.147561598005116,8.369166373593197,0
4.045205849065932,1.5506012649195136,0
4.781474622967984,2.4484282886580435,0
-5.245021679390069,-7.076920716373573,0
-3.920254454118832,9.817440870812344,0
4.8980815709292385,1.684511523261502,0
-1.3144347611758125,9.908933315772193,0
4.149072369731681,0.8421822954551457,0
-0.6405944038897478,9.049093668698154,0
-1.0741102238305147,8.666983839240478,0
4.659892641229712,2.7268139655741956,0
3.5521301608744333,1.849277320705531,0
-7.741934127314951,-7.467067803252231,0
-0.6536943082584872,9.238520872733613,0
-8.427158273425716,-7.360529812679441,0
-3.9077651968718916,9.577255364888892,0
4.003655123576172,1.4081092103895396,0
-7.529720946459926,-7.332045731281937,0
-1.7894396809045683,7.721013170327158,0
5.346384299775354,1.9540475040870244,0
3.689883132708406,1.42041889687441,0
4.634837966004572,1.5299509915130363,0
-1.3234934683897532,9.733239438863388,0
-6.8135329448522945,-5.202053992823352,0
5.8636724587412665,2.9224661823160476,0
-4.954686677964213,-7.188366223029333,0
-5.256702465777985,8.514555952046692,0
5.278062876956314,2.185895805132517,0
3.671395189266206,0.5914004953730281,0
-6.178495990438352,-7.792914079877142,0
-2.5773210482207034,9.378256759051059,0
2.4479001799482205,0.5509351824338584,0
-6.5525519730979624,-6.725461050039321,0
5.4947827588645035,1.9825650385165814,0
5.1705619592381495,1.309733526721244,0
5.914531960266443,2.897891489454153,0
-7.110491302349206,-8.388719047655657,0
-7.695333239250615,-7.854993897914988,0
-2.225446599391249,8.026412787297572,0
5.398860531688214,2.421248024953624,0
4.524690507451623,0.7900841686909668,0
3.230918089436062,2.2481719822325426,0
-3.110565267003964,9.334068062340858,0
-6.183437475325024,-5.408709245109424,0
4.18288700240287,0.5649429156332819,0
-8.120926463892227,-7.452584617087537,0
4.242763504660249,1.9316979059415844,0
-6.1150275935156895,-8.454989580738681,0
-7.857274028306076,-5.851232151597003,0
-8.586853185721823,-5.747822218437008,0
-8.028467310767134,-7.699062038249668,0
-5.874805499393357,-7.3035461764552245,0
3.2997539405733156,1.487490939365685,0
-1.0326572733268544,10.394377482345773,0
-6.188270810070745,-7.470471285081278,0
4.050625105433034,0.7197679656457134,0
-6.582460043926362,-5.941513790100835,0
-3.1058266816644804,11.112225467330752,0
4.242330139682323,0.5886516645157354,0
-6.478488929887041,-5.0251222357952905,0
-6.707568268785011,-7.468471157582725,0
4.74757828533472,2.9713873399124617,0
-8.711278419864897,-7.781212880260304,0
-4.290356037518384,6.783818109073863,0
5.3546244861170464,1.7394456260890065,0
-8.566197434232706,-7.648433086972575,0
-1.9621002418827123,8.812093475764428,0
7.079753303213603,2.274412164032122,0
5.16132823528763,3.3101387574966923,0
-4.939470559316208,-6.137821085697643,0
-7.42901057510122,-7.61962016457,0
-1.2171372887262275,8.26511440159508,0
-6.546625061702231,-6.553546577412892,0
5.227955511395933,2.9355148532073017,0
-1.4010148063152337,7.97438020107279,0
4.571676305895433,0.566450251381174,0
-5.2167135361638275,-7.750752384242613,0
-5.651299480606808,-7.517135203148808,0
4.955401777148355,1.9253107562879748,0
-2.5862993324668544,9.355438103014965,0
-1.9535931570493017,9.10386680945357,0
-7.043034421882583,-6.6991989180509215,0
-2.268444443564182,11.615969242378716,0
-5.906289741537849,-7.636084884590958,0
-0.9165276247698662,9.033630199010076,0
4.758229037351538,1.169809251175038,0
4.780993332933694,0.4481847437966724,0
-1.97438028670684,10.243266630687383,0
-7.230300584809867,-7.367748666774527,0
-2.786741879368302,10.3055599672142,0
-6.81369608257237,-9.535191611155437,0
-7.653042117766286,-6.2317368155661566,0
5.06823174999955,2.3649983916568336,0
-5.943654031885653,-5.785175537634018,0
-3.652923830373412,9.122845833974845,0
-8.473803516418874,-6.35689058209901,0
6.144940874836431,0.8931670755585999,0
3.946112228731351,2.3156205631176334,0
-2.5423245959265475,10.80884399171611,0
-8.451116378727543,-8.525621838401293,0
-3.115897917818047,9.225569820477794,0
5.6060258486373975,2.4644437046670147,0
-6.86956018262869,-5.181650890900381,0
4.378870112055788,1.9825960445045052,0
-6.770842285290474,-7.948547079121775,0
5.438946909370401,1.9793011343759588,0
-2.9919411452347826,8.06095751993961,0
3.7272906380504747,2.674559577750231,0
-6.991890958342568,-6.850547306403845,0
4.923009658547627,1.871113293311884,0
-6.6865763881931555,-8.398060725119198,0
4.929966735863534,2.0170702170641204,0
-1.9941623558440904,9.52807207911053,0
-1.1307279955912455,9.130110715425268,0
-4.896127493248423,8.518407956188172,0
-4.116858650170808,9.199026707094045,0
6.131552695029909,2.6979990574265638,0
3.986136806421134,2.888572654425669,0
3.1071948653043675,0.8445790108436975,0
4.894006523299537,2.6702206627804586,0
-1.8506533503799196,11.02449066696467,0
-8.719265063713573,-8.144998437378655,0
-6.926376645053972,-7.679852481386479,0
-6.14715066191317,-7.390886785180419,0
-3.3696109883367025,8.629730583968497,0
-1.373577475869806,7.9079926157866876,0
-6.609843261751334,-6.868515733950575,0
5.449906074734217,1.2483086001406798,0
-6.053043226014022,-5.505311623221167,0
4.296122316717991,2.0946307481402777,0
5.910908935659242,1.6460962530769456,0
-3.1841316418433023,8.611210139133291,0
-2.3095872046499673,10.108465675719797,0
-7.785845317343965,-5.573555525541446,0
-2.2761546715232663,8.296221344580058,0
-7.493817609276762,-8.533044155648906,0
4.062874396500899,0.6462921245737092,0
-7.977553554218316,-6.619403431304671,0
-6.451858246800659,-7.158788496115504,0
-6.874169346869956,-8.407690534631705,0
5.8105404655457615,0.317944971751299,0
4.0653921308118255,2.8448722695395454,0
-6.667327573490794,-6.6395288355493545,0
4.890393039983699,1.3100775101153441,0
-7.649334290389126,-7.510079625131636,0
4.277023208854494,0.44570832782202796,0
-7.7914094788199115,-6.620689602012788,0
-3.000351370194855,8.729410634828652,0
5.16917877017177,3.329276398151057,0
-7.424497261974782,-6.741916845484626,0
-1.4851350972412878,9.606813077399504,0
-2.1320972291505638,8.985023314513343,0
-5.986571264440234,-7.118726621786552,0
-4.191856317175436,7.990257537311942,0
5.1493924001577875,1.7858393741194312,0
3.383313500282666,3.262372735347605,0
3.7807745621779607,1.248637414906483,0
-7.823567834483707,-6.556657229015556,0
6.37392079065072,2.357378905590194,0
-2.7641748404736055,10.51827911678101,0
2.8977963785221377,1.5179491030580265,0
-7.001114296591681,-7.740112068398249,0
5.326446582981277,2.714243464623018,0
-6.443680867251933,-6.212726490135378,0
4.323795875105128,2.2875083670721623,0
-2.7034667550312697,8.258494628039958,0
4.6428048029075395,2.1510780753523866,0
5.276786915231087,1.4980444054961288,0
3.8301433688382898,0.7219417685630563,0
4.59041226490485,1.7213910100143528,0
-6.280048563337517,-7.740616919781257,0
-5.89761620502968,-7.310881201956331,0
-3.2086121631760376,9.175984654903074,0
4.257061355241351,1.3670858517210733,0
-2.2183005654627443,7.018754347746583,0
-3.1626605187775576,8.627744512300561,0
-3.3726912280176844,8.983082639259237,0
5.482652866327128,1.4344434035942908,0
-7.194587603606015,-7.234060980949715,0
4.196449417993065,1.702899316266123,0
-0.6114306063067732,8.066393410929335,0
-7.997521529871477,-7.664221127332185,0
-2.1673724090977835,8.954248586509758,0
2.53004059560246,3.3124962734207317,0
-3.289050569274389,10.096270937448264,0
-1.7092557211107002,7.397975519761734,0
-3.993254287977085,8.805817917657913,0
3.0626504653086006,1.122971938126076,0
-7.013303105806082,-6.889192387371633,0
4.741602044699871,3.4711814542451593,0
-2.975956435004191,7.531301696215904,0
-5.243522080554951,-6.057250370492595,0
-2.017989957640754,8.656256748451336,0
-8.745466946354707,-6.851640652837536,0
-7.82444168139299,-6.715084330837235,0
3.608772782933838,1.460042437576449,0
-3.053580347577933,9.125208717908187,0
4.184536413082789,1.6193107211206281,0
-7.308809481378924,-6.800113738032365,0
-7.371037607840832,-5.533628997719917,0
4.0679502900296685,2.788493850749746,0
-6.525645258480264,-9.309221930442593,0
-7.200373562630117,-6.713293533757669,0
6.27488600195952,2.414205518791495,0
-8.342728442400968,-6.6364895717861225,0
-0.7822337718193451,8.61464994258372,0
-3.554006817073784,7.04792953882232,0
-4.095180935290708,7.1343617430592765,0
-4.732771790989947,8.496217108723265,0
-6.946743578686381,-7.712716813014795,0
4.014105792496325,2.2030940293586694,0
4.319971558225188,3.3640032321173754,0
5.129009392877389,2.028340321812196,0
-1.7982376548492587,9.458549439684361,0
5.039875389171708,2.139028710739405,0
-6.766105694673328,-6.639030616870134,0
-7.1730585934645825,-7.279534374261964,0
-6.938049501671132,-8.721675209760507,0
5.969413080198626,1.383746272453841,0
-1.650746506396085,8.779665558240907,0
-4.476522687278745,8.993041348922079,0
-4.04423787058511,7.134276094290557,0
-8.385710101553338,-7.297864718196763,0
4.048860380494669,2.413229612963877,0
-4.375737574413367,10.021799818035245,0
-5.826505738627468,-7.374607567090925,0
-1.74311734466806,10.241219352082629,0
-0.5178272046358456,9.407199638746539,0
5.197287393079287,2.6053859979725824,0
-6.246560643654043,-8.059105766232843,0
5.600492068731587,2.764667119913689,0
6.054719499053656,1.0989704139265821,0
-6.319815429220509,-6.737488200607064,0
-5.832450536148273,-6.936195319554621,0
-2.417445138604377,9.266526524624998,0
-0.8944188323428988,8.692257973706264,0
6.365572629042872,2.095014148073186,0
-8.028210506390009,-7.12746052042486,0
-3.2651483297446706,9.374727804491094,0
5.369651773262297,1.0421679723082904,0
-5.358775959087491,-6.778501874585936,0
-7.309303318225865,-6.564736697148557,0
-2.099759092410498,8.737614356479176,0
-1.4131277155753517,9.439607436528432,0
-5.745938693052761,-8.204942648978582,0
4.175477054818191,3.397068621187583,0
-7.576658660516132,-6.595269897920497,0
-3.275318453663421,7.886223573390628,0
-3.8760559863335766,9.606853402045653,0
-5.0812122119864505,-7.732877455845877,0
-2.7655383014252424,8.476238369708183,0
5.184338705755564,0.8786753231058357,0
-3.515215004552452,7.80009751541059,0
-1.786370728067238,9.12608528640171,0
-2.529071258421062,8.907021362387379,0
-4.738656894820917,-6.865693030640398,0
-7.17222194105888,-8.869143789447243,0
3.6355410099341947,2.0999943690756937,0
6.688587093926952,0.34767741374089933,0
-3.23880009286016,9.375703445471425,0
-6.7381482382165965,-7.005902220934276,0
-7.724857296588124,-6.729241964764384,0
5.389161393107552,1.3756908259163287,0
-6.88719185082592,-5.936592775123239,0
-0.5176443208480161,8.182224823348465,0
3.193380632687414,1.5080937377397259,0
-5.971212952065108,-6.1693355681007525,0
-3.3143693747956267,10.091134272856001,0
5.328374810789668,1.738662148794841,0
-1.4531408139866984,9.237525042327482,0
-2.7748021833388554,8.61440788952995,0
5.555532640486446,3.159585274458341,0
5.0821957043925865,1.2224400769351331,0
-2.671152439994078,9.452698827694967,0
-1.7875255590095152,7.885234356981092,0
-2.696093781214735,7.383812884483182,0
-6.184359690899033,-5.752828469843877,0
-6.246432012479355,-7.544377458234528,0
-7.458932499730313,-7.991233359691722,0
-7.7071039424131,-7.92403057352493,0
4.1118848144624875,3.3262388441071393,0
5.3342052173774,4.545922073185206,0
4.6660639854139,2.044456944490194,0
6.8463478161127735,2.052819266554657,0
-2.109974500447471,9.661482067901062,0
5.407358180782232,1.971455530271668,0
5.01353224184925,1.71059402462511,0
-7.555338721309963,-6.186012846464189,0
-3.0643971497459486,10.895443197638912,0
-7.319243344168276,-6.68012739341226,0
4.009736006085754,2.547211614824762,0
-3.5547271087268033,8.98802533492847,0
-9.096910901404838,-7.610944492973617,0
-0.6207606834384936,8.85004414316629,0
4.207219322831509,2.3656257024112524,0
-5.528538244814268,-5.966718502473764,0
-3.1166699106730573,8.6099241355083,0
5.88718248689278,2.108661056257494,0
-2.1005903153509826,8.706477657059438,0
3.785385373490047,1.57010381590401,0
5.002883121034178,0.2520921629802626,0
-1.4607149720021577,9.50206094928266,0
-2.7790725583461215,8.035522412416015,0
-2.5450236621627016,10.578929784012328,0
-2.1188314286573746,8.860380901223634,0
4.136715317181745,0.9595638415862633,0
6.332225408691306,2.117496155666769,0
-7.828249092360237,-6.807005338895204,0
4.142848145562192,1.02001217918564,0
-3.7368775875088076,8.423008118828616,0
-7.092316925456389,-7.167812481405063,0
-6.4894345805458675,-5.756013698574321,0
-3.5517753177233264,7.842052374761682,0
4.587123728227335,2.6266486658924726,0
-1.0470016843351133,9.46292189271285,0
-6.223121107976043,-8.193381880528195,0
-8.358300787461568,-9.109786234005927,0
-2.3126764533512802,9.723289885786834,0
4.2995383533451985,1.747447052328597,0
-6.080978983960127,-5.95817299199059,0
-6.63703125399781,-7.4738387869616885,0
-4.633093347362557,8.488531106517561,0
-2.684157379748159,8.258540968705477,0
-2.250536475197362,9.227025904055981,0
-1.5832225223381333,8.923210267845294,0
-6.181228069821869,-5.763130165635818,0
4.652048518511006,1.8802951825476792,0
-2.150853111976747,7.8177281995816355,0
5.557647034023239,1.6627735474652183,0
4.847732074365747,1.9281252054855784,0
-7.815062596609977,-7.067708414552786,0
3.8040085806097954,0.8772988731420146,0
-3.897066173508552,9.778146479831744,0
4.398815613762321,1.539136329617132,0
-1.320600799965742,10.863648269584703,0
3.8844180348352193,4.206285601072908,0
3.0718905706678337,0.48070741393473915,0
4.693263108707123,2.601272653774437,0
-6.117563317288672,-4.958872176186334,0
-7.120948579089124,-7.169086851542105,0
-6.68157026526612,-8.91446546116031,0
-1.1394965153985654,7.9282315460802355,0
-8.078909613115403,-6.130527021902317,0
-6.192076471558776,-8.457339229408069,0
-5.668361694658257,-6.081604688660278,0
-6.935217714350541,-6.517011160614908,0
-7.146630952918302,-6.011078317745107,0
-7.6119096015814725,-7.433377251962707,0
-6.3871037449449135,-6.552290877459963,0
-2.0244648057582753,8.167929473207447,0
-4.456540097193565,9.992743933864872,0
4.335256187873366,2.5453428149781954,0
-5.8783010563516775,-6.9698351696037255,0
4.028363034189747,2.7607130082675972,0
-5.43262257356621,-5.608191289853581,0
-3.1554249328965533,10.789597020807834,0
-7.762016494229891,-6.330439779787897,0
4.4852291296672675,0.15987621192357349,0
-7.708770676594675,-6.858444181572383,0
5.131618476984322,2.736562763522702,0
-3.2655483683370536,7.592032418600647,0
-1.9402145438674747,10.64268275132686,0
-7.932150246148648,-8.966958122591883,0
4.076797759175728,1.0266051654129171,0
-7.043840975192764,-8.768633005991353,0
-3.9572819645500745,7.606822353821766,0
-2.5919126469492433,9.257377855859021,0
4.798634887165644,3.129176353391859,0
2.929275481791587,1.5800794832392704,0
4.949157221354795,1.7604497670098127,0
3.641057966894052,0.7508050689534929,0
-6.716371564859105,-8.348027770914747,0
-1.3565495197910578,7.79688233470137,0
-2.5173108246645004,9.172375353521506,0
3.3079657258370156,3.2811338764900757,0
5.512031941912157,2.297206126647265,0
3.3263510378741072,2.0127394080743803,0
-2.734854003765002,10.403310491161083,0
-7.170959197276217,-6.40971685126679,0
-3.4029436421364645,8.62632115929087,0
4.89725194264545,1.3423232809935433,0
-2.6096733436244555,8.956895425196779,0
3.3321022710804407,1.628065587121542,0
-3.8907893415163315,7.216071388789214,0
-3.2112507169301026,8.686623981600553,0
4.47145912419922,2.5768154229014706,0
-6.653311238252791,-6.383763182205454,0
-1.8954267672628415,9.389741985825575,0
5.868735386428661,2.434247716237167,0
-7.248871082767027,-5.289274259348975,0
-1.1157430955283187,9.724835230496106,0
-6.020963752073696,-6.337124390884841,0
4.081083017343144,1.6610977518879992,0
-6.390781301338282,-4.495511792944477,0
-4.201662252767569,10.543836447658935,0
-6.3590663953074005,-6.9196261355075075,0
-7.872286206602851,-7.428914616053115,0
-2.0021773509173935,8.956890763124285,0
-6.181543726233602,-9.634631221674319,0
-7.069608614648348,-6.845355114984098,0
3.475828203822276,1.6151792495273962,0
-4.896354535230509,-7.680500697572636,0
6.073879839958562,1.086530514736134,0
-9.791431135868535,-8.324750846344362,0
-3.165886968680163,8.753977086926884,0
-3.987974746899036,10.686552032295848,0
-8.370855022541733,-7.279932276871414,0
-5.589201866534408,-7.705322468821663,0
-8.089592219818446,-6.994898414910497,0
4.677442187609213,1.821150778308034,0
-4.571938963415819,-7.62380951018113,0
6.599562818183984,2.2864113776343484,0
2.8447496396082332,3.358744917882213,0
3.8055406496454385,1.282115306546836,0
-3.7183963342923563,9.07102781149514,0
-5.3505261844780225,-5.76258904450134,0
-2.953490883128862,9.391586621243174,0
-1.7625862584505931,9.339863944985392,0
-9.407872291464985,-7.94921388444191,0
4.248854169362525,3.452651445801605,0
-4.351095396010607,9.906353727930043,0
-7.7359153148115505,-8.04702739464739,0
-6.782761158675394,-5.034709912025567,0
-4.040732938296394,10.164553524096618,0
6.6620529363154795,3.8043468195066197,0
-1.668577596548197,9.5610196963997,0
-3.033764636819801,10.366488807065465,0
-6.541032758035407,-6.686454276644454,0
5.294266970288865,2.263080857978395,0
-7.0168388941954705,-6.316699642453814,0
-3.170984087821138,9.866719462994546,0
-6.9984796731720404,-6.378947523207494,0
-2.4111300835138056,10.310157910061335,0
-5.638688003766464,-6.0337581670699265,0
-2.9436938504850656,8.705114004729682,0
4.731933973540094,2.449410037328398,0
-7.852077828838275,-6.414042844997343,0
4.435171602705814,1.5866747936179417,0
-3.033286020987343,9.166641000232044,0
-2.8968975394613112,8.60067046256868,0
-3.7001141290264767,9.69301419747774,0
-6.340585694398511,-7.202121563893352,0
-5.34681405882785,-5.8920136096992595,0
-3.612564229226624,6.861395535245839,0
-6.758593312648528,-7.085761505129333,0
-7.929301306908065,-7.326836458998775,0
-7.272386143568079,-8.381946517905785,0
5.126620338386162,2.1704830962309987,0
-6.342802507195594,-5.225474844873858,0
-2.7048961541996515,10.074375868106987,0
4.344822646422459,1.5103133982263524,0
-7.0686084356638945,-6.719416725811042,0
5.097420770232882,2.4069172932892675,0
-3.164885342514194,8.778574883341653,0
5.9385721272215255,2.255087704691782,0
-0.830522949680184,7.102645577546564,0
-7.342256467744161,-6.4249339234071225,0
3.004588566156549,1.0545532254176995,0
-7.074211854190938,-6.846239043840702,0
-5.611268579655203,-5.943303916142886,0
6.939847960614575,0.5318279382253623,0
5.92682612234452,1.8486212042543082,0
4.567021147387046,3.862448479444728,0
3.860072160490501,2.9650959938276866,0
-2.501834941629183,7.535739191199522,0
-8.214949729906776,-7.922692746809773,0
-2.623737468305368,10.252102440171782,0
2.147489184645034,2.633019296045297,0
-6.615738696801248,-8.334724341853107,0
4.182201843239668,3.044645614195292,0
-5.783753736174444,-6.545551958738066,0
-8.274186704477346,-6.779434090177013,0
-6.26200652606662,-5.657764336807972,0
-3.1378519281273203,8.736772509338088,0
5.232208383241445,2.0724834988920815,0
-1.8233398044443312,6.86055555440686,0
-1.6524951428101944,10.69166321600381,0
-2.3080985763377826,10.064940524205934,0
5.265470138734662,3.45781154581724,0
5.311148972933455,2.7191936369235483,0
-1.5420195006138007,9.508263510403966,0
-6.915265752082939,-7.524312591595885,0
-2.2848579662746675,9.918303682959635,0
6.606795798736355,1.9340256569723902,0
-3.9877196134201776,8.294441919803614,0
-1.76673870946013,8.376698586122357,0
-8.918073716033444,-7.9364177237517,0
-3.436128094630833,8.954760772136522,0
-1.6260878459055912,8.93644893118552,0
-7.199139641070305,-6.365248413340787,0
4.25549145963518,1.76740269026356,0
-1.8437807993609714,10.95550356466207,0
-9.262739372237194,-7.119633910187015,0
3.713715572744893,0.7637343549816733,0
2.781587348002994,1.4654755555510213,0
-6.8130383642483485,-6.818321323046298,0
-4.175961029841948,7.519529981748677,0
-8.06547952039014,-6.048017574902,0
3.4136994784154178,4.169815738919686,0
-6.252228705529929,-6.663318315671454,0
6.369179702272858,0.48208976032925843,0
-1.192082555712885,8.896217601207242,0
-6.032773447971369,-7.396136124997675,0
-3.5366011745787613,8.641017882257007,0
-6.842534849214815,-7.609767475570067,0
5.546663102903531,2.379019950633631,0
-2.148828907147889,8.103641041015832,0
-6.798913464424824,-4.539386981750269,0
4.953602019125008,0.4885648920210792,0
5.636938192681743,3.1005197732962175,0
-5.876817439196129,-5.194239441054424,0
3.3240814280099604,1.5072187058686812,0
4.877708376986437,2.452795003492305,0
-7.7775691767915,-6.899790347604216,0
-6.865245194907004,-6.689898633933105,0
-4.454214599347377,-6.959231815660456,0
-2.8931688950051018,9.264486334450016,0
-8.618024769673056,-7.238555782582622,0
-4.752329777401702,-8.725533478080482,0
-0.8097616400440406,8.612491101256689,0
4.358675240825335,2.096588817441693,0
3.1627144199157198,1.4628785243776687,0
-2.3750312070569066,9.442628178859046,0
-6.054743153422486,-7.753162152953174,0
-6.328814355967765,-7.082055662028965,0
-2.916233935979531,9.700604585155022,0
4.937106057813188,3.640426525690266,0
-6.242294149879077,-6.71056918305766,0
-1.308935873313921,8.551124766112922,0
5.362875770852424,3.210907789689957,0
-8.86375525790888,-6.352779513795275,0
5.275208031444308,1.8555023817478786,0
4.06527697804471,1.63739106620031,0
-0.8805820774814583,7.63418466998343,0
4.50028370911235,2.579964709000367,0
-8.336926478735101,-4.839762994369457,0
-6.306901871821448,-8.011199338444788,0
-1.2381322970457167,8.034223826357707,0
-1.9536849767105018,8.095599616712228,0
-2.028937121646825,7.959178452717872,0
-6.237582099257709,-6.374716217055483,0
-8.675240411793586,-8.109280626794265,0
-2.3828180435063384,10.953215127256605,0
3.163221612710048,3.0309706914826506,0
-2.296623592420535,10.041272391518053,0
3.197968480116292,2.9190992692111104,0
-3.465633999870759,9.4866924060787,0
-5.983776311048464,-6.788629587298378,0
3.9853452652297916,-0.07634483224759325,0
-4.178760721601675,-6.956295263227866,0
5.615702173516665,1.9820273876096275,0
-1.649612750709194,9.094087612257054,0
-8.367885403974302,-6.680015534147553,0
-1.8136598654869727,9.863388238941466,0
-7.221147606156575,-5.987032158710255,0
-1.8372530152382527,9.398488200204218,0
5.637144403886974,3.1550597264996254,0
-7.559593886083295,-6.37678081943038,0
-6.1568504172184975,-6.691497251300935,0
-2.827945938298883,7.984474279656476,0
6.292791887458523,4.050947269139177,0
-6.215351986894144,-6.65772177914125,0
-2.282513374558153,8.452728381867697,0
-7.024213958477718,-5.05675063123948,0
4.446574609780131,3.444754766510626,0
-0.4351149533027767,8.094901536611898,0
-3.090878537001394,7.999529397505455,0
-1.6511834277506048,8.186089855233087,0
4.35617210786337,3.1636446691342144,0
4.564207763571038,3.5107210029750755,0
5.581497849779592,2.049687746184443,0
-1.5458214938084285,9.42706705513482,0
6.575739861908706,2.1090255855070223,0
-2.437631385833358,8.536628681433205,0
-6.628034383889533,-7.367978681349742,0
5.234733209625346,1.3599577914647356,0
-6.560506349282729,-5.693058442609565,0
-8.167978610355311,-7.950617727911366,0
5.285476915187647,2.6771343607349656,0
-8.077988738150367,-5.862961918896634,0
-6.231080443518272,-6.837846528310967,0
-3.06237486840002,8.760334421801087,0
4.902520824099792,0.5231533277731992,0
-7.231500987437786,-5.934420555778791,0
-6.652313395658952,-7.970501792083385,0
-5.223304683347712,-4.955264098152425,0
7.143050627133812,1.489185344340179,0
2.7478452637424313,1.9110336174714235,0
3.600767667860362,3.6607177391775254,0
4.324612502311846,2.2412201115304855,0
-1.2821630260038779,7.433682187389152,0
-8.846721754057423,-8.350489727951665,0
-0.9586971302386733,8.01593208745953,0
4.012338833484028,-0.08031686471515664,0
-6.313161707041735,-6.605573405692665,0
-7.839980243293384,-8.635211624547107,0
-2.186118349936721,8.761932626072033,0
4.076030504368242,-0.3522504701989484,0
6.000885540997875,2.037961034064113,0
4.868361013946293,1.8870075798412373,0
-7.31174823428069,-4.439185627819412,0
-2.3224308585756717,8.258903195844999,0
-5.511975887215298,-7.14054017977106,0
-3.931008289794594,10.51561978015381,0
4.321577822123768,1.4315489206315446,0
-7.0309262309209775,-6.623424362384468,0
-0.3382549055549364,8.838400315765984,0
-2.640670218724418,9.840333299639827,0
-6.308096494250528,-5.492263622929974,0
-3.388480405464738,9.362881248059303,0
5.575935004164117,2.7501063868722486,0
-3.177542817899552,8.953210456845946,0
4.338352540458755,0.4887306157473057,0
4.124707937136083,1.8466507869867816,0
-7.412478732011454,-8.013116159057343,0
3.778435406763815,2.070658622964429,0
-1.921805923246738,10.428473416529412,0
-2.1054675327161405,8.990090521807405,0
5.031088163465495,2.5549514545690943,0
-7.714003502906008,-6.9426233614531565,0
5.025628804409796,2.675829682440038,0
-6.003414611829607,-5.8898100461764225,0
-6.647954506956209,-6.807764375956765,0
5.214265187361978,1.4758001508004692,0
4.822891764539583,0.9816426428360998,0
-4.062956389068814,9.83217578622335,0
-1.5551958595595479,9.66567737950412,0
-1.3360729854661089,9.383928320396416,0
-4.282189983776046,-8.00992462354051,0
-2.6871154988571484,8.101475208901809,0
-6.755189593244326,-6.783418890389127,0
3.1897156691913997,1.772130912074097,0
-6.359450769550999,-6.891699377594768,0
-8.57807775955152,-6.095824840012195,0
-2.358778717909174,9.379247130664547,0
-1.2783231098980152,10.699300406906831,0
-1.8428851221435383,9.476877421052272,0
-7.1808463352044525,-7.219037224625089,0
-1.9531755262104595,8.423001339396427,0
-8.38490636731271,-6.478570957556742,0
5.804290576763371,2.8988464416546016,0
-1.9482781751115115,8.718805810169162,0
-6.504719504850494,-8.160721738637054,0
-3.1938274488127543,9.804911727361091,0
-5.606716973903846,-6.943207146230293,0
-2.528458002787145,8.751395298990055,0
-1.8236898842625462,10.862894961494733,0
5.409928945145687,3.4793169247156785,0
-5.075216364452845,-7.113989196589315,0
-2.68182492299357,9.897946065684994,0
2.714616623640616,2.700292165426225,0
-1.7815680794157704,9.066232014005621,0
4.424682512667921,3.1165677910902847,0
4.506099463706862,1.112731215873899,0
-2.6920940641575903,10.389162547346507,0
-7.661806645103904,-7.340675623035504,0
-5.726457492696426,-7.186797808796447,0
-3.6663142417660213,7.681157773420515,0
-7.7384714694502295,-7.962267729103941,0
-9.405458876955878,-6.3883297036752555,0
-2.843972955159291,8.610637664956325,0
-3.325352612080794,7.559231523107769,0
-5.822583771985904,-7.575939539668222,0
5.421236956034616,2.0255424526683004,0
4.271820554084421,1.5655803392810363,0
3.9194237655530424,2.384527315092171,0
2.2841753461007435,3.5477560417030745,0
4.369926939402937,0.42971874075498495,0
5.465293434051186,0.24695572198284244,0
-2.637115214533517,8.058745687597895,0
-5.605567547884474,-7.830151473541763,0
4.075588983509082,1.3804668609836255,0
-6.861654611782962,-4.18206913645852,0
-4.907047286704338,-7.676399782268037,0
4.826985936353193,2.3615942976182382,0
-6.850778296358085,-7.185090893124277,0
-6.567992892343845,-6.234812634844904,0
5.6023814281814,3.13876457908486,0
-2.160855883806623,8.116456061772691,0
-2.0769346724185946,9.484330315566524,0
4.9598066980728746,1.8628049246488723,0
-3.044525809006673,8.92375284589416,0
-6.602147949813804,-5.842642923710903,0
-4.488497433428538,9.762196384315855,0
-7.203218262432301,-6.3782152034153246,0
3.358387863359277,1.224358012917155,0
3.955066726489205,1.8789006131758312,0
-2.985749046271992,7.709696684397849,0
-2.0726378188950823,9.918220969284517,0
4.501377814288148,3.1433620180112936,0
-0.8437231785901735,10.028656193216452,0
-8.122985928760624,-6.800068324060686,0
-2.187840407602477,9.436206882433606,0
4.0730655184257625,2.7840834565564285,0
-2.8036533806407844,10.467041673324506,0
3.8116982723545934,2.658826076454443,0
5.724356361085389,1.7612801527424895,0
-4.94801478132918,8.880006966012017,0
-1.1810034812036923,9.57051613759898,0
3.1959532891543443,2.41802322149822,0
-7.84575371428036,-5.134205961090327,0
-6.708587698514123,-6.746430755038324,0
-3.1506792182757026,9.446208672872261,0
5.1126939061559336,-0.7492844570512069,0
-3.387520700232489,8.636278229180105,0
3.0332761008700952,2.4785586956728687,0
-2.960356481461749,9.566026928109242,0
-6.19796653975383,-4.4997218471114575,0
-5.071531281848061,8.823258365598152,0
4.086954819991868,0.9150232526463205,0
4.731046982894541,2.7613738247379187,0
-1.7907801995811092,8.856539144966836,0
-7.871069475547427,-7.759715902439936,0
4.252297944972531,0.3077850456997324,0
-3.4019851385446342,9.527900592429418,0
-2.044827759506176,8.463734196489835,0
5.080232830106015,1.4522011327096362,0
-4.809679452081591,-6.025740272926525,0
-2.0876515395161888,9.281104524493724,0
4.573429860918646,1.6150902377614131,0
6.775199960204059,1.636624762731621,0
-6.159016642472337,-9.165194087945297,0
-6.866812886584775,-8.048600485375214,0
-7.004913813920708,-7.3021154899850265,0
4.380657023224009,2.0975544508484463,0
-3.511414641979475,8.261850890845286,0
-5.096512671158764,-6.805702921349799,0
-2.5966329518299314,9.56260575575282,0
-3.5005899725090575,6.860896014594607,0
-6.370125808326864,-7.9205769011655125,0
4.561547987297944,1.457700410856873,0
-3.3113970310879295,7.86712661718661,0
-6.60142259513029,-6.724530124045308,0
-4.899678822860672,-6.693947637694213,0
-7.763736332181192,-7.0338947584221385,0
-3.3312736348806777,7.795001661676128,0
-1.978303308836801,9.872425199132337,0
-1.7977870435872552,12.127196329242162,0
-6.405895530382613,-7.483229681502067,0
-1.8300548476145546,8.712240628708457,0
4.958716239608527,0.3143950588547011,0
4.070527412646964,2.564837733633863,0
4.330033934864028,2.7582962694007866,0
5.1738596336467655,0.1949669563748846,0
-2.9185060971484713,10.020210639994739,0
-8.31135688767601,-4.055942583873217,0
-5.776543912857903,-7.035864901859156,0
5.786841704483271,1.908298242887371,0
-6.325372715124749,-6.071055304188168,0
3.826065194299172,2.1536378257719386,0
-7.068219042257587,-6.959036269050502,0
5.14521598387545,2.5010090338563193,0
3.4034005496357524,3.2476099117896355,0
5.937176370153647,1.8937935439204197,0
-7.88309261695056,-8.36258610863959,0
-6.326684001953165,-7.523358024488513,0
-2.881516675990673,9.451599315237281,0
4.824841423570188,4.374753344971085,0
-4.962367656647198,-5.416208807101624,0
5.073062903499644,0.3694402089108366,0
-7.2698947220828884,-7.460273315400467,0
-6.086401473341172,-7.62573006044812,0
-2.3636764252845093,8.400163563190006,0
5.39236221330232,1.3850610850164224,0
3.346756585823131,2.0570421857016656,0
-3.703122629451806,9.157229222962028,0
-2.7966451424531056,9.301615032601331,0
4.33553396517415,1.6602407167507178,0
3.2674690986667945,1.6675372415339365,0
-2.325363106730246,11.707319792178819,0
-6.907574962429563,-6.050765668049665,0
5.333584948764287,3.5576640590977906,0
-5.646588057700324,-7.69418081576813,0
5.470376970214053,1.0673724705695844,0
4.913190085813266,0.7688398567617716,0
-3.7829316773792168,-8.449465936001141,0
-2.3083525299370407,9.115077200843128,0
-5.92011913412794,-6.122375479066043,0
-6.5068330326220645,-6.712428259826707,0
6.058914447595365,2.2665217202637153,0
-6.846059543082264,-5.790729757121339,0
5.6163102134261695,0.8410205432247253,0
-1.3299004389889237,9.081804609608431,0
5.9558862559465995,1.4343848460933435,0
-5.194562845818086,-8.900035767218222,0
4.390905180947426,2.287299180391398,0
-6.63410874782391,-7.345432111617024,0
-2.34870799907927,11.226817167595563,0
-2.342745414839694,9.506737392206471,0
-4.070690845494609,10.51770595662732,0
-3.9036926919120116,10.068177680494205,0
-7.863076954629241,-6.564390170979422,0
-1.7723537259603168,8.732958571080108,0
-0.9504084385558562,7.483824718454945,0
6.928669497108391,0.2099329850372469,0
-7.103868146699456,-7.090944311930527,0
4.121744779561244,1.4349325538659428,0
-3.799759044998969,8.871027212834129,0
4.415198934598231,3.048190898451642,0
-8.215233857797632,-7.540490963811486,0
-0.5166822698846318,8.247629540414973,0
4.646260377191417,0.12491115386231688,0
-6.4249544502086895,-6.3287112504977046,0
-2.213965048012147,8.776052453142704,0
-2.1822702492885875,8.795185599389457,0
-8.308953662125335,-5.593857506821088,0
-1.392363847522796,9.200702297942367,0
-5.288411900268977,-6.337334919363385,0
-6.671788807787199,-7.278701632189706,0
-1.750269033265985,9.295477552167696,0
4.262492318765892,3.3180237151214262,0
3.8301540004608174,2.160970021983254,0
-2.6853311266037285,6.11477224832984,0
-5.252509138991512,-5.7727979239351725,0
-7.501221236321954,-8.213326647226943,0
-6.907794099600823,-6.912295544220229,0
-3.370900693309008,9.044317607362403,0
4.885377518022414,1.7179825124264483,0
-4.407693418719413,-6.911450745945669,0
-8.755436283998902,-5.359831604393113,0
-7.187523156189717,-6.186089506215205,0
-5.548823275511408,-7.219445437692007,0
4.158161785292576,2.2157724969956734,0
-0.8392931187013439,9.408957658021302,0
4.572432277672919,3.16678143911332,0
-8.192467464243997,-9.06749050825199,0
-7.9377781836219565,-6.489239685473986,0
3.14668902401917,1.8043849465247828,0
3.997751662396498,-0.0534080926587035,0
-7.132775691194215,-8.083676489504779,0
-2.8066798239266,10.326269866772268,0
-8.050142121280178,-5.848347688776322,0
-3.280969580445625,10.623806793974294,0
-6.818283526910406,-7.192240960817234,0
-1.7002783536600308,8.429830836347882,0
0.41807246942057974,8.019931062567448,0
-1.2861145559574252,8.75543172782849,0
4.0817455765706505,2.967548414932778,0
3.3625077026774832,2.884076718974481,0
4.601744267403461,1.76263474358774,0
-3.3987120526782735,8.198475843232883,0
4.46703316141399,1.5374051869701129,0
-3.802339166811398,9.586676439373997,0
-2.604661870141823,7.23803979473187,0
-6.620148368064793,-6.861313401290455,0
5.25482347525948,2.482852761183061,0
4.490242891976309,0.6361917258001777,0
5.124470215067376,2.2406450728387934,0
-1.2852488699067455,8.816665660402355,0
-1.2322322369645624,9.352309609300029,0
-5.733155313663367,-6.089423383250106,0
-8.155498191053194,-6.913584403602853,0
4.627854807314913,1.7336138250036326,0
-2.395803231086061,9.473280129872613,0
3.355151069810634,1.6421453497326515,0
-3.499155415604764,8.979278518192086,0
-8.137824481178196,-6.547404298901764,0
-5.371544341007249,-6.368694338254067,0
-6.4283043664078585,-8.016802712196762,0
-7.433561874993512,-6.150739798146196,0
-4.6170583828159515,-7.384825055111098,0
-6.185416148206045,-8.328640535309647,0
-4.136202543919499,11.036876358767802,0
3.154692673528169,-0.07630480172894893,0
-5.930369889298361,-7.343893964654055,0
-7.877383470258204,-6.31308776037272,0
-5.682203991346363,-6.184816866611561,0
-3.555318708115254,9.487693543910789,0
-0.8220559879801854,9.895925885147772,0
-1.4489877155538704,11.773946167109399,0
-0.9231808069073981,7.776470629371472,0
-2.5288354219794313,9.566776082615469,0
-5.669303341209717,-7.253830463766381,0
-7.053990027563804,-7.605727049839234,0
-5.488901262009839,-7.196225873906357,0
-0.496927177351985,10.037995674305304,0
-6.147279111500746,-6.082543970589993,0
-3.2422306185767393,10.832348050756146,0
-5.402254630520409,-5.869012587688956,0
3.8015169562272937,0.7605125513174182,0
-2.130044504326626,10.24450830384911,0
-4.103625281847117,8.414911105244549,0
-7.620882558660753,-5.341843952363911,0
-6.614520096639027,-7.340633014437261,0
-6.4252957579990415,-7.898952062650599,0
-6.747119094309089,-8.690909171595628,0
3.2690367913990954,3.5680898920267468,0
-3.2803979226020408,7.240316512086192,0
-6.08294303105965,-6.1620475494387446,0
-6.823381853578091,-8.283776899326474,0
-6.717541498504494,-6.017719017358259,0
-8.398049177160559,-5.2281952564085685,0
-4.285209377101152,10.078227115759178,0
-5.56943233509697,-6.015524801524176,0
-6.680247270497262,-7.725738081265351,0
-7.482585000032688,-8.200751252805754,0
3.142646441743928,2.6996813062767924,0
-1.64665413843758,7.319312689681709,0
-4.148681785578185,8.621815022137449,0
-2.2420709720412666,9.523011151428255,0
2.6551908947821916,1.7060321979989772,0
-2.8308326742701326,11.091034111759162,0
-2.560720551577396,9.517376496822068,0
4.78842673982074,1.6714366299820962,0
-2.343793962753046,7.632268559505884,0
-2.4370443862309887,9.752523359014484,0
-2.5640916236690368,9.299840203055979,0
-1.1466347703402981,10.65490069168661,0
-6.361906427124198,-7.136843396756,0
-2.1675373911001237,8.742971150130025,0
6.10213344026283,1.682715767712943,0
4.536066351825134,0.7927091987086499,0
-6.768538839846437,-7.9250346278981985,0
-3.594348149610548,8.188875598219367,0
3.753838589249724,1.640590304090857,0
-7.683430371248356,-6.294117824297165,0
-5.063118757954705,9.948606039437596,0
-3.6861597358227183,10.834830036140136,0
3.8395434300627977,1.4741824279616202,0
-7.395687367681617,-7.06986115053563,0
-0.7703462711994189,8.69304336208041,0
-5.255783446882013,-8.831010060065328,0
5.040048441428599,-0.040893590297031324,0
-6.103861805868545,-7.963311276460548,0
-8.131549451624723,-4.953764187554812,0
-1.2048573801745976,7.351794140162648,0
5.104130074351105,2.5823052029942457,0
-5.8532078140166695,-4.562007332812145,0
-7.78778113975894,-7.302310278080691,0
-5.970738154781983,-7.601550343106152,0
4.2102438577005925,0.6720604175493867,0
-6.68154857411967,-6.400755334457445,0
-6.572317837414932,-5.045678260135859,0
4.815482386032471,1.821218560468746,0
4.866421587159097,3.271086189601494,0
2.846725333773951,1.9248500052063877,0
-7.671903145322741,-7.292161863060868,0
4.661767657392936,2.290121690924847,0
-6.894597609182224,-8.05057130256457,0
-6.913884010255278,-6.9624401432931515,0
-6.874541795023036,-5.352977209120816,0
4.53723026277747,3.336776979140432,0
-2.8705081850200407,8.950101966909502,0
4.473393251946556,1.0019798148027403,0
-2.507578591695809,9.429059018987113,0
5.048364174374572,1.1118815815548309,0
4.47154120199091,2.212636672721167,0
-7.17375037152744,-7.967947140989566,0
-0.6080069372997428,8.9536253143837,0
-2.476400627641164,8.255790793498251,0
-6.886798402132597,-9.362653579186786,0
4.360266116323425,1.845970299958289,0
3.3953923863392355,2.422996897667242,0
-2.643506364523298,9.825094401358104,0
-1.9004620339283331,8.457155555626091,0
5.085717711457348,0.2509127499832129,0
-1.8014456875972749,8.451819352304053,0
-5.971766553446779,-6.862695344277715,0
-8.38770307095228,-7.622049047032423,0
-3.693052279340215,-5.535675685192942,0
-0.9297597313578907,8.402526488693736,0
-8.301296239210302,-8.850830875121517,0
-6.190244648175645,-7.0394681680324105,0
-6.933978465551473,-7.797137622016737,0
-0.23211112499944564,7.779774129775926,0
-7.153619664314313,-7.289127441090886,0
-6.838300359274267,-6.325142428277333,0
-6.42792699017533,-7.103508009618038,0
3.8085909407462113,1.4822207342088656,0
-6.962073150300424,-6.192969287272968,0
4.153202513346504,2.916767460213678,0
-6.828550886686192,-7.733327711417826,0
-3.904646127807822,8.306375187524246,0
-5.428827724842531,-7.997251354480559,0
5.31623588390301,1.935482563198494,0
-7.335289689164931,-6.143086737719633,0
4.5998416287070025,3.5061822261899147,0
3.9949829775837635,1.2437326350930826,0
-7.470672911878112,-7.9312731996261405,0
5.2818259656718025,1.702902079576843,0
-5.659683991918438,-6.159752094882438,0
4.494529413914216,2.3205671703754938,0
-6.453087901124727,-5.38996599739247,0
-5.190804998848593,-7.465554614195915,0
-4.73138798919363,-7.466952272800133,0
-5.649142834792918,-8.21844022009641,0
-2.7682397688734532,8.817936279113344,0
-5.201661354182573,-6.772823727179368,0
4.734406403816569,3.7792588017776936,0
-2.2566287770561266,10.398818175792227,0
3.9115495678063605,2.74136381204658,0
-5.549175519588953,-7.02899238929683,0
5.228036100663966,1.2666941831749354,0
2.759590425659317,0.947950598203299,0
3.12321628994218,1.6239077985927706,0
5.245283340990848,2.4458094469307436,0
-3.055442071305233,9.406090133600868,0
-2.5918783088954496,8.892538619815038,0
3.647010130849403,1.4239310306281567,0
-3.08328020014002,8.733160643310235,0
-7.6826695922155155,-5.2255963124109135,0
4.679592657947736,0.5502927761291776,0
-2.7144816425490013,10.132836072453648,0
4.424048080791947,3.1110274599101038,0
-3.480854357594036,7.634667963409391,0
-6.806825396788961,-5.16930104916163,0
4.606853572508541,1.4695194235651357,0
3.8013782198441493,1.2306829061711324,0
5.815889821425808,3.107938298807497,0
-5.716724618607131,-7.027264898492807,0
-1.6524602015822918,9.412334344707585,0
5.040520474567938,1.1850934300370608,0
-8.263094503607256,-7.001955204586982,0
-6.392540632035676,-8.388278802648124,0
-5.850060267328519,-7.2511736221767995,0
5.243930481149724,1.5631402724018213,0
-7.042155155827527,-6.544891247058575,0
3.1443372997298975,1.9608712346326744,0
-3.7005011202553986,9.670839736832152,0
-3.2443986578159967,10.670494380255617,0
-6.872473935053782,-6.238484360834738,0
-7.22476442162786,-7.116143783431988,0
4.905042758974689,1.3241711634675744,0
5.657835888657461,0.6771209911168037,0
-7.101025449336365,-7.684247281436635,0
-2.237618785857377,7.737537552378012,0
-7.501754671507659,-5.344578819904064,0
-2.6136468415902216,8.845464405008311,0
-5.728792541466907,-6.966494577627445,0
-6.615808105471929,-6.6390335144726516,0
-2.8449823223428785,10.683307653487715,0
-5.706732912519792,-6.86304076807622,0
-2.9266280050421822,9.358340049761788,0
5.4230344922412765,1.404292708743363,0
-7.630653997970292,-5.984649369601114,0
4.0984058297209325,1.8711634038134703,0
-7.186220265829652,-6.293258054491079,0
-1.3141509941279077,7.491099223414547,0
5.739342607623755,1.6215095001065167,0
5.951041132831718,2.837239666079679,0
4.466005015913515,3.3117618222363387,0
-7.575920770203664,-6.0148384359814,0
4.923789894964482,1.9661067793899023,0
-2.0151337040772304,6.159659465293931,0
-3.034828557038135,9.046693141538459,0
-7.1239442297909195,-5.371773495218218,0
3.8416727598699474,2.9917071115911265,0
4.276703277495285,1.7567509723023609,0
-6.61344932594709,-6.768415463169272,0
-2.5384140289067356,9.789401249787408,0
-7.517657356803644,-6.597756929296294,0
-1.4618799164313019,10.183876120626095,0
-6.074387333246864,-6.916556913533984,0
-2.1708401811167906,8.021708121469498,0
-2.432375731992495,7.7312939040097515,0
6.06006377501005,2.5652835842256505,0
3.8545609159648633,3.922132795388351,0
-4.349275367558503,8.98200551714885,0
-5.692035373133257,-7.029790541191264,0
6.21402562226051,1.627262403273904,0
-5.221810186863188,8.864830435033333,0
-5.207585418108949,-6.382891612822753,0
-7.765279588904535,-6.628521675277102,0
-5.016867504770988,-7.509483804482402,0
3.8612917894163896,2.617234606897955,0
-5.791900439812417,-6.545809629524938,0
-1.6189992119279633,10.049535462922075,0
-2.340736646783136,10.33188366380628,0
-8.576723334440725,-5.838442860192596,0
-0.2102994994334999,8.651447567758662,0
-7.047258716639634,-5.767108894137266,0
-0.2377478776299542,8.60988870501436,0
3.754552404010041,1.2005327942876316,0
-7.186458935539865,-6.874966452734097,0
5.8456972569441445,1.0363744489813493,0
-6.463103646436099,-6.682741131041255,0
-0.9804497725118417,8.933240163476578,0
2.764871448756165,3.1531582136305185,0
-3.5681052101093504,10.495949530660921,0
-3.707164052270012,9.901365904644608,0
-2.0082804354283694,8.03673088339977,0
-5.581085861382187,-6.266073329318738,0
4.467065484334695,0.8441052621084302,0
-3.146505370081545,9.472672831749806,0
3.3198016484907997,1.7344170818772977,0
-6.421026737273639,-5.971887069184218,0
-5.772127951033114,-5.5744640314359,0
-3.7514441566019796,7.888699014166352,0
6.536002112482448,0.6123347056396529,0
-2.6043092707535163,8.68124850914456,0
-5.401700454991735,-5.064432138195631,0
-6.762586155570007,-6.636282666659182,0
6.451434609422014,2.552245984816235,0
4.797225403901179,2.9496762730038966,0
4.832868478001031,3.6496246458553947,0
4.719794099968139,2.2940997458663897,0
-2.6243073169759894,8.668366799151151,0
4.116174553338576,0.6073737558897874,0
4.2872857391636945,2.674142006644698,0
4.452821319754439,2.0686317252990287,0
-6.532844636557074,-6.183351730561645,0
4.36052858917118,1.6022385803330637,0
-3.57159115119963,9.44259322540597,0
4.65416604811209,2.8841140877802074,0
-2.4226078355798504,8.858608892806242,0
-7.300613059164446,-6.790068009408988,0
-2.2361869055583643,6.939646090651953,0
-2.1195930989607623,6.793865119263195,0
-6.5577920011285,-7.661467288892893,0
4.802675454328014,3.4681999936765697,0
-2.6319065566484743,9.107658502474973,0
-7.563487394497707,-8.705621702260656,0
-6.769291757991894,-5.772286310859146,0
-3.0579225307937117,9.107131029339437,0
-7.860598109677346,-5.929088257097792,0
0.12868412920744987,9.316159508919334,0
-9.109202765263147,-6.1478915201849516,0
-4.116680857613978,9.198919986730626,0
5.78936620023847,0.39882796620876904,0
-6.157131421708333,-7.196767358012591,0
5.53433767933323,2.3075444308140307,0
4.758228901883278,2.3647208592008258,0
-3.012767241960468,8.863672113568388,0
-6.7414019546494295,-5.347131345744862,0
-8.74114055181047,-7.64487788312848,0
5.204655100542252,2.657655817493728,0
-2.5060498961464237,10.244276496637005,0
-2.051917218437509,10.470108450345087,0
-3.271022294711599,9.224653241739208,0
-3.60136125577084,9.849037454523204,0
4.822793399848357,0.11943744272160872,0
-7.032357136131426,-6.397396832719809,0
4.727852383357271,1.5328950470899285,0
-1.3599242967670744,8.311109703072434,0
-2.2764108801125866,8.257522151182394,0
3.8781184655454557,1.6734736272764177,0
-7.387319961331362,-8.221081629257226,0
5.0270271522890075,1.9737296762804275,0
-2.8723142842083167,7.006829267453312,0
5.777259933857016,2.372639056542917,0
3.2178203390601703,2.188201626884188,0
4.331662908067272,1.6264197929324893,0
-6.065091731455946,-8.782735829707388,0
-7.68271177187033,-7.802162640453373,0
-6.77666194868666,-7.506609809319273,0
-1.6607667408474656,6.767396794213717,0
-7.705414316405777,-6.120667419453364,0
3.9038151827595873,1.662232167589638,0
3.134046430897481,1.92325945089957,0
4.341929471414878,2.4263915862236294,0
-7.711598299229801,-6.285600590644477,0
-7.0057687410285885,-6.553438671733779,0
-6.7009120668153175,-7.053924443745317,0
-6.895493109604784,-7.7679109736136,0
-2.4130768461117666,8.55201083949328,0
-3.448660865038733,10.133531045762417,0
-3.5036261448525425,9.263834317796398,0
5.743598849950698,1.588680562899214,0
3.6385641820301347,1.0509807785091045,0
-6.635029121502052,-6.016695521714336,0
-8.312667595769124,-4.6884713382209595,0
4.292378536522191,1.1308739671706634,0
-6.846791382049964,-5.344478614464915,0
3.694970113543034,2.6189673255444434,0
-1.9160963650843663,8.704739688884331,0
-7.626190543421181,-6.4618945150097495,0
-7.474040889729243,-8.025177509758487,0
-6.758124181332335,-7.835863951098591,0
-6.421955579957684,-5.714952469381425,0
-6.8466113142164104,-7.047245677438783,0
5.139437744477304,2.85761212132247,0
-8.083714141322467,-7.941582566199575,0
-2.6124523832017976,7.371097317044154,0
-6.093609900337062,-8.029289195492726,0
-6.7277796415096995,-7.566171119819625,0
-6.39161370477526,-6.859305569503403,0
-6.78050139867511,-6.840753838281751,0
2.8271508711549584,0.9406364077313214,0
4.2543855953157435,-0.09820749539742524,0
3.8115850758797025,2.093368242686787,0
-3.4253895385339925,8.182463919967876,0
-5.9373971735834346,-5.855757803415981,0
4.806019449306432,0.8234282285728391,0
-5.568025161427348,-7.726043233378915,0
-2.184857413037882,8.481560629981418,0
3.898716167593272,2.780909239924883,0
-2.7307973174377893,7.573304493673403,0
3.7541650364284114,1.3483350655062496,0
-2.881404399123803,10.103034747902507,0
-6.354762199426141,-7.05101964675069,0
-5.216849901971801,-5.5790128998103246,0
-2.536502162562682,8.081018169125125,0
3.6392494637448607,1.1180742095315273,0
-1.9863621350172505,8.440586124259742,0
-2.890687037876843,7.69379268479329,0
4.550675538536433,3.583462664423603,0
-5.4415984692780075,-6.8112349537621775,0
-6.55984915002445,-6.97727669964845,0
-3.6910717484735516,9.463760041030628,0
-3.855068546525965,8.195028268476824,0
6.540527877950188,2.3664648221072127,0
-8.926794076314742,-5.424700111103918,0
4.684431001799252,0.6070556030070471,0
6.751175170327686,1.112604280126845,0
-7.146199476080255,-7.3719890480904136,0
-5.970339794457576,-5.941538526216007,0
-6.5196107259130445,-7.108260942564181,0
-7.775960524123266,-7.365699705320956,0
2.871747803521383,4.965980254001373,0
3.9984630462046673,3.083847367994824,0
-2.717865994273216,8.701617682465963,0
-0.8767863191211149,7.584144750237689,0
-5.03948514579908,8.72828190631821,0
-2.6763157033696046,9.160999814631644,0
-2.465386151073641,8.867284126569833,0
-5.706929613966203,-7.35612734087489,0
4.048484106390054,3.528368218088074,0
-7.318036079187977,-6.932592275586661,0
-1.141118272564149,9.140187516593281,0
-2.074427558495859,9.489716810724945,0
4.6532993216165615,1.9598865949817126,0
-3.6232789812858375,8.383355294460532,0
-3.898770089816346,7.3688873812414295,0
4.708200966167919,2.099482198527731,0
5.444812226960427,4.163586685129156,0
-8.573666472376676,-7.726828921202452,0
-1.7409904064210129,9.22968263365461,0
4.635805999106666,1.9319100312906716,0
-8.602673220442501,-6.568847893608442,0
-7.842126026070592,-6.798079663887831,0
-5.022954853233556,-6.847682989088943,0
-4.1073219749364975,9.476458794280264,0
-7.219448359459567,-6.69797472226477,0
4.945544404870697,1.241915115127775,0
-3.8300759784300675,9.785687923102088,0
-5.601993841343461,-6.3693775271400535,0
4.820183887565604,1.0170339809821929,0
4.3393094456428525,1.526192131134691,0
4.561956100549586,2.5227440000051757,0
0.06416218019711017,9.07350456221281,0
-0.452990493112428,7.911077762476639,0
-1.9939033014282828,8.180004318163697,0
6.118000062327585,0.4907728969449632,0
3.613525213838205,3.5626109675024304,0
-2.6005971805618646,8.93340763033286,0
-1.9758383783473008,9.853754632716726,0
3.968863990565648,0.8773305209367741,0
-3.74875990913299,7.511415519515932,0
-3.178270361712667,10.054190815594398,0
5.302414869626714,1.1503137824222995,0
-7.514888575709879,-7.62977654422186,0
5.312635623427523,0.7945968991705583,0
-8.845675604119188,-6.436733611173572,0
-5.852074477476113,-8.151393842390048,0
-2.689589304815158,10.387134602874852,0
-5.811466156275285,-5.918749233457134,0
-8.10385219950685,-8.237808320143499,0
-1.273415431230596,7.9432324485492725,0
5.324593690277993,0.8962151430627856,0
-7.459982194004001,-4.932781106371664,0
5.379822887607418,3.652917066162261,0
-8.695893691285265,-8.580230462104208,0
-1.9749897606780755,8.287544223316303,0
5.576258970844724,1.780563245179926,0
3.4166586061661715,3.3977974160179754,0
2.860003728019934,3.037340386281776,0
-7.150163928312537,-6.2568541698174736,0
-7.299501353435628,-8.95506927417125,0
-0.9299848075453587,9.78172085735123,0
-6.89455256359423,-7.461552679618704,0
4.718926638378381,1.6850136534296143,0
-2.4067129808945427,8.531458537391403,0
-7.358319380090461,-9.663825817074045,0
-8.949900735664665,-6.838930076327012,0
-3.5464437773792064,8.823947450114714,0
6.050571156648996,1.6634588721341594,0
4.209978731020215,3.6507951260968667,0
4.912512350547516,2.3153952633650774,0
-3.6128674515831194,8.683496903870765,0
-6.181194409088295,-8.53414509353665,0
-5.917013616439638,-6.838070556278716,0
-2.9968038471252436,8.5817279403787,0
-4.006455268231395,10.295225704865048,0
3.6426505487893253,0.9141325619286345,0
5.075425155220465,2.1396549565178793,0
3.558465455488814,2.309016948660801,0
-6.583442637162807,-6.719850306634281,0
-7.911453741879705,-7.769361755746864,0
-2.985418496597409,9.888675308911049,0
-7.2344779225030855,-7.839023683281934,0
-3.628743751435919,8.620756272228594,0
-6.613331834710647,-7.4770966243214785,0
-6.7469425720181935,-7.430561465965159,0
-8.211374675549447,-5.939043041824016,0
4.8761024824923345,1.0340141141700503,0
5.343097091084846,2.2975356581845325,0
3.462652418776891,2.441709845486801,0
-6.618001927570499,-6.633991886899363,0
3.7295544942998173,2.6683349322708727,0
4.545606118997135,2.1546307474213706,0
-2.1415483300613287,6.914259620546698,0
6.487987940333654,2.513187485663873,0
2.515886018102466,2.3867859415124126,0
-1.515415408522311,10.388200513409771,0
3.6670509436451444,1.9356061745745408,0
-2.7451676102637217,9.758471838513357,0
3.8467441726141645,0.7824238832040604,0
-7.417033570055084,-6.1054839580007965,0
-6.901827414586595,-6.895656746919522,0
3.9183097538880722,2.1120257163716123,0
-2.922662784176026,9.274566634781207,0
-3.4076122944011082,9.506205299704828,0
-8.369563395791493,-8.143981154009664,0
3.9220256218740657,2.7690334962819585,0
-2.857849757460609,8.665028423879892,0
-2.5402565559236523,8.104602711216488,0
-6.860849467763323,-6.607316206989967,0
-1.94459169715915,7.994621789506206,0
4.952744487719013,2.0389073439880194,0
-3.167032176904887,9.868811355264937,0
4.717764563208776,3.517262347464777,0
-8.496778905591313,-7.407064736840939,0
-0.8671824629163811,10.024103217540956,0
-1.6624268478362565,6.887058707846826,0
-1.2142120382357944,9.558506480538668,0
5.109892497474763,2.076551680152827,0
-2.399626042974892,8.597847694950296,0
6.551884305280799,3.1372298365266698,0
-6.924812719576432,-5.877529779004353,0
-1.7374989124044053,6.165743507568246,0
-5.71085827414015,-6.824879156794835,0
-4.78037767189618,-7.586332947344023,0
4.064692386584585,1.9612688608465039,0
-1.636876986332072,9.197628133936673,0
2.9722135700372396,2.9637365113835212,0
-6.047894052803093,-7.070595291081053,0
4.8216600688152615,2.2675886616247802,0
-8.863389400604314,-7.4003186067300275,0
-6.77549380312993,-5.963780639837376,0
-3.5477414438967223,7.383010312737376,0
-3.2951870835606996,7.683053174640543,0
5.258239402487766,3.4287701631980303,0
4.65987432243452,1.5733429496542055,0
-0.23337219540511267,8.162061485200997,0
4.123973523095762,1.047777426297776,0
-9.042306201665799,-5.959056465228022,0
-7.336255976873176,-8.235195659050953,0
3.6126269487229727,0.37198848512915905,0
-1.9903264426126281,9.510091149225893,0
6.535386182219456,1.822841310177022,0
-5.70894840244477,-7.93115154356264,0
-6.085987896821167,-7.752620869881583,0
5.7180042320228734,1.8869525859332792,0
4.416853154961699,2.2552058944029527,0
-2.993371574301487,8.048039808445068,0
-3.0274502619139527,10.33956221863536,0
4.391924628900211,1.4932015377920056,0
5.705255108487704,1.7151241683295706,0
-5.2900638582886925,-5.494671811619565,0
5.483668862109677,2.289257506049666,0
3.069553021975085,2.309881979361343,0
-5.522285695434986,-7.050002794943542,0
-7.1493677977629275,-6.627232935760279,0
-3.146937607304066,8.483289173196503,0
-2.8113782100353717,6.411149040371023,0
-5.670258012816507,-7.546372979636738,0
3.7483353463735964,2.0428739533700124,0
-6.714670315742246,-5.748012712441257,0
-7.290800586704586,-6.906855894448872,0
-5.6441434216482005,-6.242990552864719,0
-6.13334959754086,-5.979318419247645,0
-2.318562031787726,9.955596708965805,0
-7.903361636429088,-5.8629353791057905,0
-2.1327880969552337,8.11223457384081,0
-7.0648931060816285,-7.488348741340486,0
5.528325766586656,1.8845635775921226,0
5.96488349117374,1.000834680124544,0
-5.17207830182951,-5.9634031206869285,0
3.941616987476709,2.0973453686853456,0
-6.278390402999597,-5.018194715125774,0
-2.0286108646250374,8.14129716130897,0
-2.6867936178114893,9.670178265985903,0
3.3273901458917887,2.214578800310779,0
3.621624934810373,0.8872065131990257,0
-6.643762125401699,-5.728594447342946,0
3.9425146083119307,3.11132001490835,0
-5.457031993361293,-6.393214782113982,0
-6.115681827435804,-6.92502913143038,0
-2.4777060607907546,9.704359804534935,0
-1.4261463798774732,10.068088180233225,0
-3.3239536258762983,9.190436580086013,0
-7.428023978962453,-6.6138943331230395,0
-2.236079188759106,8.016073869686917,0
-8.122191193950975,-6.351839654360841,0
-2.4491116284375867,9.40259813362177,0
-3.044999086105048,7.306928170605374,0
-6.18613137054667,-8.060608080273585,0
4.010645072840682,4.887278899709093,0
-2.558226963890787,8.853926047153491,0
4.494845144699679,1.8514809982534624,0
-1.3202842515781072,9.722589975399385,0
-2.344902857682181,11.210509270351121,0
-2.311112862284895,8.869925716274379,0
5.0357930571861464,1.8559976789663566,0
4.314139943045482,2.0865041478460338,0
4.092687047345611,0.7218135017014451,0
4.419860808568427,1.8457628115507723,0
-6.179130127993107,-7.63471397566922,0
4.16912373710332,3.0943578265106364,0
-6.387143706406648,-7.350782738258127,0
5.20963775593228,1.6489928229000907,0
-7.963293024579364,-6.811285935571298,0
-2.641831369435324,8.03975682352768,0
-7.772092158866927,-5.942703310806451,0
5.190895896454401,1.2396876172624527,0
-2.490763689987357,9.361867833559993,0
5.810997900965672,2.080694684371531,0
4.031384932496899,0.9653017707186018,0
-7.424200122975062,-6.387023191228009,0
-7.77609662890147,-5.6838486049690715,0
-5.273937083330427,-7.755433160866992,0
3.5304232807818816,3.6858810952170047,0
-0.7971573390348576,7.26664961837006,0
-2.895520098499926,6.808991755442415,0
-2.4598694572579065,9.736733113419302,0
4.735888104225151,2.1752441901020445,0
-1.5577483459946637,8.647779107830269,0
-8.533586750767585,-6.870295852879543,0
5.0660353958742865,0.9927814324572571,0
-1.93212549587221,8.811240742155329,0
-2.2013652505388652,11.082512169704145,0
3.566185990030637,2.4314876230661735,0
-7.3980628230287735,-7.459964774739275,0
5.079331526686092,3.241130171043821,0
-1.423411298113403,9.112269281669217,0
-7.195591142503968,-9.100098680832323,0
-6.797424264888473,-7.211703372207492,0
4.35775305929419,3.2038725889252024,0
-2.493579289103147,9.916563301984969,0
-5.9565937539155405,-6.328853670941236,0
-6.302706780466977,-7.2285375435675405,0
-3.7203695523335316,9.745050247264846,0
-3.498802443311331,8.888499208098674,0
-3.7453334190832126,10.26862448895566,0
-2.4337639841511574,7.4123203163011535,0
3.6013379791923454,3.0859678795536385,0
4.880922114090213,2.5770867254241066,0
-7.330333750328529,-8.889324937301508,0
-6.04040204648248,-9.088387613156039,0
-7.319480454251676,-5.090670882198573,0
-7.955485752989137,-7.291566103042428,0
-7.020642909640962,-6.403844576019391,0
-1.6420102102250114,8.516931756784228,0
-6.204462790162976,-9.856142067285472,0
4.557286260876811,2.7431384152759546,0
6.159215187318745,2.0898314351102356,0
-8.609849317296757,-7.656883502463007,0
-7.250819142412796,-7.823579417684103,0
3.737561681633559,1.6401299082018133,0
-2.572471582949666,8.354537486944356,0
-7.56097879758648,-7.539169283790487,0
6.149402828926956,-0.9935833847999986,0
-7.599790094831089,-6.809412571611107,0
-8.004148870765166,-6.798985009857444,0
-3.6114897728891737,9.69564563864127,0
6.384189950971212,2.6367675525014946,0
-2.943071086031939,10.736441226006516,0
-7.439281371976432,-7.060245197685798,0
5.1163090029452265,1.8199091305414266,0
-2.508087678365457,7.469852279950077,0
-6.400624567059281,-7.733675877978553,0
-6.437064762128463,-6.00875591754493,0
-7.363646814347549,-6.075322149748548,0
-2.9945611708818536,9.096160267584644,0
-8.095170403202328,-9.423202782750725,0
-8.797459852949293,-9.062210887476908,0
-6.592359262030477,-6.918024271408716,0
-7.670251182424223,-7.162421635200876,0
-2.300334028047995,7.054616004318546,0
-1.994314026976378,9.834211380833557,0
4.703110982741203,1.6973297240442755,0
2.74020855536922,1.8449062034569013,0
-5.1798844489526275,-6.3167052328278945,0
-2.4883111347567883,9.244987033917004,0
-6.759277275774099,-6.159652698199877,0
5.9254610705897806,1.916108392509576,0
-3.5648371128513467,8.660600368631316,0
-7.2683959415808514,-8.141987036634433,0
-8.128208880251034,-6.673293231484543,0
6.191124102655831,2.8554561765399478,0
-5.997930764193528,-6.313838885217258,0
-7.331002422232614,-6.726581136025596,0
5.343370984453126,1.895348247804259,0
4.033888790143189,1.0303944437102575,0
5.760845859842479,2.7787443867469053,0
-2.3187737331276925,9.463504849483355,0
3.7755935742875657,3.108790269432208,0
4.323199290293852,3.3476546653682915,0
4.805118886293027,1.9856915482705184,0
4.032915390355466,3.3082823517448294,0
-1.9024745639165674,8.831089509477934,0
-7.366208437506008,-6.980702698654154,0
4.631518048956645,2.9490065755645496,0
-7.285214547898949,-7.678961137293243,0
-0.8454647909092767,9.319529254729675,0
-1.4731099720064942,7.591311202936648,0
-6.121382414996472,-8.634980444818197,0
-7.207736479511511,-6.927706838394454,0
-7.8687817091442565,-7.293919711897844,0
5.380300050275853,2.643054174156473,0
6.696464656935698,1.5023198538184481,0
-5.420466196962579,-7.087466361969951,0
3.7149530205088275,2.2419454730893733,0
4.76330801793175,0.5149565701219816,0
-7.507925683169023,-7.077638197567161,0
-6.723875283319989,-6.980155904379613,0
4.369512139466932,1.945785363536988,0
-7.764655823414069,-6.775033622067651,0
4.8887728053613575,1.5820133116878894,0
3.074904942786322,1.3722825080869194,0
-6.754759580955791,-7.662650879602392,0
-5.295690750187787,-8.636339827755524,0
5.588021786700151,1.66721525240914,0
5.403781744803746,1.5827752168235896,0
5.572945441949087,2.0367115885016696,0
-6.183881398678627,-6.688667545931338,0
-6.286521791793531,-7.882218697909721,0
5.149766084149296,2.690908390599711,0
-8.097298568757754,-6.184840366187199,0
5.930339577604451,2.0283689264708213,0
4.551334621645089,1.5192782677876036,0
4.742957057758949,1.997149702956325,0
-2.2514450829099997,7.772525552716697,0
-7.659171666510646,-6.478642734794401,0
3.505707690950311,3.002350120068699,0
4.745157460137779,2.1237721767853657,0
6.2788393638279345,2.881192346476923,0
-1.502040422456081,9.532280904589774,0
-1.9383071123595832,10.14985176837892,0
-7.7367995650429755,-6.388295192187984,0
3.9406347719990262,2.0331325416364385,0
-3.0857080237794694,6.423243836053412,0
5.511434802516243,2.3003402368185224,0
4.142561689870432,2.267251722733946,0
4.711299668809194,1.8643210588715704,0
5.399666073181178,1.1336421259230747,0
-1.8116106527135512,8.178194457978694,0
4.747108124647254,1.4732986494356997,0
4.514059484679768,0.9000783555781167,0
-1.5248752245761663,8.800297283972812,0
-2.4502134014631527,9.46115862900102,0
-6.003970827923034,-7.746116302258573,0
-2.3339862041442383,11.999545130801732,0
-3.004163103420823,8.516713629889107,0
-5.634070376467644,-7.4645193679641855,0
4.278161848410837,2.1518394591598042,0
-7.029593482322131,-7.995529596806152,0
-3.217604389963213,7.500571735585495,0
5.092918492800161,3.046287710740107,0
-2.945961860290968,7.407709027459642,0
5.867152658309364,0.7630091809598469,0
5.05858341452047,1.9591964554646586,0
5.41342645133512,0.9222285177517715,0
5.412726674771824,2.7563295717177425,0
-2.225909751506608,8.755381154494245,0
-7.094148141487179,-6.014237004691603,0
4.393307781968527,2.708301796994823,0
-1.7486915034686077,7.271338597711656,0
6.447509641898787,3.6145983116630465,0
4.3352110024724455,2.593670583039895,0
5.675795045660135,2.827607435081288,0
-5.095708584543785,-6.884361689995889,0
5.793381686009646,3.1357433521285722,0
-2.3756567182704678,8.861816291817778,0
-5.839600471288582,-6.485983082841798,0
3.8351270225089635,3.53146464071318,0
-6.503301233504695,-6.273684864884784,0
3.674052065332137,2.209886804967125,0
5.750632008642743,2.728354657744675,0
-4.164085059281046,8.054239832918858,0
4.84988714425069,2.5883336682193123,0
-4.901153827365774,9.859060503980022,0
-0.8658194672482162,9.374934019634116,0
5.834093319242093,3.274271746964825,0
-6.808762194096134,-4.949451334219686,0
-2.1674416472755906,10.890456967414208,0
-8.079622771244914,-7.391307391837332,0
-8.742490777602505,-7.41488184933375,0
5.024934004165936,-0.734396009731376,0
-2.5831704866471283,8.93862052387249,0
-2.7182208803387753,8.16376567398902,0
-6.313888686697319,-6.844266298417898,0
-6.452836997892626,-7.565582445964367,0
-7.31995287582746,-7.688373418342872,0
-6.921895189586063,-7.066257812241596,0
-2.030194479659991,8.152976548501213,0
-1.8514344469023765,8.944753841956052,0
-7.430484661479932,-4.209434218412882,0
-2.618221043016214,9.048661437224782,0
-2.524507472225746,9.59357762779941,0
4.191183153608617,2.2074289483974976,0
-2.4751702119805183,9.125658730038374,0
-6.931208448366848,-7.651999968461901,0
-1.9127564854709975,8.380000280508918,0
-7.266680217384998,-7.170492584926743,0
-3.565228423019418,8.75734100307654,0
3.843908462377603,2.1650592289623796,0
-3.3899517126554803,10.813011146549634,0
-5.736322916821257,-5.843723684688921,0
-2.2471308139660247,7.064724410443954,0
3.7370699092653017,2.7824343821827178,0
-5.840899291236358,-8.118270737611406,0
-1.659118290635197,9.431966880437722,0
-0.9296254773220378,8.491426101045054,0
-4.7293163978200585,-7.8848144539827425,0
-2.141715957578446,8.700756442025924,0
-2.63685230457094,8.453678491351011,0
3.805048925681428,2.309771111502899,0
-7.4252825855138544,-6.101426847550157,0
5.138762030996314,1.631021032813493,0
2.3708015632757,0.9960975377993309,0
-4.013917997083753,9.774342091887924,0
4.273537159090344,2.149931787190996,0
5.310896641145871,3.041167461999704,0
4.4521772303540645,0.9344352497780619,0
-7.509513428723985,-6.532193515155063,0
-0.42448470182173414,8.006374432770116,0
-1.6012353094257012,9.137765937362916,0
5.4306381484606305,1.9511396114237916,0
5.096234809360798,1.606095037922549,0
4.881949506516069,1.122194603259167,0
-1.1910005558187249,7.656111206720728,0
-1.508615305009772,8.343665919121676,0
-2.676319336839162,9.296866078686621,0
-4.4811779055632,-6.3490244622999965,0
5.69660374750852,2.9399767881912764,0
-5.667987565502103,-7.912752291398005,0
-1.1022628771609995,8.530167633613503,0
-7.198044044869574,-6.864072930262468,0
-7.015723649832919,-7.077638930745115,0
-7.103934019094916,-6.949564731126966,0
-5.722205245157444,-5.730632532447417,0
-3.2496877293849087,9.879110566689333,0
-7.8027463753878,-6.95253866291823,0
-5.883238765508261,-5.022518716626281,0
3.5738466646004206,1.9216274753330804,0
-7.5630082276714,-5.7714351733202225,0
-2.20185200634478,8.766533709958612,0
-6.0157998469955025,-6.282636659379185,0
-2.804147301344778,10.262028200872056,0
4.320046572100022,3.5740776758296473,0
6.592938531767998,0.9783133314731909,0
-7.879574217944652,-5.562725675336125,0
-5.135131641791382,-6.94147563337586,0
5.1462655834609965,2.6438568546669647,0
-7.639819512892169,-7.747034832620381,0
4.604458695536592,1.446103565700958,0
5.273104146343195,1.5855398512774856,0
-6.903245170569726,-5.663943816493692,0
-7.134001608177832,-6.143272469170768,0
5.544840877722301,1.7473629348646902,0
-8.357740905538959,-6.569630316270013,0
3.7617571326226487,0.9882235588236996,0
-1.312566136407099,8.404503223878939,0
3.867686448423722,3.638772897627259,0
3.933209732154961,2.6927691815656236,0
-6.597678317342219,-5.300302635874397,0
-2.8797057216427793,7.608719109019679,0
-7.497659265057328,-6.034829288669099,0
-6.67530730716295,-8.06723992555927,0
5.634177662915724,2.2279008213209415,0
-6.082374892611236,-8.419164514846415,0
-3.882600512022499,9.534188267727075,0
5.462867428231423,2.0147115245046265,0
4.264245175510761,0.6683527935077826,0
5.17785480605459,1.0203086433544315,0
-0.8795554919399515,8.641610544246348,0
-0.09658220143983431,9.798890416096345,0
-7.963223735823808,-5.841723556116314,0
4.177142188231763,1.6661213430156305,0
6.404792641778872,4.765378551850693,0
-2.248755359719194,8.475444272005584,0
3.3269103062808285,2.3671449098051345,0
-1.714932943430923,7.759996705029073,0
-5.420647374319431,-6.610686141221046,0
3.852842557294802,0.994904034674492,0
5.628487629727276,1.5920319872673132,0
5.089933507413248,1.3835906880046043,0
4.078827984205834,1.7223360121295013,0
4.358033986831002,1.3362932097342988,0
-1.1058276529275595,9.71218940073735,0
-6.237506187274686,-7.639761354109325,0
-8.352907364044961,-6.393490113147836,0
6.563392323831556,1.0201292205758823,0
5.860429440159334,3.9867239785894317,0
-3.6054179479213153,8.94641474649884,0
-7.306607562658033,-7.9801262353506095,0
-6.501915431037436,-5.126734394551631,0
-1.0570799238701898,9.028435393164079,0
-7.782830800046721,-8.599019549304828,0
-1.408376224630145,10.075657093071456,0
5.114512321794893,2.680761505915352,0
-2.9221954451961842,8.087587819351011,0
-2.2493148288043265,9.796108999975631,0
-3.4098690055652305,8.050086056775077,0
-2.3869001200204663,9.557584157234709,0
-7.61200993674635,-7.787605974011939,0
-1.4053202797364925,9.489453874693703,0
-5.401443255512268,-8.613876683284195,0
4.52631627143765,1.917317501287921,0
3.5194609172917124,1.218303487368811,0
-5.439517071082096,-6.527686678891632,0
5.097103648177445,3.325928714555495,0
-7.708030412899522,-7.635233991724465,0
3.4586776630792215,1.350555783981413,0
-5.991469869407829,-6.0040638166040186,0
-5.079888899424172,-7.429459684477277,0
-4.861530458315784,-8.067710710653294,0
4.64041819885698,2.2761319914394633,0
6.036639013626592,2.4181379993169076,0
5.403021136937758,2.8956508541738413,0
5.005047837276423,2.2180669856534614,0
-2.9228031564743944,10.901973785538512,0
3.4628472047750303,3.535524193313962,0
-6.001421625714625,-6.0408617478853515,0
-7.1834906206324005,-7.097764714414063,0
-6.735596289172044,-6.861991115650075,0
-2.5171702643693674,10.494230267088348,0
3.551467600555256,4.533672643296416,0
6.424437725081687,1.8077456317588385,0
-10.514827418691372,-4.788011021658038,0
-8.28683829065546,-7.198676261336779,0
5.1534002054828365,3.895394244210185,0
-7.4986159939989525,-6.091355549390499,0
-2.581207744633084,10.017819026090345,0
3.5929570861211952,2.6511396548372606,0
-1.1936893321126463,9.224782427119825,0
-3.7088951514180586,6.6981422652294444,0
-2.182342222442313,7.624987397987331,0
6.2454986687932195,-0.10757084145024631,0
-2.38288342356955,8.545155273987913,0
4.392542872331683,2.3064002189307535,0
-7.08181752653889,-7.817167269742081,0
6.180320076004775,3.228519464229207,0
4.205084142855885,2.788763928536895,0
-7.490389846883008,-6.773439937908901,0
-2.8282515587193684,8.218260271394833,0
4.3971502469170725,2.0958985916462156,0
-6.649984135583473,-8.198385885305889,0
-6.904457505277917,-6.467468231832981,0
3.921394851066985,2.756635332265467,0
-7.2479599011904465,-7.360469265767302,0
-4.1658208307305244,8.48983799193567,0
-4.707633981656979,-7.2338146355315285,0
-6.736037365671778,-7.6932336871223335,0
4.880755593428509,1.3074762190471851,0
2.9306524370255054,2.364867699951205,0
5.950484749041564,3.144271655610291,0
-2.60582129306764,8.598319200250963,0
-3.163273306180174,7.183653231341864,0
5.829105297483887,2.640414831369974,0
-0.38442622003578863,10.345625190186725,0
-6.704261950495936,-6.639621943808185,0
-3.606565942023817,7.53736120066642,0
5.187945760935272,0.6336803174120731,0
-2.399802828447857,9.740052752097014,0
-6.86893387935479,-6.525703025801608,0
-8.731214025441856,-6.061560876835948,0
-7.2323279861548775,-6.0513691395903715,0
5.206419823309758,1.3247004839215946,0
-5.862796302138419,-6.252781473002138,0
5.573689262303098,2.476402068473228,0
6.487919027998951,2.963880530564817,0
4.439193617852772,1.5684738270774057,0
5.091226384092734,0.7919761445112339,0
-8.09556500912717,-7.125928719987004,0
-3.216090191040099,9.869841787219034,0
-7.841099004661777,-6.931822383836217,0
-5.124316120517966,-7.211161762026304,0
-7.353150572705467,-7.06175473218218,0
-3.1446075032814873,8.972993441191038,0
-7.491540243793091,-6.284952269391218,0
2.578355724115852,1.172994385276628,0
4.833285203417819,2.032861564520468,0
4.725473540172627,1.694796716332838,0
-2.2653969092815514,8.450207497461593,0
-5.660196108196498,-7.556474096311552,0
3.6006586722373353,2.791151228394593,0
-9.962189366294508,-6.478679933908484,0
-3.2111893108595053,8.351385210647374,0
-7.209679926395271,-5.325146865550182,0
-6.916635285224504,-7.721158023674241,0
-5.532954189750124,-6.506987196184937,0
-1.6898243549133438,9.438175610642308,0
-3.514798998742216,9.374450312144088,0
4.562593598761806,4.347635967224724,0
-1.507372769370813,8.516715289813114,0
4.890882379378248,2.1525838549895733,0
-6.29317406081766,-6.129019050272314,0
-4.909970506200175,-7.918608930890173,0
-3.227641844305186,8.800838976486475,0
6.316302254072175,2.6992056831700655,0
-8.531729522844206,-7.6427325097114664,0
-7.252685858815186,-7.96525113643828,0
4.893616133002935,0.1800932860283424,0
-3.1090196463725994,7.45549913317448,0
-2.4907792438631984,10.690723440473604,0
-8.147204895684348,-6.7191340956887915,0
-7.610888164478315,-9.301489345153225,0
-6.696385280692551,-8.67076058623266,0
-6.416182253035208,-6.807420130240513,0
-5.438646313055019,11.067258152699985,0
3.4863963053394578,1.6031330713725351,0
-2.632334058405018,9.616866396176663,0
-3.1150584438116438,10.733664034405619,0
-4.327176848439905,9.77399842368249,0
-6.223666639009896,-6.881681400649141,0
3.5969505744193637,2.3422217325307,0
-6.433252946392734,-7.520340088743961,0
3.367641208996138,2.686195534373681,0
-6.442859440040773,-6.765876948773591,0
-0.701589115283487,9.520443783659033,0
-1.1160163651178443,9.853635242429924,0
-5.3590262893880585,-5.618348432880946,0
4.304092897248352,0.8185353452118878,0
-5.420808055294801,-7.111527654480939,0
-3.1165520562649616,8.937065082975275,0
-7.733556105722627,-5.741828148386367,0
-3.6207778725663013,8.978460549491858,0
-5.664743160968236,-7.804821473677118,0
-5.5287097788735755,9.198135672952017,0
-3.0558777076400157,8.742631017872268,0
4.455267841791051,0.8154567599994627,0
-1.0582700747735383,10.821482771836207,0
-7.12303366594639,-6.764869726303928,0
-3.8082904895452683,-9.057345662172683,0
6.017853170153515,4.121875977877783,0
-8.947445567628572,-8.033011536923329,0
-9.238091333358735,-5.601235828575572,0
-4.936043103773707,-6.824656258118248,0
-2.5020191561448084,6.927808469827237,0
4.866941889372251,1.8959479723423063,0
-1.8636099108785569,9.033667365896347,0
3.3770140824999233,0.7436434327233459,0
-7.961278287415331,-8.382374845616228,0
-5.729498512757638,-8.34039549933476,0
4.520219933754952,3.487450419661216,0
-6.743315895587602,-7.782347795990713,0
-6.520141251377412,-6.464729970769957,0
-7.740365179624373,-5.525898668030863,0
-6.227785619170914,-6.417196813782834,0
-2.206562157813717,8.260010278178964,0
-2.728063874788376,9.78052910323883,0
-1.4965602134086784,8.856132283826001,0
-8.035123233280034,-9.4502571418563,0
-9.277790286402167,-8.288541083644308,0
4.325277388786052,3.5033553077372925,0
-2.8080177120819543,8.656041750290814,0
3.7719034136997696,1.7595764417356896,0
4.490000802705933,3.0854621338324595,0
-0.4848879997658977,7.651112123605511,0
-2.364309789955859,9.038189171483276,0
5.0134125196398704,3.428604167856057,0
-6.754863328273885,-8.082800622170815,0
4.286226281346551,2.2004955907639223,0
5.627607352152701,1.1975633225031288,0
-2.7049828940213314,7.972014540151073,0
4.300567649089943,1.9318324791315618,0
-6.406286007766127,-7.096901624963876,0
-1.3631700480393352,6.176779686800943,0
3.6417842084590664,0.21888483111823298,0
-4.054134969729509,8.474981113735051,0
5.296777542547749,1.2508222793257024,0
5.906540089426514,1.002107654832999,0
3.302204650140417,2.585341302559316,0
5.898765041970923,2.067851073411462,0
-6.085681387519098,-5.556349055263679,0
3.767093882700459,1.0530174524830462,0
-5.4830293449280925,-6.019924382494103,0
-3.3200551342630886,7.756708269283705,0
-2.0489259980704464,9.20912846846846,0
-3.642618641345373,9.364209843447714,0
4.820173716731546,1.1583015350313879,0
-1.9726877794823467,8.115818146407284,0
-7.562167237304815,-7.396877160822236,0
-4.9039220899211955,-6.954928013626532,0
-8.70682312862253,-8.101060164274816,0
-2.7356765149542768,9.3816516350145,0
5.4982520682002285,2.3383507242433783,0
-7.153233747685439,-6.7088655455909505,0
-5.719578762244861,-6.434712821161661,0
4.682909809549383,2.660027594952988,0
3.9198893030061623,1.0491068765996667,0
4.312083780350639,1.9315096605593973,0
-7.311378366182398,-8.212354180039393,0
-7.385247777070458,-6.799949832788393,0
4.224962558107774,3.475122649129328,0
-4.401959800642802,9.325776986996111,0
-2.2905383162954527,8.567965612963977,0
-8.132626948319665,-7.067591080767229,0
-6.008809639287806,-6.13659892294135,0
-6.086665585705795,-6.311080056016188,0
-6.781546740871476,-5.851260439666352,0
7.145327741584995,1.521528594763785,0
4.649899987968671,1.2844752504954973,0
-1.6095977476194996,9.321585649074931,0
-0.3193946898350779,8.20598784284317,0
3.8201638133607116,2.3094326351266274,0
2.8718221170537044,1.9927155287389138,0
4.450185342775693,2.8227542149873495,0
6.0377231432595995,3.1643427288808277,0
-2.569023766582654,9.507846332532614,0
7.007293200255223,1.595404796418255,0
-7.555564855955097,-5.557561130444286,0
-6.979177874336239,-7.50820742835573,0
6.385737806501237,2.6958445088290306,0
-2.534224581797894,9.832052427398608,0
5.040247125690662,2.2154608697430502,0
-2.9752341249209926,7.419583060931526,0
-1.5443459899552927,10.629868951746554,0
5.53174185838885,0.8598748498261009,0
6.529161290478354,1.9845395927392262,0
-0.324102728016638,8.327570785195027,0
-5.683685283715963,-5.998363192515934,0
-6.815332312563688,-5.9332481316297665,0
-7.291788336199484,-7.420872948253169,0
3.7136397236395506,1.7113889615980251,0
5.612322834146111,2.845957098410342,0
-8.600674316780934,-7.862525833756884,0
-8.033286542577839,-6.973730912346558,0
-2.9868432056567555,7.759150756224926,0
4.127290039249592,2.6563820879418008,0
-2.5490920068044622,7.610046561936732,0
-5.891101086503828,-6.816288368242308,0
-8.674070776240171,-8.00138918475773,0
4.926265580183491,1.7845748547932438,0
-2.7549406871386943,8.741562558450651,0
5.321622245043243,2.9356725697408335,0
-7.070152380771307,-6.588735137037363,0
-3.177288076695799,10.006328477734844,0
4.227458766378194,0.5182775186514215,0
4.446537886548478,2.869967015973967,0
-2.643214789725668,9.02897432292752,0
-6.578658814508859,-7.676241098818902,0
-2.6135404160396423,9.407593178203646,0
-7.984295547253376,-6.344469368259338,0
5.4195750184075955,1.9130151845356043,0
3.704047606437536,0.8972758552164724,0
-2.728869510890262,9.371398699710069,0
-2.758269467705791,7.3413922268867475,0
-4.769284539054892,-7.5049207978118355,0
2.5627589824542274,1.737895773968293,0
4.188575971884437,0.9552581934635729,0
-6.84382459111543,-6.7419620369083715,0
5.3551154201193345,1.579818559117859,0
-6.63421744937993,-5.82474404652524,0
-5.7510331236726895,-9.637963222823315,0
-6.6937493075290035,-6.243929104591911,0
4.0964584064515845,3.2370256230371206,0
5.212324142383203,2.370216353823132,0
-3.3346948198452617,8.692900286545328,0
3.890462849271128,2.310935782995333,0
-2.8916500207220404,7.038322828306702,0
-4.350071854384396,7.73470916146262,0
-7.5781009493644165,-6.961389141289533,0
-5.479527379323456,-7.507772289302643,0
-0.9436735938184098,8.948535867125333,0
6.7962284679574,1.5924750601456394,0
2.574576061187491,4.094800991270935,0
-8.447399538741045,-6.779162622986366,0
-6.034220634369214,-6.3442526507873085,0
5.019578513645214,1.6617024890415304,0
3.452325669453061,2.552079502009866,0
-7.045588922624195,-7.250860577083594,0
2.285395913531499,1.991422144796845,0
-2.286907767251896,10.293151941511715,0
-3.071039722404449,9.493647081627744,0
-5.775452034607595,-7.393506274052008,0
3.1795764010188785,2.1611114603734887,0
-3.080376612835547,9.58686890955448,0
-3.1335430127659745,8.829760770542473,0
-0.9957478798106192,9.645097812753098,0
5.216951020063241,1.7951463938768937,0
-7.595821704764597,-6.688747339164335,0
-4.211099853071086,8.452948131756116,0
3.714794215749466,1.5229677922748885,0
-6.6343502589336625,-8.002077713225361,0
-7.50945199539768,-5.418116762407626,0
4.639400118159596,2.0073135772809443,0
5.387323807655157,2.271045874964577,0
-6.088985607263599,-5.9407897030434915,0
-6.069781130031843,-7.028538994340132,0
6.07351244504598,0.11350664339093353,0
4.372113317503256,3.2958729039297117,0
-7.7861349720840405,-7.605449634090704,0
-4.418553710560043,10.332588453050992,0
6.00626824808254,1.2354329792558911,0
-2.9022503801141513,10.015917953406882,0
-6.371359869687921,-5.21740357727245,0
3.5357333795641823,1.0152418444454638,0
-6.434768970552947,-6.918370875740102,0
5.1702217378986814,2.277661885620877,0
-6.415139585574036,-7.239864609881579,0
4.656579703495652,1.6080367461449474,0
4.9123968264576945,3.0036084695775234,0
5.712420635800861,3.4019298459775023,0
-7.313474714503842,-6.684469064963631,0
-1.0906662779047136,6.526477471663242,0
4.468205182303318,3.0716545599925507,0
5.7132190130916465,2.787854121234801,0
4.552863612909964,1.3900468526164338,0
3.0207057797122365,2.60290919834947,0
-5.69779889720923,-7.375019788766249,0
-7.3014040555389,-7.014753685100742,0
4.960876399914125,2.975405850643657,0
-3.325414867594715,9.09242919116797,0
-1.6512987977614073,9.567855659266115,0
-1.2338068850537354,8.862571694621092,0
-1.0622197386990173,9.210840904709896,0
3.8322282784813364,1.5815997065846927,0
-2.241353985186417,8.190751157572471,0
-4.562273425536409,-7.966219279601572,0
-3.599596700495596,10.425218507944592,0
4.011208589197241,-0.6449635147515478,0
-5.716345058357062,-6.904845014078347,0
5.611809179668735,2.1165986209780563,0
-2.6237570505252696,9.098380516448518,0
-2.1223891023635475,10.105266553384288,0
4.658877918487972,1.4519148770846024,0
-1.5371406573130284,9.000981492819687,0
-3.327418306286223,11.106673403883782,0
-6.108104660275151,-6.888523259247312,0
-2.738997253627944,8.162879693938008,0
-1.4507731362031624,7.255546641775207,0
4.927151350255528,2.9168851896967762,0
-9.447212309085028,-8.299934906733515,0
4.392799399420382,0.8435022246301951,0
2.9246988655246806,2.799093266971385,0
6.012150152836092,2.1152141627712773,0
4.886784899644713,0.8479718562030087,0
5.007239185375588,3.576013931118702,0
-8.02641028977782,-8.411037225788593,0
-2.740132153261428,9.71049249301174,0
-5.266268262071786,-5.986567387386837,0
-4.686262669495605,9.19276279208371,0
-6.424582096909048,-5.057716760724549,0
-3.248226281075983,9.666616466375002,0
-7.718250864750801,-5.700685125135519,0
5.9974984692782405,1.8295880952285977,0
-7.702575817013628,-8.343612696580353,0
-6.759254062195709,-6.665125056943195,0
4.884993120600719,2.6999637303425357,0
-7.596891096995617,-6.994279861036428,0
-7.893420932120993,-7.603614702337954,0
-7.717009275500844,-7.232326912173403,0
-2.7248652606003825,8.141325037744622,0
-4.28543285595107,9.422938939678993,0
-2.7262146734771204,8.705803339742502,0
-6.143946427391537,-7.4503031909740995,0
-1.7707310430573397,9.185654409388292,0
-6.897144554047019,-8.484230605746271,0
-2.3398367990166724,7.600571631293342,0
-7.99901807089718,-7.3532926995830605,0
-8.19134762406196,-6.388231442697059,0
5.922673805067082,2.0511771024195893,0
-2.5776441157191656,9.04306169227932,0
-3.1347603245622797,9.41008966163573,0
-8.267380272152707,-5.741410646581299,0
-6.988213667979213,-5.8483706127618875,0
-2.496195731174843,10.467820205355638,0
-0.4339367504274847,8.325098310108753,0
-2.318098555032847,9.06072267635447,0
-1.6840993583851156,8.14715591248742,0
3.5275513665575207,0.8054122680408109,0
-3.2135413135955093,7.605824831834762,0
-7.134833325590895,-5.368436179090516,0
-7.662935947876334,-6.0948542337044,0
-2.4020277077931538,7.935773386833724,0
-6.098198271685742,-7.305302546548831,0
-7.642208620648318,-5.836332636874191,0
4.857086773756502,1.5084024600290042,0
-1.7683732776326244,8.501072561726737,0
-2.646646137680442,9.96716067540126,0
-3.8810987659841065,7.40072473032158,0
-3.5462636966227463,9.679655063231152,0
-2.9934559749835805,8.96835729945816,0
5.463981733083807,1.809020271218958,0
-1.5578913787532667,9.541184051864116,0
-6.618049707085863,-8.36971920562695,0
4.822873285873362,1.1388983408727666,0
-6.148589665765734,-6.027668328454604,0
-7.222621416753502,-7.652618199668106,0
5.698048930052203,2.443679531319289,0
5.1491741598701095,1.3570984686044083,0
-1.8157187111387565,8.622273488279191,0
-3.601131523448063,9.90453362903483,0
-8.266116611842513,-7.403952763589341,0
-6.6857057142673355,-6.81691598942572,0
-7.682348907376187,-4.9375324144453145,0
4.6622180755467095,3.666716817354404,0
3.9892222148919063,1.6465221207521206,0
-7.856052730882869,-5.904773858387187,0
-1.923293421888101,8.277515992250699,0
-3.523093575345288,9.09997328960168,0
-6.085692070240761,-6.666513018711631,0
-6.663321779902954,-6.763543936460611,0
-6.31438006717654,-5.365861993295059,0
-2.3491793971999626,9.516068864365867,0
5.991918202202427,4.072577204443242,0
-7.5255353644135665,-5.854095467568649,0
-7.744523303579693,-5.604862580353974,0
-6.241728874891345,-6.010049376368463,0
-8.25241844089768,-7.384040273237286,0
-2.745114152364874,8.607400883693947,0
-1.970441630606381,8.093612535118956,0
-7.444578717806491,-6.250974295018163,0
-6.9115610812020805,-5.448030989371383,0
-2.837816098801735,9.617473559280665,0
4.2021415138237765,2.1551595665635297,0
-5.099965304063581,-6.324122159585808,0
-0.3392610349722074,7.590603491314399,0
-6.596402232540552,-7.839037860990563,0
-5.349455135930749,-5.44443248947615,0
-2.4073413277907636,10.563306279693508,0
-1.3842650777495094,7.2715141543172805,0
3.84416117270749,3.7196603155353536,0
-5.191315379698388,-7.486072577223457,0
4.972639314865112,2.532998132768792,0
4.233727419654298,1.0261869183233838,0
-8.171082755638235,-8.050772123476136,0
-3.367555403233964,9.714596007607312,0
-7.554666202570738,-5.682615076711583,0
-6.605113203657987,-7.063032891688538,0
-6.181202056766898,-6.419911912045905,0
5.391925219846931,1.9936714133084004,0
-6.967782060021661,-5.102464774456517,0
-5.945315453480499,-7.312510780553908,0
-3.4446363250973455,10.100268244373353,0
-3.652536614136611,9.10175988187906,0
-5.556884359271484,-6.748997397097512,0
-3.47589951375541,8.218221990477687,0
-6.258693795537279,-5.670578192139678,0
6.243744903495967,2.652551056952638,0
-7.700466150001562,-6.439352838837182,0
5.571544803096196,2.368543365126398,0
-6.838241428844156,-7.032487090547123,0
-4.783465915100319,-7.358805974283892,0
-7.091537784628751,-7.58995225272067,0
-7.233836952816719,-6.963290253380356,0
6.114991200537957,1.7797420553595265,0
3.5806671278551994,1.4729086673540563,0
-6.985152129922224,-7.148142180603557,0
-7.480074156739945,-6.507342368999544,0
-3.1445600118783794,7.82461946910796,0
-2.5279063794986474,8.625767675109437,0
-7.689387732751203,-7.685511263341527,0
5.466717466937216,1.869160456216037,0
-6.313449800381098,-5.913226176520203,0
-8.656890989840917,-6.404098793210321,0
-6.330748675630937,-7.274200072256524,0
-7.527759625039048,-8.79175180419499,0
-6.059019715242599,-7.854277021448169,0
-5.118999156526778,-7.720544355945654,0
-6.832522493391957,-4.457003462662392,0
-2.6009036471978764,8.126516616659782,0
-3.549391342868648,10.959481202475255,0
4.053184247466229,1.2220024643168532,0
-3.490523559570215,7.609469184270814,0
-1.5899686884775468,8.346142042659327,0
-3.189222344631241,9.246539825359324,0
-7.21989686910544,-4.933411130910384,0
-3.7028344548092305,9.933440301808323,0
-9.310748355122898,-5.792169340007394,0
-7.567709317731588,-7.078711748629431,0
-2.8443354042242017,9.356623962687943,0
5.212350248007837,2.6241353627201733,0
5.427155129351015,2.4327451722517974,0
6.197039725926761,2.1601774054154523,0
-5.954800978774533,-5.732588976643704,0
2.667789809584283,2.261198052246221,0
-2.47119414488455,9.134317454916582,0
3.8149181496368607,0.7723506841056915,0
-2.8810555053314157,8.28582450651798,0
5.512944902560201,2.582154130433167,0
-1.7964855941914188,7.131135920139737,0
-4.254321610882359,-7.048881532713856,0
-3.1829877287122263,9.971823291478088,0
-3.159840192174577,8.527160744433626,0
-7.784027693482139,-7.695897318444519,0
-6.202789537040263,-7.96121894110006,0
-3.312872191022481,10.65340293364239,0
5.298510789018611,2.2053641885830597,0
-0.9860735457830929,9.55319617188298,0
-9.506311947149882,-7.043065904081788,0
-6.823887417824902,-6.215346503551584,0
5.020705254573355,3.3158915452919175,0
-2.7653773755481303,8.772788682327542,0
5.5467129826010275,0.521334938772297,0
4.8110659799737645,0.8302271375575165,0
3.188652537326943,1.0489012813456604,0
-0.22754578651390744,8.396644451264624,0
4.365235086861804,1.5159511446215361,0
5.22371591776716,1.5379214869355637,0
1.2642997360505013,1.523519490097918,0
-6.053674982225324,-6.13709989922587,0
-3.631919644615049,9.396695874382372,0
-7.540074559158853,-7.659565794528179,0
2.8101970210200182,2.58913668998757,0
-7.496911760406489,-7.49909304416207,0
4.180137441165062,1.634081389413905,0
-2.201395854160691,7.304117735541696,0
-2.0995615043687565,9.371258887465247,0
2.836128352135605,2.304640580271627,0
-2.089103132600909,9.621136721413993,0
-4.240398926497676,10.509224355651558,0
5.669483197647795,3.9556401341096596,0
4.897132257339603,1.6286924751882794,0
-4.091420789799228,9.064513827364001,0
-3.988109191826879,9.197646047977477,0
-8.743897028407742,-4.635427337845691,0
-4.828117727065688,-5.5734925239808994,0
-3.854212106983419,8.153236456032745,0
-5.671352450499131,-7.355433010958135,0
-8.625596223626252,-7.062351417454486,0
-1.8576756317132443,7.876600457773505,0
-2.328134880281668,10.317564165514385,0
-2.6859717861685324,7.465667829334575,0
-6.917513892173112,-6.05914245396295,0
-1.9709015440031172,10.086793465508123,0
5.5952674074079525,0.7756373726755699,0
-2.9624460320757637,10.466753662669067,0
-2.9792397708122516,9.28016435785037,0
-2.0644238152211556,8.188632445396179,0
4.700664208729404,3.899455538796125,0
4.858597102369589,1.8063549432423387,0
4.0402388414068975,2.3851226830025416,0
-2.679583388440946,8.201462537861756,0
-2.3148133214754143,8.661119835387634,0
-7.634661187061768,-4.983505524702018,0
-5.330709237733067,-5.393950356257415,0
3.4217027694207824,2.3694893659485947,0
4.377933829803747,-0.36289992108053104,0
-2.62152567274358,8.793316528665098,0
-8.014639289337339,-6.3856120614956255,0
-6.3422617662164456,-6.207389105415806,0
-6.715675710256459,-6.469649371373869,0
4.575541188848935,1.517997899986968,0
-6.401813038230615,-5.403187571061247,0
-7.368073282489921,-7.758510070615248,0
4.805370400361242,2.9393093448017806,0
-3.0614206673337216,9.647217945953832,0
-8.131325239671412,-6.858504045684262,0
-5.261558709985231,-4.886726092693532,0
-3.2395642547698866,9.230744717780297,0
-2.0083660320485386,8.13581232685626,0
-3.2262137721806865,7.729701862498352,0
5.697306123342237,1.8923541107771744,0
-5.563379893989996,-5.184746099096011,0
-0.5857518282277969,8.239671158179739,0
-3.783038295008721,-6.85154383049836,0
-6.125541386112772,-7.038429205871325,0
-1.6400430305558538,8.55874660217445,0
-3.2893967521702128,10.344861032237361,0
-0.18986808307105596,9.407603967592694,0
-1.9629133750490506,9.02070839800926,0
3.8735262269630852,1.8943812838604321,0
2.303948139173005,2.4022092515082805,0
-7.536397549502986,-5.203920085773931,0
-5.134014679426862,11.563295836916044,0
6.60863614566206,2.912905165687836,0
-6.921085153481056,-8.017709798240181,0
-2.7890079654297564,8.04974833328813,0
-5.686384916009839,-7.161322055564235,0
-6.000319898442294,-6.840800394532481,0
-8.897861302582466,-5.557491752015174,0
-4.352616772822665,-7.238935964219496,0
5.286783359484668,1.2887292818545495,0
-8.19882224391907,-8.811561882372168,0
5.049564179974651,1.3761760955197997,0
5.520941023608767,2.513759225752973,0
4.4663344186667135,2.3889724096611773,0
-3.5030602978876035,9.434477671093314,0
-2.5709618229128792,9.493727646284386,0
-6.524809072972877,-6.289747385161001,0
-3.3560485891781147,10.263905033494988,0
-3.320091559253,9.381100171483764,0
-7.0425393845275055,-7.513898239053747,0
-3.214209478811159,8.958517050540616,0
4.180273537470621,0.9099109974094539,0
-3.907003101477047,10.216862633423549,0
-7.466439906754352,-8.08399522764893,0
-2.908663113525603,9.143473601530031,0
-2.210444714687064,8.262495078103138,0
3.8656089138240466,1.749503112137288,0
-2.771857143368918,8.677899182787185,0
3.8333692072025194,1.5139492859514914,0
-3.110324175721597,10.180202648453545,0
-2.4743096759633416,7.638775238629579,0
-2.5270926000611,8.037886079534523,0
6.148189584975652,0.9728991611639437,0
4.411094492308719,2.140861218800293,0
-0.7766826235676583,11.245586274390954,0
4.184411779978361,2.2181267771127358,0
3.7754485225545635,2.6659454536489697,0
-7.4914560078911725,-7.692490947965985,0
-1.5338851645747713,9.529914216642277,0
4.637640719753921,0.9057357509802326,0
-6.6036413417307305,-4.792837431482319,0
2.657914350489388,0.4739884819830338,0
-5.688927573596265,-6.6834718515257014,0
4.9894941672564865,2.1066691030021034,0
6.775465566305467,2.2552039031500746,0
-6.2875242079487785,-6.257098563978198,0
-5.128942727142494,9.836188632573545,0
3.7934805304504136,3.7172728684067105,0
4.72115600381917,3.1520131279663754,0
-7.258611265209462,-6.070330320714522,0
4.419089686436047,1.5676663173866443,0
-5.9800284531718635,-5.964937442557324,0
2.6499325664069766,2.305546517460342,0
-3.001154527922233,10.34234301718529,0
-4.896253591728696,-6.648581113058428,0
4.911562420728132,3.5639654261119844,0
-2.8723292698698284,9.868688129319041,0
-2.3314966221194964,7.678941769488221,0
-5.225991975121412,-7.414860397866861,0
-7.670337810639837,-8.335583068893262,0
3.301155130092528,1.087501499934316,0
-3.7188923658938577,9.614214858194526,0
2.3942929386629386,2.1685729052240523,0
-1.7258071137701547,8.762747242153825,0
-7.917766476162708,-7.587220674569156,0
-8.018913350361538,-5.179138073859447,0
-4.019238835038003,8.793747899041785,0
0.05088691521604449,8.91822622847367,0
-1.5901211400649817,8.72401158400967,0
5.258286051972236,1.2457157592176138,0
-0.20555887094796121,7.534841905058597,0
-6.172651726680671,-6.630384106222349,0
-4.1702810386199225,9.517538192947827,0
-1.3026886565443934,8.197350457211085,0
4.552325289774662,1.74009249188991,0
5.162399602670491,1.3200322940107911,0
-3.847803422775999,9.707204751229932,0
-7.9717471008736664,-8.353255469922477,0
-6.608044990997678,-5.870814637496137,0
-6.810865440306487,-5.825926428638639,0
-4.340879870258776,7.962976216558977,0
-6.869139208477395,-8.280166130439326,0
-7.076735179088665,-6.122043887101978,0
-5.368895539612057,-6.615285350811169,0
5.518892990785108,1.0266788879523039,0
-8.11112676837287,-5.797484672273736,0
-3.1187098252120333,8.827314825212875,0
-7.470067961354545,-6.8608502842447345,0
-2.2531678887388744,9.996977112143835,0
3.3769158993607786,0.06201035868024429,0
-7.917422664169454,-5.403365922487656,0
3.7993858507214098,2.6604081343360204,0
3.550365427954646,0.5385888230363831,0
-5.690343737711627,-5.546670427242981,0
-5.876313878336369,-5.614586671857406,0
5.4210541725157,1.7577813950806553,0
-4.778640001338159,-8.639396613316524,0
-2.1928393015166057,8.129037442074099,0
3.5594715069496,0.7957531786914434,0
-6.129157329216175,-6.933161585201053,0
-7.438443482888065,-6.211145111557764,0
5.218807484799337,2.433212007801198,0
-4.662540542923995,10.111438839952017,0
3.814781536282577,2.019630957094922,0
-7.408078189051661,-7.860423339226544,0
-2.671901324621842,8.143093098190691,0
-2.923824523624613,8.019112168299085,0
5.423539310454809,2.415505943916929,0
6.2409531423924935,2.8650102635355448,0
4.246496538483444,1.2107517333378177,0
2.8744912491981274,3.7141111705377226,0
-7.489776936731415,-6.932721466632322,0
4.3715100370907205,2.054461108983213,0
-2.442206905827878,9.530225345902421,0
-7.2084580177385105,-5.84531046274971,0
-7.045468096813273,-7.23980225897677,0
-3.5076384759294683,10.637542818726375,0
-7.853687348069492,-8.831852202286395,0
-7.035436273333176,-7.203463262714662,0
2.652568606501673,1.1015792128723039,0
-2.8744386005425966,7.3431163557042565,0
5.546422993338065,2.0454217321786476,0
-2.690646692300267,8.907949125667006,0
-3.460108352739982,9.332807132997196,0
-1.734042129017967,9.56732621405068,0
-2.709836921878182,9.381796538738923,0
-7.103566615464544,-6.960192591525039,0
-7.394043952807798,-5.969617461332251,0
-2.406280232529513,6.700242062198216,0
-8.84298583441679,-7.45541820167774,0
-6.7376377405756775,-5.623231561601025,0
-5.371919491837906,-7.288781938981988,0
-2.8244668676930957,9.773255348691588,0
4.1077349460549994,1.5846014634495291,0
4.672143646999354,1.079336463301642,0
5.173203866842449,1.6231996035894432,0
7.081134681493442,2.5826795801531723,0
4.582042223850507,3.100957711052378,0
4.89188259743003,2.5722538692355545,0
4.101934869894961,1.790268116516805,0
-6.354834615649948,-7.758608384245451,0
-2.22922899673293,7.888797080899945,0
-3.299672078498062,9.485754485334317,0
-2.962834010644433,10.740512673833955,0
-1.7938163076115061,9.732471853906256,0
-0.9550372023379761,9.868262104750546,0
6.6340025769625415,2.189724422318938,0
6.5100175290494064,1.4739676856648019,0
-2.0582349882762734,10.021016199425386,0
-6.597692887946108,-6.423611558025301,0
-7.801651516328452,-7.595935507150696,0
-7.03685390804239,-5.94329527635328,0
-3.55610860573469,9.550938880725608,0
-7.1424762573116425,-5.406372015199778,0
5.263114732866919,3.6102914739424374,0
4.859187749360156,2.008465074685948,0
-2.5623182760702954,10.237855010616949,0
-6.76959236721842,-5.245061922656488,0
-3.5177523071289585,7.051660436525743,0
-7.646496716269182,-8.665053562467804,0
3.7125058305321676,3.2616033064441208,0
-2.66703513289301,9.322578191837142,0
-1.9990732618026752,8.36492130858444,0
6.055083362929925,3.8149852933273394,0
-8.452840130712977,-8.000194725801482,0
6.67708947594646,2.120246511386706,0
4.887359383868206,1.9635052626273848,0
-8.46785428985909,-7.748941081165657,0
-7.923814370015293,-6.032180839920665,0
-9.365793758872627,-5.760052955376164,0
-1.9922511073043792,8.792772865246198,0
-5.594647476389102,-7.036035690758855,0
-0.48559140382311083,9.02108597275832,0
-6.378378104344067,-6.343621866154617,0
-6.831738408476055,-7.161797914065076,0
-3.0983097558338772,8.078689829435895,0
-2.1779341916491863,9.98983125532068,0
6.094705010374752,0.3367666647342471,0
-6.735889753330413,-7.297933112085328,0
6.075735300313999,2.257736474415258,0
-7.997213233774595,-5.332468819680676,0
-4.530996263014698,8.913005409496789,0
-1.109842186466748,9.93891981111109,0
-2.4038221169067904,7.680260633280117,0
-6.639830357409282,-5.77648268283116,0
-2.1775499559269873,7.9671285595080565,0
4.688973567533773,0.6214621519160854,0
4.183181221204855,2.3121631977501518,0
-6.982755253502646,-7.399135312194095,0
-6.225734580880246,-8.407230388611703,0
4.629322401347248,2.9093232780689426,0
3.7116588688800833,3.216597962043657,0
-2.2017909252436496,9.830023340737618,0
-2.78919092492723,7.735255391978535,0
4.605314596384298,2.8788872844380973,0
-7.1219152893296584,-7.469868833943082,0
-6.920907964543641,-5.164991375097166,0
-6.328190652975724,-6.15428844523715,0
-7.468318890620544,-7.393909345983982,0
-1.827128132990119,9.140464031860288,0
-5.643007449008294,-7.342754335157245,0
-4.065779521712502,8.586170967232409,0
-5.85092847526137,-7.801827429757862,0
-6.265521385861586,-7.239950054056335,0
-1.9941499367467022,12.867017618853042,0
-2.554709868353992,8.590049794800278,0
-6.077987474247578,-6.236375592083837,0
6.0737633044243715,1.277488939774217,0
-5.880900621068172,-7.790308299503858,0
-1.663394750489822,9.528348680623097,0
-2.7940345607949517,8.908092038158568,0
4.1354561529309315,0.4532768843217472,0
5.1421135565800755,0.3508490706469667,0
-6.700695462213109,-6.9495756448885215,0
5.490861514734867,2.730473907715479,0
6.005439206660279,1.9266731028141741,0
-4.546591629039803,-6.476169177207642,0
-6.4151597214277105,-5.729972789596331,0
-1.9156409007718884,6.073897493534041,0
-6.436873869842166,-6.838191553037321,0
-3.631742429297164,8.096783307184058,0
-8.507881238866444,-8.649619829628419,0
-1.4915361562092477,9.28578143902397,0
-6.696172964679038,-6.260760297841248,0
4.846556464767217,1.8438722269052241,0
3.5229379521257376,0.925394737801633,0
3.5511854257517594,2.5346423137668648,0
2.766873005297481,4.017651241140676,0
4.011729436472459,3.2595518209362657,0
5.942807258173913,1.3081377936368068,0
-6.825286897009395,-6.117151336561975,0
-6.836602706136143,-5.812641742205261,0
-2.85562412905965,7.402718769095493,0
5.217141203429021,0.5222567553467194,0
-7.966038144506888,-6.388551673873359,0
2.525185237154366,1.549268611608136,0
5.2081522133808855,3.05955039514657,0
-6.698168184208731,-8.652137421699988,0
-2.52771075904514,8.725627489278184,0
-3.8589706924339815,10.782455421258105,0
-5.883672262924864,-6.143882148110819,0
-3.6015103877253294,8.69787767850352,0
-6.877971335529319,-6.528084764486666,0
-2.6923480941060447,8.65761299401845,0
5.8181316837761035,2.3813055967190886,0
5.514618457808359,1.6650220544875944,0
-3.5411639068999294,8.574026923811921,0
6.515104224711489,2.077683720016553,0
-2.8519121395795195,8.212008858976702,0
5.74257088230248,2.1509994836461663,0
6.305131070172797,1.7944627993772362,0
-2.548504910680381,8.879789343796588,0
5.297199931347641,2.2874371057419154,0
-6.9321813530714635,-5.726781829879058,0
4.439662169736446,2.656584357500763,0
-5.55722286633954,-8.67946627449242,0
-6.792932619665736,-6.137114182336795,0
3.967485251901599,2.309669472761633,0
-1.8989814534635276,9.171259089166755,0
6.487745831930204,3.1636993276584087,0
-1.58932610709832,10.03320936828822,0
5.226936370822637,1.9797183417452713,0
-3.4549436837495313,9.62253231988329,0
4.000893782161424,0.8929026241600393,0
-2.4408260570850913,7.267819402619288,0
5.117916651420384,0.5335615531419047,0
-2.840506006236073,8.402049393690572,0
-3.089250864422793,9.253690628733699,0
-7.083510660131124,-6.164192452790381,0
-8.83471330506942,-7.797725582382279,0
-5.760714919444096,-4.658906199003986,0
-6.400116628209966,-6.340454818930876,0
5.202733316685232,1.835428623552805,0
5.189005511786466,1.4431767522372567,0
-5.792868214124705,-6.208849927198592,0
2.7452976857557987,1.8131310103613876,0
-6.16319698749387,-5.724376881155054,0
-6.479847273534419,-7.560876039854973,0
4.935103594573344,1.2937246990229827,0
-2.5184861846205657,9.32126720088456,0
-2.9013057761849077,7.550771180066203,0
-5.429286932392208,-8.00226015476236,0
-5.132637492975774,-7.44917098412252,0
-5.943289810321939,-7.3510994035399495,0
-6.706735506363578,-4.9845348200473865,0
-5.823585584692715,-8.389661215745901,0
-1.9137067254134927,8.42439137173543,0
-6.303434440822848,-5.480206152106389,0
-4.005726878142829,8.364262193791424,0
-7.4311545912529,-6.827170125041145,0
-2.6951221040015207,7.41489136600401,0
-0.12748409132020422,9.841522235855745,0
4.27996774266143,4.004328397013963,0
-6.800424262461626,-7.831217640018411,0
-3.0268901959219647,8.926194884169249,0
-1.4687667304079113,7.059237357880039,0
-3.0970539279607503,9.244896976964537,0
-1.9880751946734119,9.659501714148378,0
-9.13635229644069,-5.273090585026665,0
-5.216584931555152,-6.34038591353764,0
-0.1844987087293326,8.485339365473623,0
-0.6957899245373271,8.671407266640758,0
4.995217031818238,0.16390196935247392,0
-6.519047175264968,-5.483166137043126,0
-8.22451397193247,-9.022829439674492,0
-8.015224456676794,-6.4748695677268016,0
-7.703488501774356,-7.231622970034845,0
4.2478310535609864,2.0014899476184964,0
5.700678908034049,2.8727310606790395,0
-6.417374861858222,-5.833230560952659,0
-2.0231613336351133,7.466982139259956,0
-1.752408943065768,9.626754922211925,0
-2.9738149203511433,9.21544578407116,0
-3.711347149128839,8.618605416442058,0
4.824647486477125,1.7252536581977231,0
-3.4748624265759585,10.643452493099266,0
3.213229625417754,2.4722801907396734,0
-6.420465875172712,-7.980252009546982,0
-6.123033072644838,-7.084894850881683,0
-7.842295725560295,-7.513749459186524,0
-7.731598436201244,-6.583909149921109,0
4.847798903612059,2.9591180672554533,0
4.813076478936849,0.1475545053760856,0
4.5814487172306135,2.7995730012712565,0
-2.5580948065268556,7.609096281394747,0
4.412936370090177,2.3731696895542984,0
4.419150079269735,0.6404912429155283,0
-2.900955772096572,8.091875943699819,0
-3.746624261275323,9.12369460003129,0
-6.60263286003217,-5.176382438578709,0
-3.341553196156979,9.485701684584726,0
-1.8589964450940892,8.915110264418939,0
-5.34222791319549,10.373475622362346,0
5.984564009458716,2.6245006359359357,0
5.670128530197668,1.5931328376513783,0
5.851306339860532,1.4677224742872048,0
-0.36525353372742453,9.648205150516333,0
-3.650886737186255,8.820626668918603,0
-7.5832636352605,-6.1378996308494465,0
-5.753947259027808,-6.637006534947532,0
-5.803693068450471,-6.734350953948289,0
-1.9869469870349716,8.916370881755418,0
-3.0260445062265786,9.633319074786854,0
4.143672960486594,2.0201059823559597,0
-5.367392280485672,-6.917050779743445,0
-2.3889019913408513,9.52872496225707,0
5.826956514969857,1.0083799463110465,0
-2.3525038948062256,10.037816772383666,0
-8.13918992002101,-6.522916714281008,0
-7.2276167407468535,-9.132643108059597,0
5.295995038088372,2.7423849611697815,0
-2.6819993604492147,9.786206283034996,0
6.332191855332977,1.7134485128641996,0
4.526290722607051,1.5905858412182985,0
-1.8368082854413679,9.180941945558166,0
4.842262206826796,0.41621859723425403,0
-7.719424598499971,-7.391214805604732,0
-0.9354634064976439,9.470974138928721,0
4.181853653213545,2.4485046093682232,0
4.857597037315268,1.1485193436500445,0
2.6753427981251767,0.4920239593190163,0
-3.625722063001409,10.25009774820526,0
-5.368344067040528,-8.192770154075225,0
5.198602673172587,1.8166923078175734,0
-7.400716153282186,-6.266573464090758,0
-8.215454036301791,-5.032449590333497,0
4.21406083786155,0.31602609880842736,0
-4.596224641654819,8.429668397541121,0
-3.4306486464816714,8.44889315791292,0
3.417128557489926,1.0575373875822722,0
-1.988441502694039,8.686479668321798,0
-0.011782496632896322,9.060292514934662,0
4.330368950300872,2.1651739209094085,0
-2.4019896610126166,8.69543977270359,0
-3.5604176528352527,6.482516811947508,0
3.5686839783591155,3.306380245320776,0
-2.9883718608980403,8.828627151534505,0
5.482392732683106,2.7281284500826963,0
-1.977191424230807,9.375947189445338,0
4.372561813060292,2.4215829334198418,0
-3.7736960300077156,7.221179675663745,0
-3.2309351763900036,9.19110700033772,0
-7.663468930235954,-7.234789953206705,0
5.119942454132206,3.3563641992700752,0
-1.0057993212855996,9.891648418773993,0
4.929916639282003,2.36716025611574,0
5.939866208490235,2.9334748520274,0
3.6510064885925173,1.4822967890471663,0
-7.330411684244735,-4.793845492467865,0
5.26340463505396,3.7785865303605126,0
5.238875177912366,2.8265186612808786,0
4.996546443477948,4.210140761002362,0
-4.545418125908687,9.061779596449965,0
-7.167657930590491,-5.497052194694342,0
6.573238583942459,2.2299204826025196,0
-3.449165452202817,9.49093716899888,0
-6.427003161171149,-6.6907755570957805,0
-6.55578792482382,-7.876638009894506,0
4.204801594651785,1.6614937981754978,0
-4.872130058594589,8.004555423488384,0
-2.665095800989418,8.46599883170772,0
-1.2275538280489815,9.571977188923446,0
6.1552926515763104,3.1196568426737703,0
-7.6052947940342905,-6.9173274519397205,0
-2.337358283259219,9.567537348183105,0
-5.496203112595295,-6.406913010050721,0
-2.000589249819308,8.58397680824368,0
-6.633279238202771,-7.588295754635529,0
-2.9745080798328036,8.908337773894186,0
-6.615761170248325,-7.27478930193645,0
-2.4455485615562327,8.642507116674834,0
6.215754645730071,1.9253704335559423,0
-2.5346917516379497,8.797127321061465,0
-1.4572500053298316,8.016225500883909,0
4.521897741620723,0.8161732282763681,0
-7.056302283859512,-6.083173667617351,0
-4.699119328031303,10.208878348712052,0
-2.3701689360996245,8.96916323787427,0
-1.621693655638691,9.7751327825098,0
-7.566981625509563,-5.78187378975252,0
3.001633177133568,1.713572962131462,0
-3.8602719892607715,7.691828171454752,0
4.160353841596318,3.602488201382344,0
-4.967449143488317,-7.81752338171226,0
-1.895030923009325,9.771793838245626,0
-7.469683864679327,-8.35997449878476,0
-6.84751173571895,-5.792502608076993,0
4.06141910735177,1.895675384047744,0
-3.321743393174736,11.119583557656634,0
4.00983040487976,1.239007817819718,0
4.760669068729212,1.2231470023750148,0
-2.114617637568531,8.588530523546732,0
-5.767478128344672,-6.023204322770846,0
-2.545787597395681,9.673936126280692,0
4.368148796358393,0.10343802198574092,0
-2.3281760643490435,7.717454180242475,0
-7.029975557437537,-7.488932755699311,0
4.621744592720019,2.266454112945584,0
5.15627550401468,0.728118460436737,0
-6.269187191834421,-7.20950604923849,0
-3.272456779595267,7.209404027533802,0
-2.2072367228809853,8.466878605431448,0
-6.824230279367936,-6.445061221635502,0
-6.883104400853206,-6.3742452351597905,0
-7.104182232741923,-7.938560082696984,0
3.7802653223496474,1.0826008733497177,0
-2.23677622639914,9.431751218019617,0
-5.9785154100890985,-7.491877455468666,0
4.239821402345576,1.918068234208411,0
-5.4477381273767564,-7.339114053498856,0
-6.917796778117698,-6.111992640845252,0
5.303152217492579,4.575649558815045,0
-1.864679131407459,9.942531819542646,0
5.095525746316696,1.1799484867336976,0
-4.761897188142705,-8.104666533501037,0
-6.195766077219278,-8.16657908684536,0
4.106885116802148,2.6130726410928165,0
-7.697564481577753,-6.7396006889903415,0
4.310989339557292,2.6924972857701706,0
-6.269493646063336,-6.537990173166289,0
4.797972734804888,2.006613151913883,0
-6.967887421286312,-7.083869106770367,0
-6.462968130602676,-7.265668573238432,0
5.347336547092483,2.750101376295561,0
4.31925435992129,1.3656487740200216,0
5.250113841922097,2.447911788780623,0
-2.611192339688682,8.171853498071995,0
3.3074304883335355,3.1443373166468787,0
4.453305583172737,4.1443625450032275,0
-2.1712420689077248,8.422045283385508,0
2.9679063644355494,1.5004774062171604,0
5.43480195010366,3.3223047890541615,0
3.3602309878788583,0.8489695869937539,0
3.690926008459423,1.066266809218671,0
4.357638244304873,3.0239439744128456,0
2.676589688389127,2.433994549344597,0
-5.227988242465391,-7.000381532601713,0
4.441805206078741,3.273795084996691,0
-4.203453519047828,10.02089266923095,0
-2.803440128689208,10.370869514026303,0
4.32867054705442,0.8821229667466575,0
-5.594710406276187,-7.353992463061665,0
-2.6238384585591428,9.278554399843959,0
-7.256402660889125,-8.355060272986284,0
-7.120025666839681,-6.112265898607835,0
4.9249135783274625,1.6667742568542123,0
5.593055090557455,2.762244885340642,0
1.9365307891207442,2.3125254966969524,0
-7.499891487818949,-6.586362241601948,0
-5.669561257975677,-7.186490957438304,0
-3.0239802979674923,9.257816332384666,0
5.396934838047518,2.663109960836819,0
-2.128999772046787,9.624871873482144,0
-8.26422381587862,-4.940418150547562,0
5.079364884236613,1.874859836486356,0
-2.9551413369139103,9.127426585251344,0
5.090034470174749,1.8688112345026455,0
-3.1610337308549092,9.061684799514735,0
5.231680027373117,3.2324533953769006,0
-2.6334834002151863,8.802901898380352,0
-3.314292804083259,9.202761889216424,0
-5.568146372190975,-8.021525385503166,0
-7.094129757975489,-6.328982989188991,0
3.288588433529667,1.6730408971125321,0
-4.445950325555215,8.25293085838938,0
-2.6793822455776786,8.561058078871046,0
-1.9591455240281983,8.045941673334687,0
-4.034853937622845,10.276870231625503,0
4.659999965808962,2.8648702650103073,0
-7.738103082323912,-7.395503391391367,0
-1.4190141520323034,8.266190063576675,0
-6.8456703059861015,-7.241543789626259,0
-2.5438825104395315,9.248500860734842,0
-7.8452768307585705,-7.069609169668076,0
4.91527507037131,2.8868813362833228,0
-1.8137951485024515,7.8732776184455835,0
-3.3091381297546842,7.1062839910750135,0
5.30709777553263,2.956905727844296,0
-6.317534929068652,-6.489937400395862,0
-0.7048495132660071,8.823382336471022,0
-6.191190671276601,-6.540326571136717,0
-4.143667031767782,-6.311339897936498,0
3.980855009568431,3.3018160954853757,0
5.655271164903325,0.8013383834682068,0
4.672021983192662,0.24739855912815867,0
3.518981862459942,0.26839393971268777,0
-7.344550205515991,-7.060762975321667,0
4.870338716855734,2.6461398899726496,0
-1.776557545837171,8.93356954808974,0
-6.497495915260466,-7.870807102812179,0
-5.612353544832889,-7.266346681987314,0
4.822049463940203,2.8650473185110066,0
5.708671157622394,0.6871699774242384,0
-6.618971036446068,-5.562568774258547,0
-7.217376223853205,-7.678295487172913,0
-6.570489003816472,-6.817958687190219,0
-1.6200437982649443,7.892535025342434,0
-6.142556520533598,-7.1790469902957765,0
6.121115427851696,2.732017449779528,0
-2.31013792747928,8.414069251039527,0
-3.5050130178429795,9.665422370021979,0
4.1837104887480425,2.4757444583121693,0
3.983844077987446,3.084801158081784,0
-6.758445039250592,-7.082762856098096,0
-4.136740060935913,9.062371074859703,0
-6.078022031424899,-7.625502925313676,0
-5.480529711887856,-6.25927964798608,0
-6.452643507289171,-7.534674534871677,0
-2.709550200846914,9.24612822033317,0
-5.682863966170832,-6.447989349292177,0
4.847367634080284,2.418847591022656,0
-2.368311376141546,7.24584676263547,0
-3.581940648792557,9.253532992309472,0
-2.679049980730481,10.651026090028962,0
-7.639889590854749,-6.010347535099655,0
4.921070854138377,3.8057309242967445,0
-2.4751141547935243,8.244312897139679,0
-6.00778262127718,-6.830812168058788,0
-7.5234992022596225,-5.768964378071484,0
-2.9841429342137062,8.360956895624609,0
-2.8067611264127423,10.389992941509941,0
3.9884362863644203,0.10646909713679009,0
-0.16012183635199273,8.298242691922482,0
-7.683895112600688,-6.715068956738207,0
-5.990687185558233,-6.5267157958169895,0
-6.839720496631509,-8.022900288272348,0
5.759566614781482,2.256222846199386,0
-2.1747591082042286,10.492358026554765,0
4.8453345232644045,1.197563079338341,0
5.049091414834648,1.547245084623166,0
4.769877062029697,0.9101334110870138,0
-7.07162846141269,-7.480313817861575,0
3.49793701706679,2.0330749407371704,0
5.702046283816761,1.6496547371562749,0
3.8012211987075166,1.2922608548050372,0
-6.375369946667119,-7.195301653199391,0
3.0868435583882805,0.5696110543770694,0
-5.765544755015831,-7.471755408618392,0
-6.692525653928997,-7.4184590507869235,0
-6.1446912168969545,-7.788450844983932,0
5.615079377912868,2.3424334615906366,0
-6.09365309228581,-6.291277641733999,0
5.635046501386707,2.910537098194412,0
-2.0678904713535045,8.281129931088325,0
3.6578593390171967,1.2864372883733806,0
4.393883497872401,2.419873294749876,0
-7.467967248458956,-5.972129835470813,0
-0.9807291966402185,9.522121884487944,0
5.147966550648888,0.38232382708203616,0
-1.5560725776766635,9.527371548295614,0
-7.5322251004827585,-4.562593362079092,0
5.250318656037594,1.937762244895381,0
-2.4115215245039185,8.241276344342856,0
2.421308870277002,4.391947463254196,0
-8.878232757706776,-7.711431002401563,0
-7.19412758450147,-6.64843965425722,0
3.8035402997318135,0.10672153117725669,0
-2.9090966851838873,9.283580880779056,0
-3.3984384512810744,9.969586686436074,0
3.73137632471591,2.577277139379776,0
-0.9048585147441539,8.729191871156308,0
5.682069413211119,2.206454725028604,0
4.546269812861735,1.982396676936201,0
-2.696341888057299,10.000016123878185,0
-7.876687518514532,-7.93736105529605,0
-2.7363036308336763,8.872528574170783,0
-3.4611160830749856,9.091766646717184,0
-5.396368306294679,-9.48568634896448,0
-2.0803811227221773,9.707391735461465,0
5.37553397986947,2.89907386066845,0
3.215920724030495,2.15169885366121,0
-7.909749296448045,-8.059050995383325,0
-0.7244225838676552,9.027736492817615,0
-6.882542342566064,-7.677931714718726,0
4.276566827839556,2.26974236063504,0
3.9367223739722874,0.43977759502200153,0
-7.555195719742486,-6.172622386070585,0
-2.696069267214109,8.574555069924147,0
-6.98796107439586,-7.414963916062647,0
4.677453695563967,1.6584788551526395,0
-6.917368987359871,-6.494152857017314,0
6.384740242851595,4.378007226194705,0
-9.10796963110105,-6.504362711556288,0
3.7841362562765943,0.7872480847538761,0
-6.450899197857202,-7.084416801876112,0
-1.4214871968948841,9.70590470331971,0
-7.738704507516527,-6.852621959915134,0
-7.007135170060423,-7.324036087710838,0
-6.175831307400451,-7.2479728869724305,0
-1.534077889634999,8.867228746696183,0
-3.0406521744119654,7.4464267028328655,0
-2.9265644366578347,8.719196213960416,0
3.993350356751587,2.8199407929489766,0
-2.957158961502725,7.799479992309678,0
-3.490706274100701,9.476389602461593,0
-6.944436444712401,-6.674924702539763,0
-5.050652434896917,-4.647763560090208,0
-1.4674729589938988,9.597830431210209,0
3.889468708473445,-0.18886261598670684,0
-5.281952194446287,-6.0227874013697695,0
3.8692608861027624,3.4938097799577763,0
4.637509920095293,1.4295627878476793,0
-5.594140241442284,-8.084923934213402,0
-4.398976273639127,-7.377072726196448,0
5.053250865358497,2.0277814668508025,0
-2.7880810172035067,9.859444099382642,0
-6.712659567817107,-5.41942926114681,0
4.117357906818464,0.5220656974739935,0
4.917861276447024,1.1256957933756673,0
-6.491352936224836,-3.9002550765387998,0
-1.8182866656605574,8.56947929002783,0
-8.288531095576674,-7.927293948524175,0
4.64307682684339,1.4483102236162972,0
-3.035729310148793,8.490710139791739,0
-0.7610605539319149,10.054347948100897,0
-2.888325364040237,8.81070576809596,0
-2.149458647925962,8.51565223240987,0
3.782145659623082,1.5883776603366613,0
-3.2791936892502074,7.718169463948427,0
-7.875672131321162,-5.657915413169151,0
-1.4465403322652237,8.638652462432786,0
-2.4221811426603637,7.9781425562231245,0
-7.885183162335018,-7.247132011907573,0
2.5158517603492503,1.2831570841261468,0
4.873743937237348,3.138160566504655,0
4.655787494627733,2.153665740018813,0
6.390804778155244,1.9416511706126278,0
-7.19869011093597,-7.794763328601676,0
-2.167981780560717,10.514560737199309,0
4.3167111705256165,2.241982040352886,0
-3.106707817744392,10.43665598989683,0
-7.596910164166939,-6.2198508865693976,0
-7.589546324103335,-5.788054181837145,0
-7.682969166441746,-5.049641118277172,0
4.340363798680624,0.737466661891323,0
-4.420514514715254,9.107265374727731,0
-7.30822942809998,-5.811404613141329,0
-2.431829315405132,8.153001926870058,0
-2.2421473571834913,9.90391692382176,0
-3.184375898027132,8.869767457482803,0
5.348145055885501,2.7488449835564213,0
3.609792781323671,4.4189392530544165,0
6.985502998124542,0.5730984495389932,0
-7.479276702602202,-6.449369659294096,0
5.1356444092436115,2.6175581374789143,0
-3.528892942761607,9.220647899523772,0
-6.510709988243024,-6.8684578855907015,0
3.9949503759058036,2.7664321798957627,0
-1.7113469216706112,7.140844824243705,0
-2.0533098509711425,11.179288473099405,0
-6.052975393718839,-8.315478420322837,0
4.513214808880438,1.4220534439001034,0
4.757467466115304,2.1245770800127506,0
-3.0597344725443336,7.793573702284163,0
-7.398252192415653,-6.3631092907620115,0
4.831003070064494,0.8234622110433263,0
-5.770527725674551,-6.984881604957481,0
-6.176133668440098,-5.885699312058317,0
3.806737312899135,3.039133403672558,0
-3.502556322634701,7.998407301208343,0
-5.519855297822956,-6.924818350035532,0
4.2075776504185605,2.2049006259711246,0
-6.650777983055363,-5.5281522878774885,0
-3.356831551671835,8.36219723960526,0
6.220218607051071,2.8897372977184332,0
4.024934733712058,1.1480037841951942,0
5.195621014270994,4.027262125376707,0
-1.4021169537657774,8.893904964244724,0
-6.3193462974723165,-8.866400205146368,0
-6.269718068496626,-7.024597434720376,0
5.837057367690014,1.2021275267995275,0
-7.845202197361109,-6.987236810446623,0
3.6518760182251606,1.8259769331727205,0
-6.74926998849416,-6.795221351749279,0
-7.293632426289674,-7.804801823799479,0
5.0385916380184455,1.6031472181034876,0
-2.2753495972631517,10.049729544615266,0
-0.9790024241893989,9.679213290500062,0
5.746335988522746,1.7273213664967486,0
-7.330295368719278,-4.620507565533469,0
4.779530510443998,2.038194315129512,0
-2.00461580857536,9.640824491535264,0
-6.162747656331819,-8.772194518860871,0
5.634230356043525,2.8754410838841844,0
-6.466000813436935,-5.88998480638313,0
-7.729422194174215,-6.078981009363993,0
4.890507068331403,2.7817406908308486,0
-3.1763867078302557,8.281317229074563,0
-7.583460449220733,-5.994639010335852,0
-2.9898455645409916,11.553667750981184,0
-7.2841422757929655,-7.064984770470538,0
0.2460201206671515,8.708675514044518,0
-4.608553887471776,9.69750914298713,0
-3.538569131234822,7.661615842354787,0
-7.154459569208497,-6.509607582447855,0
-3.6601912004750528,9.389984146543993,0
5.337116882618414,1.625644741421874,0
3.972545455011621,-0.268746250568181,0
3.9765405127157996,0.5980202919004289,0
-4.672844466536169,-8.566639652966284,0
5.770405455765412,2.003976818938682,0
-4.502933265624206,9.388342698045893,0
-5.895330745954224,-8.270538599065755,0
6.1811999810294225,3.307167869817657,0
2.5784734122051964,2.40353232544723,0
-6.744344682598952,-8.327327372533905,0
3.9715206722372125,0.5786412460752555,0
-6.208601179762422,-6.549959643884008,0
-6.779578563373525,-7.082829622712617,0
-7.436092969001246,-6.362899377116986,0
-7.723223803682983,-7.10267466404736,0
-8.039162741601759,-7.1601338261977165,0
-3.064744402539617,9.218675159801299,0
-1.309118666625889,8.522383680692116,0
-2.5796964011118413,9.500787772024523,0
2.8889032618228736,1.7956778001664488,0
5.228016787570761,0.6625238996363594,0
-1.0380272955591416,8.804962451046455,0
-3.4977887302036677,7.91069681098255,0
-4.008213583511152,8.922441363863367,0
3.70528494132963,2.050755073427123,0
-6.913799072685597,-4.764338783712962,0
-2.246636294050825,9.207876039565866,0
-2.601154405657016,9.030311410493482,0
5.744356540065568,1.8460110870658477,0
4.4851885050935465,2.6870471280308696,0
-1.9717856202323696,9.656587363209498,0
2.460090174837856,1.9163328317337822,0
-1.2296789532925914,6.797467288844257,0
4.541877869444761,2.7830316688116072,0
-3.0217317336993004,8.21275853809378,0
-7.496926260909316,-6.181534112413927,0
5.503802386190547,2.742305463250765,0
2.2571164841550364,0.8718430551710221,0
-7.509494540288645,-6.783679213747442,0
3.685440209937138,2.480085404077043,0
-2.9258229286682127,8.951163115087073,0
-3.507504398343805,9.533079145650042,0
-3.098529854480112,8.555647492097236,0
-7.0271653792514215,-7.401975109827693,0
4.110111130305061,2.7780256221208117,0
2.8816699595726663,1.7220518492982912,0
-1.2757915467000807,9.006597132476951,0
6.200134365759032,0.021566771057845324,0
-3.177340671380517,9.20766558012248,0
-6.917345140916861,-6.123382590422518,0
4.3086395273497065,2.2524097851617317,0
-1.478914169020908,9.253075287224835,0
4.830102058072995,1.5935451872638982,0
-2.033609187124168,7.267390436852766,0
-1.68713746305826,10.911079110852269,0
-5.654988459936095,-7.263587612199833,0
-2.5230353691469873,8.324558354134147,0
-7.2208584121746915,-6.9438595149551245,0
4.854342103695653,1.876785047625835,0
4.280747208119227,0.6727194550188182,0
-6.00551310933341,-6.1446663070717875,0
6.044195118223054,2.2184055318349682,0
-8.576085345597741,-8.178913147327808,0
5.436309202870212,3.6371559637488318,0
5.956054917758124,1.7746004970597715,0
4.313265055566889,3.958550079201025,0
5.986450498838398,3.4168400031069703,0
4.402071798802162,2.439600971353049,0
-6.601241495830387,-5.7677827688856835,0
-3.3016175440527116,8.70632459855928,0
5.699444408851498,1.4178891870354025,0
-7.660432142730263,-7.368383317972635,0
3.757918071960927,0.5304548979380195,0
-5.319885243867306,-8.027175192995024,0
-1.5307755110247152,9.536428674132257,0
-2.912485414963689,9.098813111982645,0
-6.8627209955611574,-6.525336724647938,0
3.7014117304870164,1.4267620644770589,0
-2.661165005368789,10.074429946869591,0
3.6413084497456616,0.5811863971436559,0
5.492894024471599,1.695049819574398,0
4.6347722042008765,2.3719334483655463,0
-1.7181656760097033,8.104898673403582,0
-2.4678719907821316,9.457288258645697,0
4.460248463502586,2.752300309529084,0
-6.768559717955638,-8.615843530223573,0
-6.161295647957024,-6.981307220593479,0
4.424091709899882,0.795408225949374,0
-2.5072207782969396,10.547159483834633,0
4.436710307243422,1.8125163975746577,0
-6.794149940802972,-7.0691675141283215,0
4.1212408387435255,3.691533679704608,0
5.529735788013596,2.3939362464593184,0
-3.485070876030083,10.067927924806161,0
3.755955886399756,2.1162546209687263,0
-3.0734452217101387,9.198837431395358,0
-6.700103889613809,-5.0311709747140885,0
4.387525354237211,2.556881103764682,0
-6.368951053292463,-5.941200761236389,0
5.053026312180724,1.739961185734338,0
4.732506424177025,3.2160322467990463,0
4.708085618830938,2.791161783198069,0
-6.840732674915026,-6.6687289386299815,0
-6.7359963571630725,-8.03890265970055,0
-7.6306505825417945,-6.2604529015127985,0
-2.9974714655042947,9.64761295426956,0
-2.548752776909405,9.695786825570947,0
-1.965718244382657,9.214096561917035,0
6.54736950878137,0.9958055664570213,0
-7.209068295876104,-8.244142758115261,0
-6.828713495615798,-6.709708599213936,0
-2.6301457716605317,9.433818572105348,0
4.703262228865819,1.244779370699022,0
-1.5956129968195008,8.211107177517977,0
-4.813409558996717,8.653276904945752,0
-6.079962675803696,-7.467032198721041,0
-5.962260541673422,-8.397182630181579,0
-6.042417704422589,-6.156310176831526,0
-1.645669380531229,9.185755445788713,0
4.258641548955228,1.7660079948466918,0
-1.4338542210958525,9.224954593401433,0
-1.8532968465229893,9.209022322917097,0
-1.6346805489202276,8.364520901350055,0
-4.355770670857167,8.585631601281788,0
5.677060241877152,1.0626829804092108,0
-1.342827077383498,9.545261790162412,0
-7.174828444253967,-6.265562355625079,0
-8.76549180901548,-7.252671873846862,0
-7.09208591618554,-6.629679310274902,0
2.1309216577330257,1.2044032739022115,0
3.0662498141111167,2.3452511626081183,0
-2.848319902322789,9.384347243467277,0
-9.023594022773263,-6.777727394928294,0
-0.37616424839648355,7.062198328675819,0
-6.589815995584651,-6.602029997702419,0
4.917394695109992,2.293357538862605,0
4.099502497241047,1.1716857621097252,0
-2.494014680512317,8.03947955227548,0
4.3052749816978055,2.538802585827452,0
6.941553688278876,1.2100633304952564,0
4.6175702973156705,2.316724260980668,0
5.4316241102368235,1.401266834130808,0
-8.45263573380077,-6.817031917846706,0
-7.013780518143675,-7.752704119682099,0
-8.508836230231324,-6.53610948697091,0
3.789096087599948,1.2443794875633487,0
-8.326510157911974,-5.426475442400999,0
3.724401807137809,2.099628903001422,0
5.953953817752706,1.0244209886727318,0
-7.7357280185885005,-7.83481942696887,0
3.942336893752987,0.3543471119542916,0
-6.230022326038384,-8.587452546925547,0
7.169806585480053,0.979576680009284,0
4.194083522401284,1.4694473471112783,0
3.3244375291782555,3.28261378534338,0
5.2248323293145456,2.0298763327799976,0
-1.2499643832659513,10.16072699859905,0
-7.767590127752892,-5.852225701842537,0
-2.669617005028098,11.515186626132603,0
6.114360843606357,2.3817804315046494,0
4.859636920168245,0.5396057609752913,0
2.3667066336812694,2.0769989189734295,0
-1.9223405292524798,11.2047417540083,0
4.639270353905812,3.1697968047679743,0
-7.530101190610487,-5.630288496222267,0
-4.857414628179184,-6.3535618141222665,0
5.023333851082318,0.9820785486091184,0
-7.332051455960311,-7.647616629949757,0
-1.901301113336211,9.20089525135468,0
3.961544206892608,1.3590261526935472,0
-2.89707340491522,10.32035833206995,0
4.76780603860268,2.608896210381282,0
4.461197948620118,2.726060765434517,0
5.0995161543029175,2.886776901508766,0
-6.951956192453577,-7.617735858546801,0
-2.324227047979594,9.467042480275015,0
-6.398481300386083,-6.59281302052686,0
-3.5800500417371888,10.925705215338045,0
3.026510600023162,1.9808428772622384,0
3.719390048488523,2.8232060791303017,0
-3.7094940301085266,8.679784892357373,0
-7.667936455926234,-7.7502727510558485,0
-1.7671022510434433,9.313578708604814,0
-6.059653548804484,-5.933865921660632,0
-3.0487888437898816,9.909196684225147,0
-1.369642087027281,8.62692416364551,0
-1.4274308953799215,7.702066934766915,0
4.207241319894573,4.158900300663307,0
-3.3266057574670898,9.335577598955709,0
-2.730979026768886,9.983655430606376,0
-2.530564917401186,8.267074449050497,0
4.59189304137752,0.6058432226557762,0
-3.2760616610573026,9.082358397446942,0
5.611223120769583,3.3682715904430296,0
-1.6936966006084875,8.966197620867549,0
-4.98817207588205,-6.579522668636815,0
-3.9812346960795417,7.6404513032996615,0
-3.2485690305117867,10.206185462611895,0
-1.327629906633604,11.357940181010946,0
-2.4521844981556655,9.28287840706158,0
-6.464315713910937,-5.458606308042853,0
-3.3396420296093154,9.53680023346408,0
4.605306610742282,1.4619102260712047,0
-6.007922060089893,-6.689826683353525,0
-3.405530281644812,9.233588465398757,0
-8.169009280254663,-6.1452982497655295,0
-3.3053344262392454,8.064222630732194,0
-3.698609515920078,10.656959081454286,0
-8.169794605602727,-6.217115891223347,0
-3.331617555434951,10.135316795522794,0
4.150464601733681,-0.7721298697316525,0
-6.561371944567843,-7.208676109528905,0
5.689927877781528,2.2978279194432503,0
3.9885913712449197,1.0050410860884054,0
-5.1449453620696275,9.017661634795482,0
-1.5147502475438428,9.660292315312873,0
-7.103296465349186,-8.742322919724794,0
6.314149602299231,1.0722485653865792,0
-1.3357553464203054,8.741741406836512,0
6.23997668304858,3.5015012474269778,0
5.713245418673074,2.8427422025941533,0
-3.1878406843468534,8.6960486004557,0
-1.899671577844149,7.458912394357079,0
-2.4305624327366595,7.0160854436662135,0
-1.5938073474925885,8.464745853602787,0
-4.94153229175813,-7.82164351354369,0
-7.428481050783523,-7.366602208821432,0
-6.6340990190951015,-6.321551439994375,0
3.201158735171232,1.7479070414493785,0
3.0336220478261433,2.3681276542640393,0
-5.972094890358573,-5.789865309617882,0
3.865076658092572,1.4405629272672356,0
-8.073339045395548,-5.884326083118456,0
-2.975003192170913,8.863448416631627,0
-3.117203765990074,7.999806401490908,0
4.909963247575865,3.0612621471493213,0
-5.985865393763439,-5.259950908319239,0
-2.3062746022014506,7.49854201320109,0
-3.7530608584440355,8.321380930402414,0
5.677891363544063,2.7373828872795873,0
-4.8295132212831735,9.796915954514839,0
-2.9214183680772203,9.927759860215728,0
5.048943774562159,2.639797567397623,0
-3.3559913411211553,7.499438903512457,0
-2.6329303031525066,9.472091738124107,0
-1.7263238881041776,8.583160558623222,0
-2.6513441599932963,9.35297344612001,0
-7.464126406773221,-5.541859962513871,0
3.654145802800627,1.1993891050500742,0
-1.6798738504698878,8.382634603684677,0
-6.210551936654905,-7.301043157859713,0
-5.510512823476519,-7.27426768980202,0
5.473036602857536,1.3429203889362957,0
4.482642444199549,1.9142433294176804,0
-4.151127445854663,-8.24351384061346,0
-2.486566770375881,7.608723074342035,0
-7.745016696196497,-6.895887282175617,0
-2.042652311602623,10.36051188440107,0
4.777220160793206,3.162812329425968,0
-8.962099167853943,-5.5266745303681954,0
4.263456281639906,2.289237553670683,0
-1.2211218982003726,9.028795127460976,0
4.440816282468232,2.157996717562386,0
-5.774313289657982,-6.83560751095671,0
-2.2598139393419947,10.591739407961796,0
-3.1718213819985968,9.584884796791481,0
-4.421452598472527,8.945652082112852,0
-2.141577782843039,9.162375547996598,0
4.180847163049201,2.554893048911238,0
4.272094309657046,2.6757029978745877,0
-2.4716557815659286,10.106091467272968,0
4.4470727489206885,0.6336517603756948,0
-1.4823030047948358,9.613863669443678,0
-3.760396759686428,7.481767851368658,0
-3.061458875165359,7.917142478569508,0
-6.641069659609466,-7.313541230916091,0
5.531222737833348,1.7688139572950836,0
5.161899471338868,1.429968183564395,0
3.801298176746599,0.6631821722089644,0
3.80247311091261,-0.13371943068534886,0
3.9814052409668452,2.1470931959158843,0
-3.38504002954786,8.208486473314117,0
-2.319616006454007,10.015332220765462,0
-2.3087379916390214,9.623191484452953,0
-1.8496661534636119,10.780797928525955,0
6.5377661288868065,1.859357145526974,0
-7.735159861056886,-5.700571325668209,0
5.50867717453365,1.996274029941463,0
-4.824817372512621,-5.731094897223547,0
-6.8309433062497265,-6.41664923760973,0
5.73283794712477,2.943632320847398,0
-7.446430643247088,-4.807511052513428,0
-1.7841018362047532,9.53046441531328,0
2.8717219244748695,1.6724953234970494,0
-3.2820752908763593,9.421338415322857,0
5.931347725293465,2.2801727439460935,0
-2.6773414416375396,8.542195550501194,0
-3.7700815773877956,9.932148075253098,0
-6.48977954177385,-7.243358775528777,0
2.4785749499257395,2.455703393761917,0
5.942469233014333,2.110831624808778,0
-5.633462193273325,-6.569271195737157,0
-2.5651180715749633,9.35224365643044,0
-8.283943607847439,-7.463830238965373,0
-1.519031384093461,8.79715505325212,0
-6.214521139629791,-5.779309787853229,0
-6.273477491392801,-8.355722339658886,0
-2.290233707196775,8.17246449633017,0
4.627881491600378,0.9951466604181638,0
-6.512098143589858,-8.204970897126186,0
-1.776368541231005,7.740054009121526,0
-5.146185851767007,-6.645915441777741,0
-5.952627562417101,-7.555827595691478,0
4.03584895075333,2.1923738715743206,0
3.446905465208965,1.5804434455149146,0
-0.8558879858742197,9.637373476087417,0
4.273161167652068,1.6263056960161215,0
5.621028551798455,1.5862402373407847,0
-2.5356033800116773,9.294447287017928,0
-4.330283692347247,8.416618444943465,0
5.406267312800501,1.5592747416658752,0
4.832740679378292,3.4915917145929116,0
5.84910948345204,1.948883188270706,0
-6.254398720278168,-5.715633746225941,0
-2.591348801445319,10.131581959786448,0
2.5372781443070793,1.2996300360434891,0
-4.57428066930907,9.04274370938148,0
-3.8399027543836763,6.836318396003634,0
-6.312866810033612,-5.811467373685861,0
-3.114104386980925,9.512074437616098,0
-7.403079620985727,-5.586961518254675,0
4.3550894267127065,0.9759047259723166,0
-3.6924561357185253,6.975053950438221,0
-7.160821203348699,-7.139193652356577,0
-1.5954260016671644,7.468556341507588,0
-7.425353231787464,-7.063200377887231,0
-8.172593203554799,-7.897354962562789,0
3.224354769314395,2.9510419561518697,0
5.585766992782741,3.046791627848304,0
-7.618342456693656,-7.420248632739557,0
5.463302020790413,2.9188031115083617,0
4.998933929708468,3.3073988781134225,0
2.181709405679083,0.9924048402781943,0
-3.6013188234013174,9.149624476090612,0
-6.688703459396164,-6.772964263538379,0
-2.9592630945319938,9.63713606054582,0
-8.87961375146156,-8.978297056547149,0
5.37398517203535,0.43546187541072956,0
-4.329957900854766,8.308512645102956,0
6.196294871799868,2.906065039134541,0
5.655506720222572,2.1606290660296428,0
6.623512488664121,1.9850501184585239,0
4.563980051148441,2.053489256565944,0
-6.801053970190145,-7.45733054965806,0
-6.785450721977628,-6.139776170719468,0
-9.55961167711574,-7.173676429866833,0
4.2644713897441395,1.9243398480070288,0
-6.633443246855303,-7.798425730604348,0
4.322776003654136,1.169735409769475,0
-7.372071303563487,-6.420064202392391,0
-1.3732497771089283,8.86028846300049,0
4.3076061349780135,1.3606187815866702,0
-7.583364147876233,-6.866273870053552,0
-7.4551174042473916,-7.813580751700988,0
-2.403303169937516,9.598699108670806,0
-5.8964487101522485,-6.867719517081939,0
-1.778238646676534,8.363626300829939,0
-1.3501235580968525,8.67803138951725,0
3.8305321514332213,0.9474462889661246,0
-3.9118028948524435,10.76386287138526,0
-7.814236103741502,-5.68395937174982,0
-1.7801339780503858,9.365451595825405,0
-2.456939132555267,7.953681061801721,0
-3.227116513800352,8.78376150301807,0
-1.3510867495526824,9.805948822161257,0
-7.161704248027618,-8.015541902306515,0
4.843360839680389,0.5623673988497728,0
-8.45190297087585,-6.781222377420763,0
4.655002097812655,2.309492653262013,0
-1.4204279688360781,8.637985403273326,0
-1.8164285912038896,10.120119194493034,0
4.471578413056458,2.5722730158043268,0
-6.750180548603826,-7.1226260428019685,0
5.195277696879842,3.0564314602350358,0
2.513045348428836,2.00479165785098,0
-7.8018464682859845,-6.904807236360939,0
-7.500761989947511,-7.823072965725711,0
-1.0803399152391828,7.540153996156215,0
-5.406643613521441,-8.300411373346641,0
-4.143120582112037,8.589454780672684,0
-3.662530026258495,7.326941781087611,0
-7.082783557485051,-6.5699230764472425,0
-8.433083324814536,-5.875280443792709,0
5.022312151920636,0.6610064827452142,0
-0.9580456475302273,9.12996076249118,0
-6.224985198326767,-7.276805773241153,0
5.519944799185444,0.5393638600123176,0
3.3301468618604693,2.4546773149320376,0
3.859474230299474,2.0906873030988287,0
-1.158124730639611,9.900477316783117,0
-1.497734587644394,10.355762043729202,0
-5.492846533866059,-7.562852438080181,0
-6.36186937544243,-7.553096812441203,0
3.730189047819767,2.7326697214568543,0
4.578102773957541,2.136597504326863,0
-5.982919412782566,-7.5494758323947,0
-3.5813366350383573,6.092935644703714,0
4.588369642474174,2.348529380085205,0
-1.7535317843084357,8.792397856906053,0
3.8254806487817774,3.4740127142211104,0
-2.7203278618804445,8.027106601047137,0
-2.34934123105535,7.986610987272363,0
4.332301446664357,1.005417344393632,0
5.661841612906243,2.184379083165189,0
5.935027380423445,2.3781110377560752,0
-8.473809870876671,-6.849840922167328,0
-6.553031231234914,-7.393422682281607,0
-3.513338389804818,8.246488563094193,0
5.989057885116806,1.9976015241187661,0
3.5122878850193384,4.421756672114789,0
3.956029935728525,1.9640106454060768,0
3.5160004311025075,2.351215944368615,0
-2.7029030028577123,9.554574072234017,0
-2.120821893822582,8.919461896917449,0
-7.425241347480023,-6.3984957475878526,0
2.27085452464685,1.7758145286060678,0
-7.547011245511398,-6.519978641998384,0
-6.769078071599139,-8.357881701029264,0
3.218528890909554,3.7254615930627635,0
3.719520219921176,3.030228695297309,0
-2.501317438358022,8.688675076049819,0
-2.9522416441812327,8.534793160799078,0
-5.9784835606220454,-5.256248180953804,0
7.361790984134594,2.8176255560123975,0
6.014490103804656,2.332850531627053,0
5.476362974193043,0.9054471069021868,0
-7.128350615233803,-6.045120165897361,0
-3.945107146921278,7.698470311770814,0
-2.4273682645051853,8.91539647500718,0
5.156041859154571,3.0385944075383122,0
-4.453541577298218,-7.407881469221373,0
3.3857178492324973,1.4181529823966226,0
-6.834804059218985,-6.217431235589782,0
-2.0144919692777177,9.397721159601966,0
4.298785904086493,2.9951328390007355,0
-3.348415146275389,8.705073752347108,0
-6.095895794398393,-8.278207607957821,0
6.045526433736065,2.1739082246991215,0
4.858217586670262,2.941101632705722,0
-7.197807908677953,-7.146126288836293,0
7.170248504869791,1.745277125174898,0
4.58022452423591,0.27150382565331577,0
3.2204944804320608,2.1971646528417805,0
-2.874519174364859,9.19896643406323,0
-5.363682044857036,-8.306592749897112,0
5.9084620718755705,2.464582440296259,0
-2.217004894726377,8.826957109791946,0
-3.417221698573961,7.60198242686303,0
-6.685957172803102,-6.2378313366049145,0
-0.5135301332687858,12.124204684203683,0
-8.486086092191684,-7.368417379987438,0
5.413436542434915,1.4774637373658324,0
-1.8755365982786913,8.316086453587271,0
4.942850709815384,1.38400929595179,0
-3.464320202402103,9.437885193791782,0
6.1772755669123915,3.3872800745475136,0
4.316803093551076,3.3087401394774885,0
-3.243371421831246,9.096281684611881,0
2.8013602129560304,2.8712870080630797,0
-5.639243756545849,-7.912107484641186,0
-0.49392251259211006,10.304930589120868,0
-2.9293844401486075,8.732501519337815,0
-8.818427100532848,-8.01555378761307,0
-6.133253949325898,-6.915426452870842,0
-8.046449960685337,-8.895118032783037,0
3.977187352740066,2.059930759403379,0
7.582927171496722,2.6976607443224596,0
-2.9210209920164076,9.14621409497028,0
4.1407398847577355,3.1703377111885853,0
-6.687633402529003,-5.2878845196271715,0
-3.190577858122324,9.982112152223525,0
3.236262625156291,2.9224328582230408,0
5.7461103950880705,2.1738683782296104,0
-5.792763701429434,-8.596607170419812,0
-7.2265015830413635,-8.559745090982577,0
-2.7778433763624926,7.177926344427924,0
-3.2472547067141417,9.195537290800372,0
-8.637050561554025,-6.5690705279078685,0
-1.982660939380443,8.53687542200552,0
-7.065363954569769,-7.9928736715970015,0
-6.863006209788856,-5.996126432806279,0
-6.2150747767570875,-6.105336203201589,0
-8.382016172840787,-6.772923128493531,0
3.785958538707383,3.9352380458392604,0
4.236175402230194,2.802318719000274,0
5.300221890790783,2.7207158097271913,0
2.254765137535065,1.4079109447303284,0
4.662229391194467,0.9865106562166216,0
-2.952461087870653,8.72571101104422,0
4.7232241872031935,1.6397896283330664,0
-1.1837655139576717,7.607471118700783,0
-1.42914156391344,9.957074642338398,0
-5.52033576681476,-7.900078312043635,0
4.204089106604465,1.1317201698117234,0
-7.1451500525846185,-7.785445760790799,0
-2.3859928162682644,9.56577150423879,0
-3.5493963340082235,9.713101798478798,0
5.0421469134293995,3.294165473481442,0
-3.174619921182211,9.736189613636462,0
-2.2438352736531217,8.43152747058674,0
-1.9119694047993654,8.06593812397412,0
-7.307461406869143,-4.87716250919966,0
-8.75368269388249,-4.683777358753424,0
-8.47445304605209,-5.567385524003285,0
-2.7326636054246025,8.664969332080124,0
-3.670981466965114,8.731147231454555,0
1.6856298949860702,1.3314425402886028,0
-0.6246113171181411,10.55752965647051,0
-8.620327797531605,-7.2791801325190395,0
-0.6050610334797433,10.640245043560384,0
3.9828435992107774,2.9677279196823534,0
3.5414696182655487,1.3540467356908004,0
-0.7702979592551713,9.993144178980117,0
-7.220826923844566,-4.576019809726757,0
-7.381273869947727,-7.124324633451616,0
3.923911613044159,2.058215544140914,0
-3.684792228677602,8.119216285921716,0
-6.42378951276313,-7.43616215075535,0
-6.873842076324617,-6.78999916404486,0
-1.530308064495971,7.642542998934816,0
-6.817180214488141,-6.3295359995743485,0
-3.748304698706651,7.546760862445882,0
4.25824774081489,2.7132953480459765,0
-4.361040354627409,9.797875792996928,0
5.389624311666449,-0.04173154856587624,0
-6.159613659315019,-7.287770171841881,0
-7.227935586195276,-6.687740666238436,0
3.502845953080614,1.151354855519386,0
-1.3320126598684112,9.151032775597551,0
-5.695327759994544,-6.623390420480206,0
-6.924225863146494,-7.586094758774857,0
-3.409818357700619,9.652678053806705,0
-6.1045377794056295,-5.368786794072744,0
-0.5608549782629371,10.039395280780095,0
-0.5327570385372646,7.45004451648727,0
5.403546985947097,2.373906937632345,0
4.893562390526198,0.6584208236303091,0
-2.3339108441188263,7.677560689322391,0
-6.212271906696592,-6.698997304386516,0
-5.858169087135893,-6.057767294588395,0
8.017261755310747,2.649677160380707,0
5.417676467105816,1.2408701342036434,0
4.848732378762433,2.0313824110257883,0
-7.296332674742327,-7.269871729392378,0
-6.7494977530532285,-8.384258124223926,0
-0.7437433827716533,9.419267839159277,0
-5.770255621691985,-8.019291717539696,0
5.69598008789809,2.7614613405767354,0
-8.022109089269692,-6.391589454801938,0
-4.944509954835638,9.698449336807276,0
-2.6565378496742564,9.978211551253892,0
-2.4810164656836218,9.005167131554119,0
4.699788610307605,2.0969243264650093,0
-1.6904199792978896,10.552218046610875,0
-1.765545847512577,8.809409464333605,0
4.034198836292303,1.9411273132602451,0
4.290453885592394,2.876227850677665,0
-7.399452413324809,-6.6916695128551895,0
-2.983036970123666,8.999833857320043,0
4.274201753697581,2.477440431979116,0
-9.44412659451772,5.847149383547203,1
-1.7862476285170104,-8.079640342927306,1
-7.50551560424026,-1.6579443003228267,1
-2.3753948296927385,1.8387128838324092,1
8.559904653347896,2.2409934596234837,1
7.6428232258564535,7.984590932025746,1
-2.0874697470744312,0.899839824122111,1
6.842854788174119,-3.2512755988463056,1
8.28167712580083,8.661803252834055,1
-7.259199363123841,-3.2089499880568972,1
3.401333207397837,-0.7341782380641639,1
6.934511067731432,-4.541223084658695,1
-5.668349847346428,-6.278230211896918,1
4.840764656277454,-9.863557797579993,1
3.0819334655352133,9.992773617751197,1
6.470963882915079,-7.672456673328158,1
6.37435393053326,-6.861071927826075,1
7.925056586266521e-05,-9.1503018824314,1
-0.8645743848080745,4.183126343341728,1
-7.275081696954913,6.495776074542473,1
2.579109227144192,-8.8849757627355,1
7.786770233751604,7.23323911976161,1
6.916193914039244,-2.304209574050038,1
9.342912414584376,-1.017427446865824,1
-5.336331015071711,-3.1916601077797813,1
7.545525634647511,2.28758256701788,1
-3.564414556488331,5.2100644319630725,1
-9.477561411971685,-2.088953862880725,1
6.752349549237216,6.51154903929676,1
-1.9611552660704632,-3.7320853656510744,1
6.447447634838149,-3.2930835321790504,1
-3.9821725774580097,-4.253714298893259,1
4.50666770899911,-2.7264523220224817,1
1.859241020950705,-5.476815453577641,1
-7.523438040805068,9.671349403789126,1
-5.314617976894218,-7.050959381822346,1
0.09831670707207252,-2.6265876659567695,1
-4.308298023012704,-3.5400712299669106,1
-2.922556655991211,2.4628736203095727,1
3.9330071763750336,1.534718417408369,1
-8.208058143220175,0.36499477443969575,1
2.4080460671241095,8.144887897129575,1
6.5900194572395066,1.5669968422073683,1
9.139279848646972,-9.034613504222014,1
6.664122759053047,7.68792424998794,1
5.416417339019926,4.495300644945711,1
0.1425515686912675,9.076781784952917,1
1.5658394250675638,-5.359580689840364,1
1.2719471143306649,-6.091549515915844,1
-0.7976105325132377,-2.1882357310687173,1
4.239968415886908,-2.082542916080115,1
-1.4356567230578587,-9.204562116645445,1
-4.347686886416033,-8.466229316346565,1
-9.136599579688852,-1.580868265668256,1
0.16629374998781188,-8.852346725349411,1
5.15278090853843,-7.64487256760777,1
-4.14444423608934,-8.595437997050901,1
3.7792154089102503,4.249932975612204,1
-7.799417347269706,6.775577676736241,1
-9.480937062153917,-1.8887476829023235,1
2.6591607364305343,6.400176947953263,1
-1.3681076899402722,-0.9207231650225296,1
-4.951098873900641,-3.0784901746887066,1
2.4886400255381442,-0.6117144693710781,1
-1.8795927638069827,3.886242810625644,1
-2.8561013650887475,-8.973800168461077,1
1.8395031957231023,-0.5932896966854599,1
1.7120643935669015,-5.626522848577087,1
-4.117347738938983,-0.3411429177620402,1
-8.865138546053144,7.586076041337144,1
4.338177230504991,4.7052656853969985,1
-9.249105877459755,-7.490915985509597,1
5.747956089799311,-8.537504013817054,1
-2.8217705905289474,-0.2896750748458956,1
7.27035923288113,9.488286410841145,1
1.1086079180516872,1.4830367914395222,1
0.9630092345961483,-8.525858269258535,1
-7.410220845779472,-6.038375419758111,1
-7.74777422763848,-1.243627411292028,1
8.425380943728868,-6.505060505348057,1
6.306818639236102,-7.8763836491428085,1
-1.7676893181323816,-3.792384563776987,1
3.664775132749959,-4.367827964392459,1
2.5680973887867786,8.133084395321614,1
-5.2909267083258555,-2.5142003259887824,1
0.6971157449226766,-8.470483192445952,1
2.9926812927741526,7.193808054658646,1
-5.469584029463177,3.8016851773092224,1
-3.777848693677055,-1.8054240129594046,1
0.688607829714341,-5.77002349429264,1
-1.3311663184149651,4.771390043278052,1
9.633850440792052,-9.285125187055804,1
-3.3244268075737793,4.028173786066393,1
-8.594130785136006,-8.540370177486142,1
-9.800824868493798,-3.6958107134957547,1
-9.850603131981238,-8.86508349812998,1
9.178687914838907,-0.45072170688639446,1
8.56431904171464,8.775206634197382,1
-1.7417903947400681,5.728239173949866,1
2.545349498838478,-6.4038019110982525,1
1.2132318591558153,4.190682240521804,1
-9.47096191747578,-5.890904141353131,1
-8.733417314044233,-8.493556572837502,1
0.8653914952634718,3.338859736132754,1
5.087344265636123,3.437618730405985,1
4.377292724017835,-4.47370469580453,1
-5.497727323767803,8.87638903388845,1
2.5683436366878993,-9.215360136983083,1
-5.302345291052224,5.826903597228066,1
-3.8217569161376925,6.667229655090871,1
3.1378952243972673,4.9910515509569375,1
7.844904104911414,-7.9063207289555715,1
-9.50794309889247,-4.250252089958333,1
6.620404378837378,-9.198747131490542,1
9.320757543003506,1.7039547375215331,1
-7.828879290114954,5.864015546449261,1
2.502367422375926,9.920785543304603,1
2.420453462933125,-7.511709073794497,1
7.894713599932523,-6.936237412915851,1
0.10341585450024482,-3.4091563076443165,1
-2.4766954565578247,9.314330073278189,1
4.110095793595775,8.399578930158007,1
-9.338076815822676,4.44449701373464,1
8.593494165362628,4.01942028209908,1
-3.211559589034561,6.295719894867553,1
-4.423636813312539,-6.592253868213865,1
-7.294172654868589,2.6886157014322425,1
-0.12852632836841416,7.452742994903417,1
-6.967724851459556,-9.014490290218129,1
-4.850098385771298,-8.969458000142351,1
-4.054017144760424,1.3147070576845756,1
4.579677070020924,9.550696919218701,1
1.5452353849155038,2.5768738948752006,1
4.548686295901332,0.008828825341103297,1
-9.021841547786254,7.44527445863848,1
-2.956326550668642,-7.750106828062724,1
3.5550071181278255,5.668480909082913,1
-2.7260753490248373,-3.6640231693860486,1
-5.008622873099351,-9.712625626401445,1
6.605927436819012,-3.221188299028384,1
7.100273391887015,0.25823925213227383,1
7.193821647537568,3.963695681318594,1
9.644904323774544,-2.163462769074041,1
1.5943895613948627,-2.359286789141379,1
5.870444877461852,7.375622427196461,1
9.64241287102044,9.057635052973684,1
8.550635533338287,-1.7123626736323043,1
-0.9858849105798289,-7.336951373245213,1
-7.8269648250006085,-1.9419250876421206,1
-5.806617848489104,-0.13259022193839165,1
7.118019644968623,-8.523835760879575,1
1.4584293190676334,-4.1931009507783195,1
-0.6093605799904012,6.634087557639159,1
-8.536850531947058,4.398190850410753,1
1.6328077464133468,-7.385473512343081,1
-5.329811915567182,-5.164301237988687,1
-1.0771327976973861,-4.537181855653596,1
-7.785384617571863,1.1738094523835372,1
-3.8389401842652315,6.608119164669777,1
-5.310630773486295,-6.820608215888906,1
9.811196874382738,9.632983613169579,1
-4.551538781347306,9.29364542817115,1
-2.0950868499152264,8.83834451573371,1
8.267554823554114,7.918047587139579,1
3.587199646516968,1.394042304746117,1
0.13283631739976975,9.49978207029487,1
6.490392425247013,-3.4971307353688807,1
8.845344079093323,-6.175878238353021,1
7.116265142561499,-4.006173174812941,1
-8.263038809476207,9.835784979114038,1
4.1831182310332,7.277510305382414,1
-4.290514043742486,8.090944791146253,1
-1.3567656101070096,-9.811418461267396,1
-2.6618026354405,-9.977688679515357,1
4.943924263619884,-5.323843908646378,1
-4.408564151889822,-9.084295418462702,1
9.944609929738377,5.943970308441145,1
8.245523491285962,-4.293404823940961,1
-8.601035052142201,-6.950031361769094,1
5.746167303639568,-1.256911260309927,1
-1.8986592746452082,-0.29835703693898274,1
-8.971086499609475,-1.5622807917624577,1
4.801201539154702,8.323880306704105,1
8.671320004002968,-0.6093144295965498,1
-8.53419142313239,-1.0185416363857982,1
9.60751431968367,9.922780622816916,1
2.630878235691565,-3.9305787877157243,1
6.196312435481104,-5.134234184581247,1
-1.2151279153159535,5.1124212334144445,1
-4.445896613101096,7.283630047709181,1
-0.7747936267769084,8.494395011980277,1
2.7011972534325785,-7.837144176297876,1
6.227150442078894,-1.8012832751541232,1
6.223522619695622,-6.18370809399476,1
1.3464982792740283,-4.1011604535922785,1
-3.827680818109547,-5.453669740483329,1
6.4333635528990065,-6.713801304698082,1
-8.305929232771858,0.9652254189612961,1
-8.62593444178854,5.72773453649174,1
6.013823199041351,-4.053045434141184,1
6.102834414178179,-4.809079743443656,1
-7.347293324732773,5.83858732929912,1
-7.944190872447592,4.062384706367313,1
0.6326980579330428,-2.165736790856063,1
6.133225090894928,0.9550916761748027,1
-6.957618329503623,-3.78142101135132,1
3.8789097014817475,6.919338249146364,1
-9.109697464625112,4.4948800325531195,1
-8.833128778912373,-7.74385854049275,1
6.791100696234828,-3.821813430019059,1
-1.1674827441523998,9.664362844058736,1
-4.4721131854717555,-3.933789211134635,1
9.885524652644428,-0.8442969528237079,1
7.914928755141879,-4.367757000254809,1
1.4852642300391228,-2.772736567187448,1
-2.0369103009448715,2.756171154402608,1
9.344529270564191,6.397135263197342,1
7.696957466628074,-8.437341818499233,1
9.017987351210415,-6.4369018073711315,1
-0.07185706782495238,-0.8023871071297801,1
7.987556863301524,-2.8461555669148453,1
8.166752708382052,2.2873220724539944,1
9.077807009696542,4.105161744125015,1
3.795061600832687,-8.635411041046332,1
-2.836663021457568,-2.827212397536629,1
7.20662720650806,-0.11607193069180255,1
-5.391485668068721,0.27068079276664925,1
8.199889233667285,-1.4724586035917415,1
6.479830779718938,-4.83260179370669,1
-4.959236643169409,9.72616587010836,1
-7.672661032645163,-1.2853126926874836,1
-5.219168425891336,-4.04278414984131,1
-8.507008019468907,2.109936896469275,1
-4.069997210439967,7.09664118480341,1
6.920195540180096,-8.332487015551235,1
-1.988932875003579,-3.9084693407292086,1
-8.502473852115882,8.540776657940604,1
-8.525415270869628,-2.2498371804129764,1
-1.6362636868816534,3.1948941559609683,1
2.9340425124948304,-5.301449424103087,1
5.77611400112152,1.8976221219833977,1
7.8746742303294255,3.8809971105341994,1
8.734926916423206,3.314647227117309,1
-5.297097810059814,3.4973582646878683,1
1.8037007274646903,3.36906344209525,1
-1.038564061031913,-8.95347162559846,1
-4.515630860789268,-2.1910532057138354,1
7.56822152923667,-7.802654080747762,1
5.308244894082549,4.956059329146438,1
-6.965847994202139,9.721027454058241,1
6.870001135786534,-0.17874443383424854,1
-8.707517009496105,-6.171594094162138,1
0.9494894826581675,-6.22533387512251,1
6.850519576797758,-5.568062648222359,1
6.737833581088001,2.565497354422403,1
5.651008210582642,0.4919104545061952,1
0.8594231409887385,-4.962908517509385,1
-5.0303500670560926,7.658766743610556,1
-5.779554163173142,-3.079849276787108,1
-5.010508338000877,3.9032015677351612,1
-9.045723834350483,-1.1530982042382512,1
-7.969094318005936,-9.160210310870172,1
6.608470657463343,6.047087982798061,1
-8.345281110369937,-7.357848449349344,1
-4.551401866268188,9.65486109300658,1
8.183720480811665,6.490207025609777,1
0.4128298300062543,3.171232509361957,1
4.6873464956618065,9.633131424412035,1
0.2024083298563326,-8.904719424462845,1
4.917317330953072,3.5305661576123963,1
-6.8328997023128535,-0.39105534479207726,1
0.9891064799758844,-3.8988422730948624,1
5.278422138571614,0.7357539305905281,1
7.696477911059048,-5.58637297572897,1
6.762196479513307,-3.861165714140302,1
1.9827606363665051,4.926044210263177,1
-2.6677374215426735,-2.321156122293666,1
-5.769991647702892,-4.383335009176646,1
6.710972771415982,5.057471270900519,1
9.564722405726474,9.363065809850685,1
3.4202966013292517,-6.403794636357443,1
-5.664060452705901,-5.400686481269263,1
7.630938375687741,-3.9546979570427077,1
-9.399611836207209,-6.812978231734645,1
-4.3269822807867175,1.926447831327419,1
7.026961913830114,-8.491180714471312,1
5.073899056511822,2.4852985372882213,1
1.2919992815724353,-9.93182591736261,1
8.136925236487269,0.36336812240831584,1
2.5093395924579163,-5.2089763812101015,1
-0.6459518546202876,0.38719939252309743,1
-1.778230357315314,-1.3224059249853894,1
5.002971412467318,-8.55269721628275,1
-9.482900710705572,-5.183216409281355,1
9.988934147227432,-0.2322007038022278,1
5.327527356772894,-8.635022429334159,1
-6.833111108942913,-8.610579915175354,1
-9.47757176584391,-9.50715564316059,1
-7.883784830880261,1.2521406063883216,1
5.629636328772056,-2.790236898511864,1
6.449036206594613,-8.832070866132103,1
-4.651826551141152,-5.907675087757534,1
9.707787342308169,8.844259629463693,1
-7.35378677647514,7.530324444073525,1
8.896334020464764,7.519102489446922,1
-5.539687640207749,-5.320444327189831,1
-8.525376506474075,-0.3414183859567803,1
-2.9588376217798684,3.3101897367029878,1
3.379324130322793,5.2447518507765505,1
-0.33406993840476673,-2.7087013711152146,1
8.309693057802889,3.7066674021606474,1
7.107945011285139,-1.2881347103387029,1
-4.48066813536681,-6.195218696464426,1
-1.5153468313652176,-0.6319071072579359,1
6.264398921353148,8.39526697825756,1
-0.5998711487052439,-0.16128793456928037,1
-1.0751702754479666,3.044506487457495,1
-9.30238647587946,8.328780356181056,1
-2.29083043326799,-7.455985542159298,1
6.280044158219983,-0.31193344611368623,1
5.124328328269028,4.327762045859558,1
-0.3180569796844175,1.7294751315349934,1
-0.512646042863107,-0.46069187196329153,1
-3.4757437542513037,6.908765916933362,1
-6.3268840032448015,-0.13547250929657295,1
-7.355553182843913,9.548301355001986,1
3.423499171367691,2.852071647987678,1
-7.0506894450111695,5.991648425500717,1
-7.469041107810677,-9.996136499637618,1
6.301468706086787,-9.242346774637403,1
-1.2340441337093662,5.7935846228229515,1
-9.083605817031895,-4.378723607115223,1
-8.288075207876231,-8.604922071015226,1
2.188322914688465,-0.7422215940235493,1
-7.2399762282378255,3.068230881540753,1
-0.7877568559016588,-2.842965007856659,1
-5.21719910123263,-8.105752041365825,1
3.304643399072864,-1.5931564723804605,1
9.795449376049902,-4.123107496744833,1
8.729094813867523,-6.645390974219037,1
2.043506226071541,3.0234681061055557,1
8.197720125465928,-4.531597541080155,1
8.160367383209618,-7.611666242142119,1
-5.560444807628107,1.2398658228805282,1
7.925908554172761,-0.5475294146917005,1
-9.19001062926105,-1.4151086060022084,1
0.6498743413145434,-2.8063998938885737,1
-8.036442730987313,3.33962835430863,1
7.103338322091076,-2.7181879795242514,1
-2.5496399952172855,-1.881787900414217,1
-5.24586983253728,3.2900825985637017,1
4.6699917190892535,2.259234000383195,1
6.22256715593792,7.391573682234927,1
-5.361657622562439,-1.6296772599431915,1
3.1212186858256867,-4.543403325335782,1
-7.523835365787708,-0.5742631987971833,1
-0.21624506110885555,-9.814146302788735,1
-7.343672452718906,2.1810500874025287,1
-6.087421774714108,9.808976716574925,1
3.782756710449526,0.7261566580269534,1
4.8810963124260525,1.770124474251805,1
-6.236726529296906,-7.846125337023134,1
3.4611935558812768,-3.2765218673104224,1
3.6559576008093746,4.3673299727266475,1
6.140859407000821,-9.328170707009455,1
-0.9606762220957794,-2.636306077766446,1
1.8851696898598629,-4.213402536947346,1
-7.030986474788747,-5.771881059660897,1
-5.416900244433338,5.243106431835887,1
-0.007063283760881944,2.573420916011113,1
-0.9972290956388399,-2.164649027890208,1
9.208786022838137,4.5314846421677295,1
3.9470943527781053,9.378840288382115,1
5.335362125154244,-9.833635796544378,1
-9.632409625357273,7.52258407172533,1
-8.972496859469455,6.280840730699172,1
-9.941279841935664,-8.593380563197453,1
6.636825901028022,1.422944641661335,1
3.905834798397784,9.71790405780196,1
-3.3758072486848896,3.9762136525955665,1
2.6849882856767575,8.928391408050164,1
9.705685111832882,1.1901449844689154,1
0.3757210714276624,7.008969809891866,1
-1.8651670998240437,1.4314210009434287,1
0.7790037215469567,-3.7329074190899902,1
-9.18878058183714,-5.464465021190021,1
-0.34535249498572895,-0.9626600627754573,1
-9.154147770728521,-0.9625238377820544,1
-9.946311879804476,1.2166918814544374,1
-8.68682062685445,-4.346921167485811,1
-3.7855677808105215,-7.731937701707874,1
3.2036063851253793,9.97774852802814,1
-3.2337902957358207,-5.63227526681249,1
-9.456450679114427,0.8557911197328743,1
8.3308017321777,2.051771359934582,1
7.515933401645423,-4.205223343357545,1
4.648996528636733,8.979313683428419,1
7.384992891250281,-0.016689154299967868,1
8.835430226326615,-4.008856825103882,1
0.29583034998843694,-5.204420957828537,1
0.0302018123883272,-8.919620468556392,1
8.851444592244931,-0.19898993883035487,1
-3.5351851834311248,3.988289338018207,1
3.7198600828473705,7.103761421815452,1
9.122678102013147,1.3582931977887434,1
8.059584153552944,8.266915120062169,1
-3.7921464910878537,9.97305014541723,1
-8.412822681541046,-9.815151384714397,1
6.972481450057163,-9.133169049164913,1
5.373860475138185,8.659544349563603,1
4.813221138749489,-3.8640316607177354,1
8.527854081025023,-0.6509240266951011,1
-0.6653921517917478,3.4491181294098006,1
8.50318148428078,5.305000452602025,1
-6.625652692408428,9.34399036814272,1
-4.424960266722349,-0.764434886108603,1
3.2790540364842435,-1.7111514728679396,1
4.095992932585668,-3.783666135485742,1
-5.257600124235545,-0.7618097405681254,1
-9.343567662260387,-9.324458676762664,1
-3.2649907924413597,9.589990817444807,1
-9.442694854712766,-9.210772915939593,1
-0.9685964790904205,3.9801021331761177,1
8.345769057772689,9.152888115189796,1
-7.4306183299019075,2.0657220380164265,1
-7.554816693127339,6.3334862124045515,1
4.565131289429438,5.030032665871589,1
0.03940904510562149,0.8635110448125545,1
1.4330467339070445,-2.3498296355375548,1
-1.4050709625349693,-7.339361934561981,1
3.652266902027197,-9.198285512813495,1
-9.145302275985445,2.695257327406921,1
-2.284495237694049,-9.18536021470686,1
5.680394035839754,-8.138921266743196,1
-3.7015676660109147,9.872197450589017,1
-6.835732399636831,-2.1632711774141633,1
-5.029649049877893,-1.891530297980859,1
4.1127833241710015,9.977867687363712,1
-9.358732963337712,-2.3211689765072467,1
4.8982306363946915,9.010266492499756,1
-3.7464884073359634,9.861371302721597,1
-6.890982237262788,-1.8601062676915312,1
4.549729184541169,-4.266620583218257,1
7.003471079901381,-1.3056826572863471,1
4.336711652175431,9.424484139825257,1
-5.932548099495829,-9.862900144283241,1
-6.364643598333668,5.782956779946895,1
-4.373717581384648,-9.260012040254757,1
-2.0684804867327973,-8.620986946919214,1
-3.8110067941817576,6.134215255019285,1
-4.609092492276345,-9.816732120063765,1
2.4509752390933155,-8.875880950891826,1
4.753666512835931,6.738758498912507,1
6.571533352768853,2.2152530520124873,1
-6.274003899198544,5.200500516693946,1
1.7793710882108744,4.025483585733136,1
-4.1930809030519995,8.01288762289769,1
-1.0888021503671261,-4.694564059215638,1
0.3013113848270077,-8.36258209433848,1
5.336331171763133,-1.0054629697753192,1
-3.0235006533047937,7.027646712024975,1
0.024993366058431832,0.15151144359779778,1
3.4934851664891386,9.48108407712732,1
-1.2522537233025552,-4.159978741957597,1
5.111339669418701,6.046944657681006,1
-4.319043826085021,-7.23856489368271,1
-7.132489814304597,8.111805882816533,1
5.566490395231877,0.6690396462678887,1
9.07757748989911,-3.1885972599151486,1
1.2227551376407586,2.167350438247764,1
8.822695610027871,-2.73069744965889,1
-8.550366585251991,-5.926301921635224,1
-7.206885837529368,2.8825290818422484,1
7.176555148386164,-2.6346758293081862,1
9.748161742949542,-6.460739775705107,1
5.851757166254801,-6.58487822236647,1
1.8691822892836125,8.983627630985925,1
2.2957384073271605,9.481259694440567,1
-4.820859064721819,9.036920356672269,1
4.8498692634563785,-4.334469347593933,1
3.849963025507275,-2.421598746739619,1
-6.111569089929554,-5.828184946955903,1
9.088660665566955,-0.2614153719168293,1
1.0402767071302481,-1.55751233489487,1
9.0552411038171,7.519225947862861,1
1.8258896578826178,-3.215566970536841,1
-3.632485553971856,-2.359444689651675,1
7.989647370792298,-2.0497873240220414,1
7.804743485237982,8.277946376142864,1
-0.7893421733400956,-1.1789712900369445,1
1.7926855653467282,-2.4034964181348446,1
3.202726166591134,0.7677875879967111,1
-3.6022795932714313,-5.541817559239823,1
-0.9308606228689804,-2.648246992078727,1
9.019281796908597,-0.14186329859003877,1
4.050614732259984,2.4858601688791637,1
2.201045032334136,2.588547033636722,1
8.11991717271793,3.9818953168530395,1
-7.218285817077874,-1.5382634382340044,1
2.951658314839573,-4.680171401259534,1
